股票代码,最新时间,当前价格,趋势代码,趋势名称,key_high,key_low,n_low,n_high,rally_high,rally_low,secondary_low,secondary_high,break_low,break_high
000156SZ,2026-03-27 15:00:00,7.3700,down_natural,自然回升,10.0100,6.9300,7.6800,7.4300,8.2500,8.0700,7.7000,9.0000,7.4500,9.3500
000018SZ,2020-01-06 15:00:00,0.2700,up_secondary,次级回撤,0.2800,,0.2600,,0.2800,,0.2600,,,
000338SZ,2026-03-27 15:00:00,23.5000,down_natural,自然回升,30.1900,21.4000,27.9000,23.8800,29.7200,23.6400,27.9000,24.0400,27.1800,19.4000
000333SZ,2026-03-27 15:00:00,74.7800,down,下跌趋势,83.1700,72.3500,75.0000,60.5200,81.1600,48.7500,75.0200,60.5000,75.0000,62.1900
000166SZ,2026-03-27 15:00:00,4.7300,down,下跌趋势,5.7800,4.6300,5.0500,4.9700,5.4900,4.6500,5.0600,4.9600,4.9000,5.1100
000023SZ,2024-08-20 15:00:00,1.7200,down_rally,回撤,5.1100,1.7200,4.1400,2.1800,4.6300,1.7200,4.1500,2.1100,4.0200,2.6400
000404SZ,2026-03-27 15:00:00,7.0500,up_secondary,次级回撤,8.1200,6.7100,5.7400,7.4200,7.7400,6.9500,6.4300,7.4000,7.0800,7.5500
000403SZ,2026-03-27 15:00:00,13.1200,down,下跌趋势,26.0000,12.6900,24.1000,14.7600,25.7900,13.0800,24.1100,14.5000,23.5000,19.1300
000089SZ,2026-03-27 15:00:00,6.7700,down_rally,回撤,7.4200,6.1600,6.8100,7.3400,7.3000,6.4900,6.8200,7.3300,6.6100,7.3800
000040SZ,2025-04-29 15:00:00,0.4900,down,下跌趋势,1.5800,0.4900,1.2700,0.8600,1.3500,0.7000,1.2700,0.7800,1.2400,1.5400
000157SZ,2026-03-27 15:00:00,8.5000,down_natural,自然回升,10.1600,8.0400,9.2200,8.6500,9.8800,6.5800,9.2300,7.6000,8.9700,7.7200
000046SZ,2024-02-06 15:00:00,0.3800,down,下跌趋势,1.0800,0.3800,0.9200,0.9800,1.0000,0.9000,0.9300,0.9700,0.9200,1.0000
000014SZ,2026-03-27 15:00:00,15.3400,down_secondary,次级回升,25.6200,12.3600,22.1100,15.9900,24.4700,14.3000,22.4600,15.6600,21.5100,20.7100
000150SZ,2023-06-08 15:00:00,0.5100,down,下跌趋势,1.2800,0.5100,0.8500,0.8800,0.9100,0.8100,0.8500,0.8200,0.8400,1.2200
000413SZ,2024-08-13 15:00:00,0.3900,down,下跌趋势,2.7000,0.3900,2.5100,1.8900,2.6700,1.4300,2.5100,1.5900,2.4500,2.5600
000402SZ,2026-03-27 15:00:00,2.5800,down_natural,自然回升,3.4500,2.4600,2.9300,2.6100,3.2500,2.6700,2.9400,2.6700,2.8600,2.9800
000400SZ,2026-03-27 15:00:00,28.1500,up_secondary,次级回撤,34.6500,24.1700,27.5900,28.0000,29.3200,26.1400,27.5900,27.9900,25.5600,28.7900
000401SZ,2026-03-27 15:00:00,4.8700,down_secondary,次级回升,6.3300,4.2300,5.5500,5.6900,6.1700,4.3500,5.5600,5.3800,5.3900,5.1900
000407SZ,2026-03-27 15:00:00,4.9400,down_natural,自然回升,6.1900,4.6000,5.1500,4.9500,5.7000,4.9000,5.2800,5.0800,5.0000,5.8600
000409SZ,2026-03-27 15:00:00,10.2000,down_natural,自然回升,14.3800,9.7000,11.5100,10.3400,12.2400,10.8000,11.5100,10.9300,11.1700,13.1300
000421SZ,2026-03-27 15:00:00,6.9000,down_natural,自然回升,8.1800,6.3100,6.8500,6.9200,7.5300,6.6200,6.8600,7.4100,6.6500,7.7300
000426SZ,2026-03-27 15:00:00,40.0800,down_rally,回撤,60.4700,35.8500,46.8700,41.8000,52.3200,38.4200,46.8800,39.2900,45.5200,52.9400
000425SZ,2026-03-27 15:00:00,10.3200,down_natural,自然回升,12.9000,9.9900,11.5500,10.7100,12.4900,10.5500,11.5600,11.4300,11.2500,11.7700
000301SZ,2026-03-27 15:00:00,10.7600,down_natural,自然回升,14.7000,10.0700,12.7600,11.0500,13.5600,11.5000,12.7600,11.5000,12.4500,9.0500
000005SZ,2024/4/25 15:00,0.8300,up_natural,自然回撤,1.0000,0.6300,0.8300,0.7100,0.7900,0.6600,,0.7000,1.3700,0.7200
000038SZ,2023-07-11 15:00:00,0.5200,down,下跌趋势,0.6900,0.5100,0.6100,0.5700,0.6500,0.5200,0.6100,0.5300,0.6000,0.6400
000088SZ,2026-03-27 15:00:00,4.5800,up_secondary,次级回撤,5.4500,4.3600,4.3600,4.8500,4.7400,4.5300,4.3700,4.8400,4.3600,4.9100
000408SZ,2026-03-27 15:00:00,80.5000,down_natural,自然回升,97.2800,70.0000,87.0000,81.8200,94.4000,77.6600,87.0100,83.3800,85.0100,84.3000
000416SZ,2024-06-04 15:00:00,0.4500,down_rally,回撤,1.2300,0.4300,1.0300,0.4600,1.1100,0.4300,1.0300,0.4300,1.0100,1.1800
000411SZ,2026-03-27 15:00:00,10.8300,up_rally,回升,14.3600,11.3800,10.2200,13.4700,10.8400,12.6600,,13.4700,12.0200,13.8700
000410SZ,2026-03-27 15:00:00,6.5800,down,下跌趋势,9.1500,6.3500,7.0200,7.3300,8.6200,6.2800,7.0300,7.2400,6.8100,7.4900
000415SZ,2026-03-27 15:00:00,4.3700,down_natural,自然回升,5.6000,3.8700,5.1000,4.4400,5.4400,4.5700,5.1100,4.6600,4.9500,3.0700
000417SZ,2026-03-27 15:00:00,6.8100,down_natural,自然回升,9.4900,6.3600,7.9300,6.8700,8.7900,5.7800,7.9400,6.9200,7.7500,6.9700
000419SZ,2026-03-27 15:00:00,5.8100,down_natural,自然回升,7.0500,5.3900,6.2600,5.8800,6.7800,5.9500,6.2800,5.9500,6.1000,6.7800
000420SZ,2026-03-27 15:00:00,4.8300,up_rally,回升,5.5900,4.2000,4.2800,5.3000,4.9400,4.7800,,5.2900,4.2500,5.3400
000502SZ,2022-06-24 15:00:00,0.5900,up_natural,自然回撤,0.6400,0.5700,0.5900,0.6200,,0.5800,,0.6200,0.6400,0.6300
000422SZ,2026-03-27 15:00:00,17.2700,up_rally,回升,20.2000,13.5100,15.4600,17.3500,17.5900,14.7600,16.1000,17.1800,14.0100,17.7800
000423SZ,2026-03-27 15:00:00,55.8700,down_break,破碎,64.2600,46.0900,59.7000,56.5500,63.5700,51.6700,59.7000,55.0900,57.9100,57.0900
000428SZ,2026-03-27 15:00:00,3.9700,up_secondary,次级回撤,4.3200,3.0700,3.0800,3.4000,4.0200,3.2500,3.4800,3.4500,3.7300,3.4900
000429SZ,2026-03-27 15:00:00,12.8800,down_break,破碎,14.9800,10.5400,12.8300,12.7800,14.7900,11.2100,12.8400,12.7700,12.4500,13.0300
000430SZ,2026-03-27 15:00:00,7.3200,up_secondary,次级回撤,10.0900,7.4000,6.6000,9.4200,10.0900,8.8100,7.0000,9.3700,7.7600,9.6000
000498SZ,2026-03-27 15:00:00,5.7500,down_secondary,次级回升,6.1100,4.8100,5.5300,7.0800,6.0300,5.3600,5.5400,6.5000,5.3700,5.9000
000488SZ,2026-03-27 15:00:00,2.8700,down_secondary,次级回升,3.1900,2.6500,2.8300,2.8700,3.0200,2.6900,2.8300,2.8700,2.7600,2.3100
000501SZ,2026-03-27 15:00:00,8.4300,down_natural,自然回升,11.3900,7.9100,10.2000,8.6000,10.9600,9.4400,10.2100,10.3200,9.9700,10.4800
000503SZ,2026-03-27 15:00:00,7.9900,down_natural,自然回升,11.6100,7.5800,9.9500,8.2300,11.1500,8.3400,10.0200,8.3800,9.6600,11.0800
000504SZ,2026-03-27 15:00:00,10.0700,up_rally,回升,10.5200,8.6000,9.4000,9.8000,10.1800,9.0500,8.5300,9.7900,9.2500,10.0400
000505SZ,2026-03-27 15:00:00,6.9200,down_natural,自然回升,9.3500,6.2900,7.1500,6.9500,7.9800,6.8700,7.2000,7.6500,6.9600,7.7400
000507SZ,2026-03-27 15:00:00,5.7900,down_secondary,次级回升,6.5800,5.0800,5.7300,5.9300,6.2800,5.3200,5.7400,5.9200,5.5600,5.8700
000506SZ,2026-03-27 15:00:00,16.4300,down_rally,回撤,23.8300,15.1400,19.1800,17.0500,20.6300,15.7500,19.1900,16.0000,18.7000,20.7000
000509SZ,2026-03-27 15:00:00,4.2800,up_natural,自然回撤,4.8400,3.2100,4.2000,3.7700,4.5700,3.5000,4.1000,3.7400,4.0900,3.8400
000513SZ,2026-03-27 15:00:00,34.0700,down,下跌趋势,44.8700,32.4500,39.2600,35.8200,42.5800,33.5700,39.5100,33.5700,38.1000,41.0000
000510SZ,2026-03-27 15:00:00,14.8600,down_secondary,次级回升,23.5000,13.7800,19.6800,15.6900,21.0300,13.8900,19.6800,15.2000,19.6800,16.6600
000514SZ,2026-03-27 15:00:00,4.8100,down_natural,自然回升,6.9500,4.3900,5.1700,4.9200,5.7900,4.7800,5.1800,4.8100,5.0300,5.8100
000516SZ,2026-03-27 15:00:00,5.1700,up_secondary,次级回撤,6.1900,4.2700,4.4600,5.6000,5.5300,4.9100,4.5600,5.5000,4.3500,5.6300
000517SZ,2026-03-27 15:00:00,1.9900,down_secondary,次级回升,2.3200,1.7100,1.9500,2.4100,2.2400,1.8600,1.9600,2.0300,1.9000,2.0800
000518SZ,2026-03-27 15:00:00,2.9500,up_natural,自然回撤,3.1000,2.3300,2.8100,2.8800,,2.5000,,2.8700,2.3700,2.9600
000519SZ,2026-03-27 15:00:00,17.2500,down_rally,回撤,21.8000,15.5800,19.4000,17.7700,21.0600,16.6700,19.4100,16.6700,18.8200,20.6600
000520SZ,2026-03-27 15:00:00,4.2100,down_natural,自然回升,5.3400,3.9700,4.3300,4.3300,5.3200,4.2300,4.3400,4.7800,4.2100,4.8900
000521SZ,2026-03-27 15:00:00,6.1000,down_natural,自然回升,9.6800,5.8000,8.1200,6.2100,9.2500,6.3800,8.1300,6.8100,7.9300,8.1800
000523SZ,2026-03-27 15:00:00,3.5100,down_natural,自然回升,4.4100,3.2500,3.9500,3.5100,4.1900,3.5200,3.9500,3.5300,3.9100,3.9600
000524SZ,2026-03-27 15:00:00,11.9300,down_natural,自然回升,15.3000,10.7700,11.6400,12.2600,13.6800,13.5200,11.6500,14.4300,11.5100,14.9000
000525SZ,2026-03-27 15:00:00,6.0400,up_secondary,次级回撤,10.4700,4.8800,5.3700,6.5500,7.5000,5.2600,5.7200,6.5200,5.3700,6.7400
000526SZ,2026-03-27 15:00:00,31.5700,down_natural,自然回升,42.9900,30.6600,33.6800,32.6000,35.8800,36.7500,33.6900,41.5000,32.8400,42.8000
000528SZ,2026-03-27 15:00:00,9.3500,down_natural,自然回升,13.5600,8.9500,9.3200,9.6200,13.0200,10.4000,9.4900,11.4500,9.0500,11.8100
000529SZ,2026-03-27 15:00:00,5.7500,down_natural,自然回升,6.5800,5.4100,5.8100,5.7500,6.5700,6.0500,5.8200,6.4200,5.7300,6.4700
000530SZ,2026-03-27 15:00:00,6.0500,down_natural,自然回升,8.3000,5.6100,7.4500,6.1600,8.2700,6.0800,7.5100,6.2800,7.2500,7.6900
000548SZ,2026-03-27 15:00:00,5.3900,down_natural,自然回升,5.8900,4.9400,5.4200,5.6000,5.7500,5.1400,5.4200,5.9400,5.2700,6.0500
000551SZ,2026-03-27 15:00:00,13.2500,down_rally,回撤,16.3000,12.5100,14.3700,13.8000,15.9900,12.9500,14.4000,12.9500,13.9400,16.0600
000531SZ,2026-03-27 15:00:00,8.0200,up_natural,自然回撤,8.5600,5.9100,7.9500,7.5100,8.2500,7.1000,,7.5300,6.1100,7.7300
000532SZ,2026-03-27 15:00:00,13.4500,down,下跌趋势,19.0200,13.0900,15.5500,14.9500,16.6800,13.7000,15.5600,14.6700,15.1000,15.5000
000533SZ,2026-03-27 15:00:00,15.2800,up_natural,自然回撤,17.9900,15.9200,14.8300,17.2000,,16.0100,,17.1300,17.8000,17.6800
000534SZ,2026-03-27 15:00:00,38.3000,down_natural,自然回升,49.1400,36.8000,45.2900,39.6000,48.1300,37.3000,45.2900,40.2000,44.0000,38.4900
000536SZ,2026-03-27 15:00:00,4.3200,down_natural,自然回升,6.6000,4.2100,6.0400,4.4800,6.4800,4.3100,6.0500,5.1200,6.0000,5.0200
000538SZ,2026-03-27 15:00:00,54.4000,up_secondary,次级回撤,62.0700,44.8800,53.5600,58.0000,60.6900,49.0000,53.9000,57.9200,53.5600,59.5700
000540SZ,2023-06-29 15:00:00,0.4000,down,下跌趋势,1.8700,0.4000,1.6600,0.6600,1.7600,0.5700,1.6600,0.6000,1.6200,1.6700
000537SZ,2026-03-27 15:00:00,11.4400,up_secondary,次级回撤,13.7600,8.2000,10.7200,11.2900,12.7600,10.5200,11.3600,11.3700,10.7200,12.4000
000543SZ,2026-03-27 15:00:00,9.1100,up_rally,回升,9.4300,6.6500,7.9800,7.2300,9.1300,6.7600,7.9200,7.2900,7.8000,7.4400
000541SZ,2026-03-27 15:00:00,5.6700,down,下跌趋势,7.4500,5.4200,6.4300,6.5300,6.8500,5.8700,6.4300,6.3400,6.2400,6.5900
000539SZ,2026-03-27 15:00:00,6.9400,down_rally,回撤,8.1400,6.8500,7.4100,7.4600,7.9800,6.9000,7.4900,7.0100,7.4100,5.9200
000544SZ,2026-03-27 15:00:00,8.6500,down_secondary,次级回升,9.0900,7.1800,7.6500,10.1000,8.1200,7.6000,7.6500,9.5600,7.4300,7.2400
000546SZ,2026-03-27 15:00:00,6.6100,down_natural,自然回升,7.0700,5.2900,5.9600,6.6100,6.4400,5.3100,5.9700,5.3100,5.7900,6.1500
000545SZ,2026-03-27 15:00:00,3.4700,down_break,破碎,4.3300,3.1300,3.9000,3.4500,4.1400,3.2300,3.9000,3.4500,3.8500,3.5400
000547SZ,2026-03-27 15:00:00,27.3600,down_secondary,次级回升,34.3000,24.8300,30.0900,28.8000,32.3500,26.8000,30.1100,28.4300,29.2000,30.0000
000550SZ,2026-03-27 15:00:00,17.4500,down_natural,自然回升,22.8000,16.5100,19.8000,17.8400,22.5000,17.4600,19.8100,17.6800,19.2900,20.9200
000553SZ,2026-03-27 15:00:00,6.4800,up_rally,回升,7.2500,5.4200,5.4900,6.3300,6.4800,5.8800,,6.2500,6.4000,6.5400
000554SZ,2026-03-27 15:00:00,8.5200,down,下跌趋势,11.9400,8.1200,10.1500,9.4800,11.4200,8.7700,10.3500,8.7700,10.1500,7.4300
000552SZ,2026-03-27 15:00:00,2.8000,up_rally,回升,2.9200,2.3000,2.6800,2.5900,2.9200,2.3500,,2.5800,2.5100,2.6400
000557SZ,2026-03-27 15:00:00,4.7000,down_natural,自然回升,6.3300,4.4500,4.7700,4.8300,5.3500,5.6600,4.7800,6.0200,4.6300,6.2100
000555SZ,2026-03-27 15:00:00,15.5400,down,下跌趋势,23.0300,14.8500,20.0700,20.3100,22.0000,15.6700,20.1600,16.9000,19.5800,16.1100
000558SZ,2026-03-27 15:00:00,4.6000,down_natural,自然回升,6.1800,4.2000,5.0600,4.6400,5.6100,4.5500,5.0700,4.5500,5.0600,5.6300
000559SZ,2026-03-27 15:00:00,15.4300,down_natural,自然回升,21.8000,14.6400,18.4600,15.9500,20.9600,16.5200,18.4800,18.6200,17.9100,12.3800
000560SZ,2026-03-27 15:00:00,2.9200,down_natural,自然回升,3.6400,2.8500,3.2400,3.0300,3.6200,3.1600,3.2500,3.4100,3.1600,3.3400
000561SZ,2026-03-27 15:00:00,9.5800,down_natural,自然回升,14.5300,9.0300,12.5100,9.6900,14.0500,11.2000,12.5400,11.5900,12.1700,12.4500
000563SZ,2026-03-27 15:00:00,3.3800,down,下跌趋势,3.9800,3.2200,3.5100,3.6800,3.7300,3.3600,3.5100,3.4500,3.4100,3.8200
000564SZ,2026-03-27 15:00:00,1.9500,down_rally,回撤,3.1600,1.9200,2.4100,2.0400,2.7800,1.9100,2.4200,1.9100,2.3400,2.4600
000567SZ,2026-03-27 15:00:00,5.2800,down_natural,自然回升,8.3900,5.0300,7.3400,5.4000,7.8600,5.9500,7.3800,7.0700,7.1400,6.9200
000585SZ,2022-05-23 15:00:00,0.3500,up_rally,回升,0.3700,0.3000,0.3300,0.3200,0.3600,0.3100,,0.3300,2.0000,0.3400
000565SZ,2026-03-27 15:00:00,7.4500,down_natural,自然回升,9.4000,6.8000,7.1300,7.4700,9.2200,7.7700,7.2400,8.3500,6.9200,8.6000
000566SZ,2026-03-27 15:00:00,5.4900,down_natural,自然回升,9.2400,5.0200,7.9000,5.5000,8.6100,6.5200,7.9100,7.2700,7.7000,8.6000
000570SZ,2026-03-27 15:00:00,5.6000,up_rally,回升,6.4500,4.6100,5.1500,5.8200,5.6600,5.3400,5.6400,5.8000,5.3300,5.9800
000571SZ,2026-03-27 15:00:00,5.9600,down,下跌趋势,7.9500,5.7900,7.1000,5.7800,7.9100,5.4200,7.1100,5.7500,6.8900,5.9500
000572SZ,2026-03-27 15:00:00,6.1900,down_secondary,次级回升,12.0300,5.7600,9.7200,6.5500,11.1000,5.9700,9.8000,6.4700,9.4500,10.7100
000568SZ,2026-03-27 15:00:00,103.7800,down,下跌趋势,145.8800,101.2000,109.4000,110.3300,127.9100,103.0000,110.3500,103.7000,106.8100,134.5800
000587SZ,2023-03-31 15:00:00,0.7200,down,下跌趋势,1.3000,0.7200,1.0600,1.0100,1.1700,0.8400,1.0700,0.9300,1.0300,1.1600
000573SZ,2026-03-27 15:00:00,4.2400,down_natural,自然回升,4.8500,3.7300,4.1200,4.2400,4.5000,4.0300,4.1300,4.2800,4.0000,4.4200
000584SZ,2025-07-10 15:00:00,0.2900,up,上升趋势,0.2900,0.2100,0.2500,0.2300,0.2800,0.2100,0.2400,0.2300,0.2400,0.2400
000586SZ,2026-03-27 15:00:00,15.0200,down_natural,自然回升,17.0000,13.5600,14.8200,15.3700,15.9900,12.6900,14.8300,13.9300,14.4800,14.3100
000591SZ,2026-03-27 15:00:00,6.0900,down_rally,回撤,6.8000,5.6800,5.9500,6.5800,6.4000,5.9500,5.9700,6.1800,5.7800,5.8700
000590SZ,2026-03-27 15:00:00,12.0300,up_secondary,次级回撤,12.7000,10.5400,11.0700,11.5600,12.4900,10.8300,11.1600,11.6100,12.1600,12.0000
000593SZ,2026-03-27 15:00:00,15.3300,down_rally,回撤,17.0000,13.0300,13.8900,15.6100,15.7000,14.6000,14.0100,14.6700,13.4800,16.9000
000592SZ,2026-03-27 15:00:00,10.5600,up_natural,自然回撤,11.3500,9.4900,10.5100,10.6200,,9.8300,,10.5800,11.4800,10.9200
000595SZ,2026-03-27 15:00:00,6.4400,up_rally,回升,6.7100,5.8600,5.7900,6.4600,6.6000,6.0000,,6.4400,6.2300,6.6500
000597SZ,2026-03-27 15:00:00,5.2200,down_natural,自然回升,6.6800,4.6500,6.1900,5.2300,6.6600,5.1700,6.2000,5.2500,6.0100,5.8200
000596SZ,2026-03-27 15:00:00,104.2600,down,下跌趋势,177.0100,101.8200,149.0100,140.2500,170.6100,121.5900,149.0500,131.3300,144.7200,152.7800
000598SZ,2026-03-27 15:00:00,6.8600,up_rally,回升,7.6400,6.4300,6.4700,7.2100,6.9600,6.5700,6.5700,7.2000,6.4700,7.4100
000599SZ,2026-03-27 15:00:00,5.9300,down_rally,回撤,8.1000,5.7300,7.1000,6.3000,7.6400,5.9200,7.1600,5.9200,6.8900,6.9700
000576SZ,2026-03-27 15:00:00,9.4200,down_natural,自然回升,11.9900,8.5300,10.2100,9.4500,11.6100,9.7700,10.2200,10.1600,9.9200,11.6200
000582SZ,2026-03-27 15:00:00,10.8800,up_rally,回升,11.7500,8.1100,10.1600,9.0400,11.0400,8.4100,10.0800,9.0300,8.9200,9.3100
000581SZ,2026-03-27 15:00:00,20.6300,down_natural,自然回升,26.0000,20.0100,23.3100,21.2900,25.9200,20.5700,23.3200,21.9300,22.6600,22.9200
000589SZ,2026-03-27 15:00:00,4.6500,down_natural,自然回升,5.3100,4.3400,4.9600,4.6800,5.2900,4.2500,4.9700,4.5400,4.8200,4.6800
000611SZ,2022-06-27 15:00:00,1.3900,down,下跌趋势,1.6300,1.3800,1.4800,1.5400,1.6000,1.4200,1.4900,1.4300,1.4500,1.0200
000613SZ,2022-06-28 15:00:00,0.5800,down_rally,回撤,0.6800,0.5600,0.6300,0.6200,0.6700,0.5600,0.6300,0.5800,0.6300,0.6400
000600SZ,2026-03-27 15:00:00,10.1400,up_secondary,次级回撤,10.9900,4.9200,9.0600,5.4800,10.6500,4.9500,9.9000,5.4700,9.0600,5.5700
000606SZ,2023-07-05 15:00:00,0.2800,up_natural,自然回撤,0.2900,0.2200,0.2700,0.2500,0.2900,0.2300,0.2600,0.2500,0.2600,0.2600
000610SZ,2026-03-27 15:00:00,9.2400,down_natural,自然回升,16.3500,8.4000,11.8500,9.3700,14.0000,9.0100,12.2500,9.1000,11.8500,10.7900
000603SZ,2026-03-27 15:00:00,38.4800,down_rally,回撤,56.9600,35.0900,47.1300,39.6500,50.2200,36.7800,47.1300,37.2600,46.0600,50.7700
000608SZ,2026-03-27 15:00:00,4.2800,up,上升趋势,4.3800,3.2700,3.7400,3.5300,4.0700,3.3000,,3.5200,3.5300,3.6300
000607SZ,2026-03-27 15:00:00,4.2300,down_natural,自然回升,5.5000,3.9200,5.0800,4.2900,5.4300,4.9200,5.1000,5.3000,4.9500,4.9100
000601SZ,2026-03-27 15:00:00,7.8000,down_secondary,次级回升,8.5000,7.3300,7.9800,9.0000,8.4700,7.6800,7.9800,8.2900,7.7800,6.8900
000605SZ,2026-03-27 15:00:00,7.0700,up_rally,回升,9.4000,6.8100,6.3700,7.3800,7.2100,6.8500,6.4800,7.3700,6.3700,7.6000
000612SZ,2026-03-27 15:00:00,11.6900,down_secondary,次级回升,15.6000,10.6300,12.5600,11.7500,15.4900,11.0200,12.5800,11.7700,12.2100,9.9700
000617SZ,2026-03-27 15:00:00,10.6400,up_rally,回升,11.1000,8.7800,10.2000,9.9400,10.9000,9.3300,9.9500,9.9200,9.7600,10.1800
000616SZ,2023-08-22 15:00:00,0.8500,down_rally,回撤,0.9600,0.7500,0.8000,1.0100,0.8800,0.8500,0.8100,0.9400,0.7900,0.9300
000609SZ,2026-03-27 15:00:00,9.2000,up_rally,回升,11.5400,7.1600,8.7000,7.6400,9.4500,7.1600,8.8200,7.6200,8.7000,7.8400
000615SZ,2026-03-27 15:00:00,3.3400,down_natural,自然回升,4.4800,3.0400,3.9900,3.3400,4.4300,3.1100,4.1000,3.3200,3.9900,4.4400
000619SZ,2026-03-27 15:00:00,5.9700,down_natural,自然回升,8.5800,5.4000,6.1900,6.0200,6.6300,5.8700,6.2200,6.5700,6.0100,6.9500
000623SZ,2026-03-27 15:00:00,17.5400,down,下跌趋势,22.0800,16.8400,18.9100,19.9800,20.9300,18.8600,18.9200,20.0000,18.3600,20.5600
000625SZ,2026-03-27 15:00:00,10.0100,down,下跌趋势,13.8400,9.9000,11.5100,13.2800,12.2800,12.0000,11.5200,13.2600,11.1700,13.6600
000622SZ,2025-07-15 15:00:00,0.1500,down_secondary,次级回升,3.2200,0.1500,2.6100,0.1700,2.9200,0.1500,2.6200,0.1600,2.5500,2.3800
000627SZ,2025-09-29 15:00:00,1.5800,up,上升趋势,1.5800,1.3500,,1.4500,,1.3600,,1.4500,3.8500,1.4700
000620SZ,2026-03-27 15:00:00,2.9500,down_rally,回撤,3.8400,2.7700,3.4500,3.5100,3.7000,2.8400,3.4600,3.1400,3.3500,3.0300
000628SZ,2026-03-27 15:00:00,49.0000,down,下跌趋势,59.0000,47.4700,50.8000,51.4600,57.5000,47.7400,50.8100,48.3700,50.0400,47.4700
000662SZ,2021-04-09 15:00:00,0.2500,up_secondary,次级回撤,0.2500,0.2000,0.2300,0.2200,0.2500,0.2000,0.2300,0.2200,0.2200,0.2300
000632SZ,2026-03-27 15:00:00,4.7500,down_rally,回撤,6.8600,4.3900,5.5100,5.0200,5.9900,4.6600,5.5200,4.7100,5.3500,6.5000
000633SZ,2026-03-27 15:00:00,6.7200,down_natural,自然回升,8.3100,6.0600,7.7200,6.7200,8.2300,7.4600,7.7200,7.6700,7.4900,7.9500
000626SZ,2026-03-27 15:00:00,8.3500,down_natural,自然回升,9.0300,7.4700,8.1400,8.3500,8.7700,7.5100,8.1800,8.2500,7.9100,8.4200
000687SZ,2022-06-16 15:00:00,0.2900,down_natural,自然回升,1.6700,0.2700,1.3800,0.2900,1.4700,0.2800,1.3800,0.3000,1.3400,0.3200
000667SZ,2023-07-13 15:00:00,0.5800,down,下跌趋势,1.7900,0.5800,1.2600,0.9200,1.6700,0.8300,1.2700,0.9000,1.2300,1.6700
000630SZ,2026-03-27 15:00:00,5.8600,down_natural,自然回升,9.1900,5.5400,8.2300,6.0300,9.1900,6.8400,8.2700,7.9200,8.2300,5.9800
000629SZ,2026-03-27 15:00:00,3.4300,down_natural,自然回升,4.4900,3.1900,3.5800,3.4600,4.3200,2.4600,3.5900,2.7500,3.4800,2.8400
000635SZ,2026-03-27 15:00:00,8.9500,down_natural,自然回升,10.9300,7.8300,9.7400,9.0500,10.7000,7.9000,9.8100,7.9000,9.4900,10.4000
000673SZ,2022-07-01 15:00:00,0.2500,down_secondary,次级回升,0.3400,0.2100,0.3100,0.2500,0.3400,0.2200,0.3100,0.2400,0.3100,0.2900
000631SZ,2026-03-27 15:00:00,3.9300,down_secondary,次级回升,3.9700,3.1400,3.7100,4.4500,4.0000,3.4300,3.7200,4.1400,3.6100,2.9600
000760SZ,2021-07-22 15:00:00,0.2600,down_natural,自然回升,0.3000,0.2500,0.2800,0.2700,0.3000,0.2600,0.2800,0.2800,0.2800,0.2800
000780SZ,2022-01-21 15:00:00,10.9500,up_natural,自然回撤,11.2900,3.5000,10.5200,4.4200,11.2000,4.1000,9.3900,4.4100,3.8800,4.5500
000671SZ,2023-08-15 15:00:00,0.3700,down,下跌趋势,2.4700,0.3700,1.9600,1.4600,2.1000,1.3700,1.9600,1.3700,1.9100,2.2700
000666SZ,2023-10-25 15:00:00,8.9700,down_natural,自然回升,11.8100,7.9800,10.3200,9.0900,10.9800,8.8900,10.3200,10.3700,10.0200,10.8000
000949SZ,2026-03-13 15:00:00,7.5100,up_rally,回升,7.9100,6.6700,7.1500,7.6000,7.7800,6.7300,,7.5900,6.8000,7.7600
000861SZ,2024-08-13 15:00:00,0.6200,down,下跌趋势,1.0300,0.6200,0.8600,0.8300,0.9400,0.7400,0.8700,0.8200,0.8600,0.9100
000952SZ,2026-03-13 15:00:00,7.5400,down_secondary,次级回升,10.4200,6.9100,9.7300,8.5000,10.4200,7.2500,9.7300,7.8200,9.7300,8.6900
000918SZ,2023-07-27 15:00:00,0.4900,down,下跌趋势,2.7700,0.4900,2.4900,0.9200,2.6900,0.7800,2.5000,0.8600,2.4400,2.4300
000636SZ,2026-03-27 15:00:00,19.6100,down,下跌趋势,27.5000,18.9100,23.0900,20.6500,24.7000,19.3300,23.1000,19.4100,23.0900,17.3500
000851SZ,2025-11-10 15:00:00,0.3800,down,下跌趋势,3.0100,0.3800,2.6700,0.6700,2.9900,0.6000,2.7400,0.6000,2.6000,2.9500
000836SZ,2024-08-09 15:00:00,0.3700,up_natural,自然回撤,1.7000,1.4300,0.3700,1.5400,,1.4400,,1.5300,1.8700,1.5800
000937SZ,2026-03-13 15:00:00,5.9600,up,上升趋势,6.1100,5.2200,5.6200,5.7800,6.0800,5.3200,5.6800,5.7700,5.6200,5.9500
000806SZ,2023-07-05 15:00:00,0.4300,down_natural,自然回升,2.3900,0.3900,2.1400,0.4300,2.2700,0.4100,2.1400,0.4100,2.0800,0.5600
000948SZ,2026-03-13 15:00:00,16.1600,down_natural,自然回升,22.2300,15.7200,19.3500,16.9000,21.5000,16.5800,19.3600,19.1600,18.8200,19.4200
000732SZ,2023-08-03 15:00:00,0.4300,down,下跌趋势,1.9000,0.4300,1.7200,0.9400,1.8800,0.8800,1.7300,0.8800,1.7200,1.2000
000938SZ,2026-03-13 15:00:00,25.8000,down_rally,回撤,32.1600,23.2300,29.9100,27.7500,32.0600,25.7200,29.9400,25.9000,29.1000,30.0000
000835SZ,2022-05-20 15:00:00,0.3500,up,上升趋势,0.3600,0.2900,0.3100,0.3100,0.3600,0.2900,0.3100,0.3100,1.4700,0.3200
000959SZ,2026-03-13 15:00:00,5.3400,up_secondary,次级回撤,5.8500,3.9100,5.2700,4.4200,5.8400,4.0600,5.2800,4.4100,4.5100,4.5400
000957SZ,2026-03-13 15:00:00,11.2100,up_rally,回升,12.3100,10.6000,10.7600,11.7100,11.6400,10.8800,,11.7000,11.7100,12.0200
000961SZ,2024-07-10 15:00:00,0.5600,down,下跌趋势,1.2400,0.5600,1.0700,0.8200,1.1600,0.7600,1.0800,0.8400,1.0600,1.1400
000960SZ,2026-03-13 15:00:00,36.8900,down,下跌趋势,48.8000,36.6800,41.3600,40.6400,44.5400,36.8600,41.4000,38.1600,40.2200,40.0000
000950SZ,2026-03-13 15:00:00,5.7800,down,下跌趋势,6.7700,5.5900,6.0600,6.6800,6.4600,5.8100,6.0600,6.6600,5.8900,6.7500
000955SZ,2026-03-13 15:00:00,5.2700,down,下跌趋势,8.7700,5.2500,7.1500,5.8900,8.2300,5.4500,7.2100,5.8800,6.9600,5.9200
000977SZ,2026-03-13 15:00:00,61.7900,down_rally,回撤,71.6000,57.8900,64.0000,64.8400,68.0600,60.7900,64.0000,60.7900,62.1400,66.9600
000972SZ,2026-03-13 15:00:00,3.6800,down_secondary,次级回升,4.3900,3.4300,3.7400,3.9100,4.0500,3.6000,3.7500,3.8400,3.6300,3.9500
000958SZ,2026-03-13 15:00:00,6.8100,down_secondary,次级回升,4.6800,3.4700,4.0300,10.6400,4.3000,5.6400,4.0400,8.1800,3.9200,3.9000
000982SZ,2024-08-09 15:00:00,0.1800,down_secondary,次级回升,1.2100,0.1700,1.0800,0.1900,1.1500,0.1700,1.0800,0.1900,1.0500,1.1400
000968SZ,2026-03-13 15:00:00,9.4600,down_rally,回撤,11.4000,9.1200,10.0100,10.2700,10.9500,9.4200,10.1100,9.6500,10.0100,11.0800
000963SZ,2026-03-13 15:00:00,34.9300,down_natural,自然回升,47.3600,33.3000,42.1100,35.6300,46.6000,38.0200,42.1200,38.0300,41.6800,42.7400
000971SZ,2024-07-23 15:00:00,0.5500,down,下跌趋势,0.9700,0.5500,0.9000,0.8600,0.9700,0.7800,0.9100,0.8500,0.9000,0.9000
000953SZ,2026-03-13 15:00:00,7.3600,down_secondary,次级回升,8.7400,6.8300,7.7500,8.2300,8.5700,6.9900,8.0200,7.4800,7.5300,8.2800
000966SZ,2026-03-13 15:00:00,4.9500,down_natural,自然回升,6.1600,4.2100,4.9000,5.2200,5.6900,4.3000,4.9200,4.3500,4.7900,5.0200
000967SZ,2026-03-13 15:00:00,9.0000,up_natural,自然回撤,9.7000,6.3000,8.9700,7.6000,8.6200,6.8800,,7.5600,6.4700,7.7800
000951SZ,2026-03-13 15:00:00,22.4200,up,上升趋势,23.4500,16.3000,,22.3700,,18.9400,,22.3600,17.1200,22.5800
000976SZ,2024-08-13 15:00:00,0.4100,down,下跌趋势,1.6200,0.4100,1.5100,0.8500,1.6200,0.7500,1.5200,0.7900,1.4800,1.3900
000962SZ,2026-03-13 15:00:00,48.7100,down,下跌趋势,59.9500,48.5300,55.0100,57.7800,58.9800,50.3600,55.0900,57.7300,53.5000,58.0000
000973SZ,2026-03-13 15:00:00,17.1200,up,上升趋势,17.8000,11.5900,12.7800,12.7000,14.8600,11.7300,12.7800,12.6000,12.4400,13.0800
000965SZ,2026-03-13 15:00:00,4.0100,down_secondary,次级回升,4.8400,3.7800,4.2400,4.2200,4.6800,3.8000,4.2500,4.0800,4.1200,4.7000
000969SZ,2026-03-13 15:00:00,22.6500,down,下跌趋势,31.1200,22.2300,26.3400,24.3400,29.0000,22.8700,26.3600,22.8700,25.5600,22.8600
000975SZ,2026-03-13 15:00:00,32.7800,down_natural,自然回升,33.9400,29.5200,31.3400,33.8500,33.5600,29.4200,31.3400,31.3800,30.4100,32.4000
000980SZ,2026-03-13 15:00:00,2.6800,down_rally,回撤,4.3600,2.6100,3.6100,2.8900,3.8600,2.6300,3.6200,2.7100,3.6100,3.7500
000998SZ,2026-03-13 15:00:00,10.6000,up_secondary,次级回撤,11.1600,9.1600,10.1700,10.7300,11.0900,9.6800,10.3600,10.7200,10.7500,11.0000
000983SZ,2026-03-13 15:00:00,7.4500,up_rally,回升,7.7000,6.3100,6.9400,7.2400,7.6200,6.7000,7.0500,7.2300,6.9400,7.4000
000988SZ,2026-03-13 15:00:00,118.6900,down,下跌趋势,141.4100,118.5900,123.5000,83.1100,139.6000,77.3400,123.6100,83.0500,119.8500,85.6000
000987SZ,2026-03-13 15:00:00,8.9800,down_natural,自然回升,12.2400,8.8800,11.0300,9.4200,11.8900,10.0100,11.0300,10.9900,10.7000,11.3200
000993SZ,2026-03-13 15:00:00,14.1500,up_natural,自然回撤,15.9100,11.3500,13.9200,14.4400,15.3600,13.5500,,14.4300,13.3100,14.8100
000985SZ,2026-03-13 15:00:00,20.4000,up_break,破碎,25.0000,16.6800,20.2600,21.9000,22.6000,18.9000,20.2700,21.8800,20.2000,22.5000
000996SZ,2024-06-27 15:00:00,0.3800,down_rally,回撤,0.4500,0.3500,0.4100,0.3900,0.4400,0.3700,0.4100,0.3900,0.4000,0.4000
000970SZ,2026-03-13 15:00:00,13.4700,up_rally,回升,15.5500,12.2700,12.9500,13.8400,14.0700,12.5800,,13.8300,12.9200,14.2400
000989SZ,2026-03-13 15:00:00,9.0600,down_natural,自然回升,13.3000,8.3900,10.9500,9.1900,12.9300,8.6500,10.9600,9.3600,10.6600,9.5600
000981SZ,2026-03-13 15:00:00,4.2100,down,下跌趋势,5.2000,4.2000,4.5200,4.6300,5.0500,4.2800,4.6000,4.3300,4.5200,4.9900
000978SZ,2026-03-13 15:00:00,7.2300,up_rally,回升,7.5400,6.1200,6.7500,6.9300,7.3500,6.4600,,6.9200,6.5900,7.1300
000997SZ,2026-03-13 15:00:00,22.5100,down,下跌趋势,34.0000,22.3500,30.7200,31.6000,33.4100,24.7100,30.7300,29.6600,29.8000,30.6700
000990SZ,2026-03-13 15:00:00,10.0600,up,上升趋势,10.5800,6.7400,8.5800,8.0200,9.7000,7.1300,8.5500,8.0100,7.6800,8.2400
001896SZ,2026-03-13 15:00:00,15.4400,down,下跌趋势,17.8800,15.4400,16.5000,6.6100,17.5200,6.0400,16.5000,6.5500,16.5000,6.7700
002002SZ,2024-03-15 15:00:00,0.5800,down,下跌趋势,2.5400,0.5800,2.2100,0.9300,2.4000,0.8700,2.2100,0.9200,2.2100,0.9700
001696SZ,2026-03-13 15:00:00,22.1700,down_rally,回撤,28.0000,20.0300,24.7300,25.8600,26.4800,21.9200,24.7600,23.7500,23.9900,25.0500
001979SZ,2026-03-13 15:00:00,9.6000,up_rally,回升,11.1000,8.4800,9.2800,9.5500,9.9300,8.9700,,9.5300,8.8000,9.8300
001965SZ,2026-03-13 15:00:00,10.1000,down_natural,自然回升,14.2200,9.3800,11.8700,10.3000,14.0300,9.5700,11.8800,9.9200,11.5300,10.1000
002001SZ,2026-03-13 15:00:00,38.6700,up,上升趋势,40.1900,19.5200,35.0000,22.9900,37.6200,21.0300,23.1700,22.9700,22.9500,23.5900
002005SZ,2026-03-13 15:00:00,2.9800,down_secondary,次级回升,3.2300,2.4300,2.7500,3.2000,2.9400,2.8400,2.7600,3.1900,2.6700,3.2300
002006SZ,2026-03-13 15:00:00,19.5800,down_rally,回撤,25.0500,18.4500,19.4100,21.2000,24.6900,19.3500,19.4300,19.5300,18.9500,22.2200
002007SZ,2026-03-13 15:00:00,15.2600,down,下跌趋势,18.2500,14.9400,16.3000,16.9800,17.9300,15.0300,16.3200,15.9600,15.8200,17.6000
001872SZ,2026-03-13 15:00:00,22.2400,up_rally,回升,22.6900,17.9300,20.5200,21.1400,22.4500,19.2600,,21.0200,18.9300,21.6800
000999SZ,2026-03-13 15:00:00,29.1200,down_natural,自然回升,50.7800,27.6500,44.0800,30.4900,47.0000,27.8000,44.1600,28.8000,42.8000,45.9700
001914SZ,2026-03-13 15:00:00,10.7600,down,下跌趋势,13.2900,10.4000,11.5600,12.2200,12.4200,10.5800,11.5700,11.9900,11.2200,12.2500
002003SZ,2026-03-13 15:00:00,10.0600,down_natural,自然回升,14.6000,9.7100,12.5200,10.3600,13.3500,9.9000,12.5200,10.8500,12.1500,12.0500
002013SZ,2023-03-16 15:00:00,10.7800,down_natural,自然回升,13.2600,9.8000,11.4200,11.1700,12.4500,10.8800,11.4600,11.9700,11.0800,12.5000
002004SZ,2026-03-13 15:00:00,5.6300,down_natural,自然回升,6.0800,5.3000,5.7000,5.7400,6.0700,4.8200,5.7000,5.1600,5.5500,5.3000
002008SZ,2026-03-13 15:00:00,68.7000,down_rally,回撤,75.8800,64.3000,67.4600,75.0600,74.1800,68.0000,68.2500,70.3000,65.6500,48.9600
002012SZ,2026-03-13 15:00:00,7.1500,up_secondary,次级回撤,7.6700,5.2700,6.9500,6.5100,7.6200,6.2200,7.1100,6.6000,6.1500,6.7000
002010SZ,2026-03-13 15:00:00,6.3100,down_rally,回撤,6.6600,5.5500,6.2000,7.3900,6.6600,6.2200,6.2100,6.8900,6.0200,5.8300
002021SZ,2026-03-13 15:00:00,3.4400,up_secondary,次级回撤,3.8900,2.3600,3.2300,2.9100,3.7400,2.6800,3.3500,2.9000,2.8800,2.9900
002017SZ,2026-03-13 15:00:00,20.6300,down_natural,自然回升,29.9900,20.4100,23.9700,21.8000,26.3100,22.2000,24.0800,22.2000,23.3300,22.8700
002016SZ,2026-03-13 15:00:00,5.9300,up_natural,自然回撤,6.4600,5.6600,5.8200,6.1700,,5.7300,,6.1600,5.8900,6.3400
002019SZ,2026-03-13 15:00:00,14.4500,up,上升趋势,14.7300,11.6600,12.8200,13.2800,14.0300,12.8000,,13.5700,14.6300,13.6800
002025SZ,2026-03-13 15:00:00,54.9000,down_rally,回撤,72.3300,48.9500,59.5000,62.0800,64.6400,54.6000,59.6600,58.2000,58.1000,47.7300
002020SZ,2026-03-13 15:00:00,16.0900,down_natural,自然回升,21.6500,15.2800,18.6900,16.3000,20.6900,17.9100,18.7600,20.1300,18.1900,20.1900
002024SZ,2026-03-13 15:00:00,1.5100,down,下跌趋势,2.3400,1.4900,1.6700,1.6200,2.0100,1.5200,1.6800,1.5200,1.6200,2.2100
002026SZ,2026-03-13 15:00:00,13.8600,down_natural,自然回升,17.2900,13.5400,14.7200,14.7000,16.3900,13.8400,14.7300,14.7100,14.2800,15.2000
002023SZ,2026-03-13 15:00:00,11.2300,down,下跌趋势,15.8400,11.2000,13.7800,12.6100,14.7500,11.3800,13.8100,11.8300,13.5400,12.9100
002011SZ,2026-03-13 15:00:00,13.3300,down_secondary,次级回升,15.5500,12.1100,13.9400,13.6800,15.0500,12.1200,14.1400,13.6200,13.5300,13.8800
002015SZ,2026-03-13 15:00:00,22.2800,up,上升趋势,22.9900,9.6700,17.3900,10.5900,19.0900,9.8500,,10.5300,12.8400,10.9000
002009SZ,2026-03-13 15:00:00,25.9500,down,下跌趋势,35.2000,25.8600,32.9700,28.9800,35.0700,26.2000,32.9700,27.1400,32.0000,27.7700
002014SZ,2026-03-13 15:00:00,12.1800,up_rally,回升,12.8800,10.5800,11.4900,12.3100,12.3200,11.0400,,12.3000,11.0100,12.6500
002022SZ,2026-03-13 15:00:00,5.9700,up_rally,回升,7.5400,5.8800,5.6300,6.4500,6.0700,6.0600,,6.5800,5.9600,6.7000
002028SZ,2026-03-13 15:00:00,211.4000,up_natural,自然回撤,239.1200,178.5000,208.5200,203.5100,231.8900,188.0000,,203.0100,182.5000,209.3000
002029SZ,2026-03-13 15:00:00,10.3000,down,下跌趋势,14.8500,10.2800,11.6500,11.9600,12.5000,10.6100,11.6700,11.8800,11.3100,12.1200
002035SZ,2026-03-13 15:00:00,6.2700,down,下跌趋势,8.6200,5.9900,7.4200,6.4000,8.4800,6.0100,7.5000,6.0100,7.2100,7.7700
002030SZ,2026-03-13 15:00:00,6.1900,down_natural,自然回升,8.2000,5.8500,7.5000,6.2400,8.0000,6.1900,7.5000,7.0100,7.5000,7.5200
002032SZ,2026-03-13 15:00:00,45.0600,down_natural,自然回升,61.6000,42.5500,45.7000,45.3600,60.1800,42.9600,45.7300,42.9700,44.3600,54.7800
002031SZ,2026-03-13 15:00:00,7.0800,down_natural,自然回升,8.8200,6.9100,8.0000,7.3800,8.5000,7.3200,8.0000,7.3200,7.7700,8.6000
002027SZ,2026-03-13 15:00:00,6.8700,down,下跌趋势,8.7600,6.5800,7.3800,8.3200,8.0000,6.9900,7.3900,7.5400,7.1600,7.3600
002039SZ,2026-03-13 15:00:00,19.0300,up_natural,自然回撤,20.0800,14.1800,18.7200,17.3300,19.9600,14.5200,,17.3000,16.6300,17.7500
002040SZ,2026-03-13 15:00:00,10.7300,up_break,破碎,13.1700,9.6600,10.7100,10.5400,11.7800,9.8000,10.7200,10.5000,10.6800,10.8000
002036SZ,2026-03-13 15:00:00,10.2700,down_natural,自然回升,11.8500,10.1200,10.8200,10.8100,11.5400,10.6600,10.8200,11.4100,10.5300,11.6600
002034SZ,2026-03-13 15:00:00,18.8700,down_natural,自然回升,18.5600,15.6400,16.9500,19.1900,17.9700,16.3700,16.9500,16.7800,16.4500,17.8200
002042SZ,2026-03-13 15:00:00,4.5500,up,上升趋势,4.8000,3.9900,,4.4900,,4.1700,,4.4600,4.4700,4.5500
002037SZ,2026-03-13 15:00:00,8.8000,down,下跌趋势,16.6800,8.5900,15.4800,9.4400,16.5500,8.8300,15.5300,8.8700,15.1900,8.3700
002044SZ,2026-03-13 15:00:00,6.1900,down_rally,回撤,8.8800,6.0700,8.1900,6.5400,8.7400,6.1400,8.1900,6.1400,8.1900,7.8900
002038SZ,2026-03-13 15:00:00,6.1400,down,下跌趋势,8.7400,6.0200,7.3600,6.7200,7.9200,6.2600,7.3700,6.3100,7.1400,8.3000
002033SZ,2026-03-13 15:00:00,9.4200,down_secondary,次级回升,10.1500,8.3500,8.8700,10.1000,9.5500,8.9700,8.8700,9.5800,8.7000,10.1200
002041SZ,2026-03-13 15:00:00,11.3300,up_natural,自然回撤,12.6000,9.0500,11.2000,11.9500,12.6000,10.2400,,11.9300,11.0000,12.3000
002043SZ,2026-03-13 15:00:00,15.8100,down,下跌趋势,18.1800,15.3500,16.1600,16.6000,17.4300,15.5600,16.1800,15.5900,15.7000,13.2400
002047SZ,2026-03-13 15:00:00,5.8300,up,上升趋势,5.9700,3.4200,4.6100,3.7000,5.1000,3.4200,4.1100,3.6700,3.8900,3.8000
002048SZ,2026-03-13 15:00:00,29.2000,down_rally,回撤,36.4900,27.0500,31.1500,31.1700,33.7000,29.1600,31.2100,29.2600,30.2700,32.8000
002049SZ,2026-03-13 15:00:00,73.7400,down_secondary,次级回升,86.7700,71.8500,79.1100,92.4000,86.0000,71.9200,79.1500,91.9900,76.7800,94.8300
002050SZ,2026-03-13 15:00:00,47.3000,down_natural,自然回升,60.7700,45.5000,49.0800,48.9700,55.0200,39.8300,49.1500,52.5000,47.7000,55.0000
002051SZ,2026-03-13 15:00:00,9.2000,down_secondary,次级回升,10.0000,7.2000,8.5300,9.6800,9.4000,7.3100,8.5400,9.4500,8.3100,8.4700
002052SZ,2026-03-13 15:00:00,11.8300,down_secondary,次级回升,13.9900,11.1000,12.2100,12.6200,13.1900,11.2300,12.2200,12.5200,11.8600,13.5200
002053SZ,2026-03-13 15:00:00,12.6400,up_secondary,次级回撤,14.5400,12.0300,10.9700,13.1200,13.2500,12.0900,12.3300,13.1100,13.3000,13.3900
002054SZ,2026-03-13 15:00:00,9.3400,down_rally,回撤,12.0900,9.3000,10.8200,10.2000,12.0000,9.3200,10.8700,9.5600,10.8200,8.8100
002055SZ,2026-03-13 15:00:00,6.1500,up_rally,回升,6.6500,5.4900,6.0700,6.2900,6.4700,5.7300,,6.2600,7.4700,6.4700
002056SZ,2026-03-13 15:00:00,25.8400,up,上升趋势,25.8400,18.4200,20.4500,21.9000,22.7700,19.2200,,21.8700,20.2000,22.4600
002071SZ,2021-05-06 15:00:00,0.3100,down_secondary,次级回升,0.3800,0.2700,0.3000,0.3100,0.3200,0.3000,0.3000,0.3200,0.3000,0.3200
002045SZ,2026-03-13 15:00:00,12.8200,down,下跌趋势,19.0000,12.6100,16.4100,16.3800,17.7000,13.5800,16.4800,15.9800,15.9300,14.8600
002046SZ,2026-03-13 15:00:00,47.2000,up_break,破碎,55.5200,26.3000,47.8700,29.9800,54.6000,27.8700,48.0200,29.9600,47.0800,30.7700
002057SZ,2026-03-13 15:00:00,10.8800,up_natural,自然回撤,11.8500,9.5800,10.8200,11.4800,,10.1900,,11.4400,9.9400,11.7700
002059SZ,2026-03-13 15:00:00,5.0900,up_break,破碎,5.8900,5.2000,5.0100,5.6600,5.5100,5.2800,5.0200,5.6200,4.8800,5.8000
002058SZ,2026-03-13 15:00:00,21.2000,down_secondary,次级回升,31.3300,19.4600,25.2000,25.0000,26.7500,20.6200,25.2000,22.2400,24.5000,25.4700
002069SZ,2026-03-13 15:00:00,3.8100,down_secondary,次级回升,5.2300,3.6600,4.0300,4.1500,4.3200,3.8000,4.0400,4.0300,3.9200,4.6800
002068SZ,2026-03-13 15:00:00,10.1500,down_natural,自然回升,10.4900,8.3800,9.4700,10.5500,10.0900,9.0500,9.4700,9.9700,9.1900,9.6500
002067SZ,2026-03-13 15:00:00,5.3100,up_secondary,次级回撤,6.1800,4.8900,5.1700,5.6600,5.6800,5.1900,5.2900,5.6500,5.1700,5.7900
002065SZ,2026-03-13 15:00:00,8.8300,down_natural,自然回升,12.3500,8.6200,10.2600,9.3500,10.9900,8.9400,10.2700,9.8700,9.9600,10.6900
002075SZ,2026-03-13 15:00:00,5.4100,up_break,破碎,6.4900,5.3900,5.4000,6.1700,5.9300,5.5100,5.4100,6.1600,5.3600,6.3000
002063SZ,2026-03-13 15:00:00,7.2500,up_natural,自然回撤,7.6600,5.2100,7.1900,5.9200,7.0100,5.5300,6.2900,5.9100,6.1000,6.0800
002062SZ,2026-03-13 15:00:00,8.3300,down,下跌趋势,10.9900,8.3200,9.5700,8.9800,10.3500,8.4000,9.5800,8.4000,9.2900,9.8600
002066SZ,2026-03-13 15:00:00,19.3500,up_rally,回升,22.2000,18.4100,19.0000,21.0900,20.3400,19.2600,19.2400,20.9100,19.0000,21.6600
002074SZ,2026-03-13 15:00:00,38.7300,down_natural,自然回升,47.5800,34.8900,40.8500,39.6600,44.1000,35.7100,40.9000,36.3000,39.7100,44.4500
002073SZ,2026-03-13 15:00:00,7.7900,up_secondary,次级回撤,10.4600,7.5800,6.5100,8.1900,9.7400,7.6400,7.4700,8.1700,8.4700,8.4100
002060SZ,2026-03-13 15:00:00,4.1700,up,上升趋势,4.3400,3.2300,3.5500,3.7400,4.1900,3.3900,3.5700,3.7200,3.5500,3.8200
002064SZ,2026-03-13 15:00:00,10.7000,down,下跌趋势,13.9800,10.6700,12.2800,12.8700,13.9000,11.0400,12.3000,12.0000,11.9300,12.9900
002061SZ,2026-03-13 15:00:00,4.2400,up_rally,回升,4.5000,3.5600,3.9000,4.1400,4.3100,3.8200,4.0200,4.1300,3.9000,4.2500
002072SZ,2026-03-13 15:00:00,7.4100,up_secondary,次级回撤,8.3300,6.9500,7.0700,7.5100,8.4000,6.9700,7.2000,7.4900,7.0700,7.5500
002077SZ,2026-03-13 15:00:00,15.8200,down_natural,自然回升,20.3900,15.2000,17.0000,16.5600,18.6800,17.3600,17.0200,18.5400,16.5300,19.4600
002080SZ,2026-03-13 15:00:00,45.9800,down_secondary,次级回升,44.8800,37.2200,39.9700,53.5700,43.5800,42.0000,39.9900,47.5700,38.8100,34.7000
002078SZ,2026-03-13 15:00:00,16.3000,up_natural,自然回撤,17.6800,13.3900,16.0800,14.5200,17.5500,13.5300,13.8000,14.4700,13.1000,14.9500
002079SZ,2026-03-13 15:00:00,10.3000,up_rally,回升,12.3000,9.0700,10.0800,11.3500,10.7700,10.3000,,11.3400,9.6100,11.6000
002083SZ,2026-03-13 15:00:00,11.4100,down_natural,自然回升,14.7500,10.7100,13.4800,11.9100,14.5000,11.1000,13.5000,12.0800,13.1000,12.2900
002076SZ,2026-03-13 15:00:00,2.1600,down_natural,自然回升,2.5000,1.9900,2.1000,2.2200,2.2700,1.9900,2.1100,2.1100,2.0500,2.1800
002082SZ,2026-03-13 15:00:00,18.5100,down_rally,回撤,19.4700,16.3200,17.5000,19.7900,19.1200,18.1000,17.5500,18.5000,17.0000,13.1500
002081SZ,2026-03-13 15:00:00,3.6400,down_natural,自然回升,3.9600,3.4500,3.6000,3.7000,3.8400,3.4200,3.6000,3.7800,3.5000,3.9100
002086SZ,2026-03-13 15:00:00,2.2700,down_natural,自然回升,3.2800,2.2000,2.6800,2.3500,2.9300,2.2200,2.7000,2.2700,2.6000,2.8700
002090SZ,2026-03-13 15:00:00,12.1900,down_rally,回撤,13.6000,11.5400,12.5400,12.9900,13.4000,12.1700,12.5500,12.2100,12.2000,12.6500
002091SZ,2026-03-13 15:00:00,9.4800,down_break,破碎,11.1000,8.4900,8.7800,9.5900,9.3900,8.5300,8.7900,9.5800,8.5300,9.6200
002085SZ,2026-03-13 15:00:00,15.6700,down_secondary,次级回升,19.6400,14.7000,17.6000,18.1700,19.1000,15.0900,17.6100,16.9700,17.1000,18.1300
002087SZ,2024-06-27 15:00:00,0.1600,down_break,破碎,0.1800,0.1400,0.1600,0.1500,0.1800,0.1400,0.1600,0.1500,0.1600,0.1600
002084SZ,2026-03-13 15:00:00,4.2900,up_rally,回升,4.2900,3.7500,3.7000,4.0700,4.2900,3.8000,3.9700,4.0600,4.6500,4.1400
002088SZ,2026-03-13 15:00:00,11.2000,up_rally,回升,13.9300,10.3500,10.8400,12.8600,11.5200,11.3900,,12.7800,11.9900,12.8700
002089SZ,2024-04-17 15:00:00,0.2400,down_rally,回撤,0.2700,0.2200,0.2400,0.2500,0.2700,0.2300,0.2500,0.2600,0.2400,0.2600
002093SZ,2026-03-13 15:00:00,10.5300,down_natural,自然回升,14.3100,10.3000,13.4500,10.9600,14.3000,11.2300,13.4500,12.0400,13.1100,12.9000
002095SZ,2026-03-13 15:00:00,18.0200,down_rally,回撤,21.6400,17.3000,18.6600,19.2800,19.9100,17.9400,18.6700,18.1100,18.1200,19.4500
002094SZ,2026-03-13 15:00:00,7.1000,up_natural,自然回撤,8.9900,7.4500,7.0800,8.0800,8.9600,7.6200,7.9100,8.1100,9.1200,8.3000
002097SZ,2026-03-13 15:00:00,10.9000,down_natural,自然回升,20.2000,10.7000,14.9800,11.4800,16.0300,11.1700,15.0000,11.1700,14.5500,19.6500
002096SZ,2026-03-13 15:00:00,14.0800,down_break,破碎,17.0600,12.7600,15.3500,14.2500,16.5400,13.3400,15.3500,14.2400,14.8900,14.6400
002099SZ,2026-03-13 15:00:00,7.3800,down_natural,自然回升,9.0900,7.1700,8.1800,7.7500,8.6900,7.4800,8.1800,8.2300,8.0000,6.6200
002098SZ,2026-03-13 15:00:00,9.4800,down,下跌趋势,12.0700,9.3200,10.7300,10.9000,11.5800,10.1300,10.8000,10.2200,10.4200,11.8100
002100SZ,2026-03-13 15:00:00,7.6800,up,上升趋势,7.8400,6.7800,,7.5600,,6.9100,,7.5500,6.8800,7.7800
002102SZ,2026-03-13 15:00:00,3.7100,up,上升趋势,3.8500,3.2200,,3.7300,,3.3000,,3.6500,3.6100,3.8200
002101SZ,2026-03-13 15:00:00,11.8600,down_natural,自然回升,14.8600,11.3700,12.4500,12.1100,13.8100,11.7700,12.4600,12.6500,12.0800,12.9200
002104SZ,2026-03-13 15:00:00,17.2800,down_natural,自然回升,24.0500,16.9300,17.5200,18.2800,19.3400,20.1000,17.7000,22.3600,17.0000,23.3500
002106SZ,2026-03-13 15:00:00,12.6400,up,上升趋势,12.9300,10.1300,11.7200,11.1100,12.8900,10.3600,,11.1000,10.6300,11.4300
002092SZ,2026-03-13 15:00:00,8.5100,up_natural,自然回撤,8.9800,4.4400,8.4300,5.8300,8.6800,5.2900,6.2000,5.8200,4.4800,5.9900
002105SZ,2026-03-13 15:00:00,7.1000,down_secondary,次级回升,10.3000,6.8000,8.8000,8.0000,9.5500,6.8300,8.8400,7.7800,8.5400,7.7000
002103SZ,2026-03-13 15:00:00,8.8500,down,下跌趋势,12.6600,8.7300,11.1500,10.6500,12.2000,8.8000,11.1500,10.5700,11.1500,12.1000
002107SZ,2026-03-13 15:00:00,6.6600,down,下跌趋势,7.7800,6.5200,7.1500,7.0800,7.6600,6.6400,7.1600,6.6400,6.9500,6.7300
002108SZ,2026-03-13 15:00:00,5.0800,down_secondary,次级回升,5.6500,4.4600,5.0900,5.4700,5.6000,4.5700,5.1000,5.2900,5.0900,4.1100
002113SZ,2023-08-10 15:00:00,0.4100,down,下跌趋势,1.6300,0.4100,1.5000,1.0500,1.6300,0.9000,1.5000,0.9600,1.4600,1.5800
002109SZ,2026-03-13 15:00:00,5.1800,down_break,破碎,5.1700,4.2000,4.4100,5.0300,4.7600,4.3900,4.4500,5.0000,4.2900,5.1800
002111SZ,2026-03-13 15:00:00,10.5200,up_rally,回升,11.4500,8.9400,10.3100,10.2100,11.0300,9.2800,10.3300,10.2000,9.4100,10.5000
002112SZ,2026-03-13 15:00:00,25.2400,up_natural,自然回撤,28.5500,21.2000,24.9300,26.0000,,24.2800,,25.8800,22.7000,26.3700
002122SZ,2026-03-13 15:00:00,3.0200,down_secondary,次级回升,4.6800,2.7200,3.8800,3.2700,4.5700,2.8800,3.8900,3.0800,3.7800,3.4100
002118SZ,2023-08-03 15:00:00,0.3700,down,下跌趋势,2.9700,0.3700,2.2100,1.6800,2.3800,1.5200,2.2200,1.6700,2.1500,1.6900
002115SZ,2026-03-13 15:00:00,12.8600,down,下跌趋势,16.4500,12.8200,14.3300,14.0700,15.4900,13.1100,14.3600,14.0600,13.9300,14.2800
002114SZ,2026-03-13 15:00:00,9.5200,down_rally,回撤,11.9600,9.1500,10.6300,10.9000,11.5000,9.5000,10.6300,10.3500,10.6300,11.0600
002123SZ,2026-03-13 15:00:00,10.7000,down_rally,回撤,14.6600,10.6500,13.4400,11.4800,14.5000,10.6700,13.5000,10.7900,13.0500,13.4600
002110SZ,2026-03-13 15:00:00,4.4000,up_secondary,次级回撤,5.0000,3.9400,4.0900,4.6900,4.7900,4.3200,4.2200,4.6800,4.0900,4.8300
002116SZ,2026-03-13 15:00:00,11.2900,up_rally,回升,11.7900,8.9800,10.0300,9.6900,11.4500,8.9800,9.9700,9.6400,9.7100,9.9000
002117SZ,2026-03-13 15:00:00,11.0200,down_natural,自然回升,14.4500,10.7800,11.8800,11.4400,12.9900,12.6900,11.8900,13.7300,11.5600,13.9200
002120SZ,2026-03-13 15:00:00,7.0000,down_natural,自然回升,9.0600,6.6800,7.5600,7.1000,8.2300,6.7000,7.5700,6.7300,7.3400,7.3600
002119SZ,2026-03-13 15:00:00,21.3200,down_rally,回撤,25.8100,20.9100,22.6000,22.6500,24.0000,20.9200,22.6000,21.2900,22.0200,19.8600
002121SZ,2026-03-13 15:00:00,9.5800,up_natural,自然回撤,10.2400,8.2100,9.5300,9.7600,,8.9500,,9.7300,9.4000,10.0500
002124SZ,2026-03-13 15:00:00,2.5900,down_natural,自然回升,3.5500,2.3700,3.2000,2.6900,3.4900,2.6900,3.2100,2.7900,3.1600,3.2500
002130SZ,2026-03-13 15:00:00,25.5800,down_natural,自然回升,34.2800,24.5500,26.2000,26.7500,28.8500,25.0600,26.2600,25.5000,25.4500,29.2900
002132SZ,2026-03-13 15:00:00,3.9900,up_secondary,次级回撤,4.4600,3.4700,3.3100,4.3300,4.3300,3.5500,3.6600,4.2700,3.5600,4.4300
002136SZ,2026-03-13 15:00:00,14.5500,up_rally,回升,15.0700,11.0000,13.4400,11.9600,14.8500,11.1200,12.2100,11.9500,15.3000,12.3000
002134SZ,2026-03-13 15:00:00,21.2800,down,下跌趋势,28.5700,21.0000,24.6600,23.0000,26.2200,21.3400,24.6600,21.6000,23.9500,25.5200
002126SZ,2026-03-13 15:00:00,45.9700,down,下跌趋势,55.8300,45.8000,51.7700,55.5000,55.3800,50.0100,52.0100,52.1500,50.4800,35.9000
002137SZ,2026-03-13 15:00:00,8.8600,up_rally,回升,10.5000,7.8300,8.3100,8.3800,9.3200,7.8400,,8.5800,8.4100,8.7600
002131SZ,2026-03-13 15:00:00,7.7300,up_secondary,次级回撤,10.4000,4.7600,7.5900,5.5200,10.3200,4.8700,7.6500,5.4500,5.9000,5.6400
002135SZ,2026-03-13 15:00:00,7.3300,up,上升趋势,7.5500,3.7300,6.3800,4.5300,7.2500,4.0500,5.1200,4.5200,4.1200,4.6100
002133SZ,2026-03-13 15:00:00,3.7100,up_rally,回升,3.9900,3.0500,3.5600,3.2900,3.8200,3.0700,3.3400,3.2800,3.3800,3.3400
002147SZ,2022-06-22 15:00:00,0.3700,down_natural,自然回升,0.4100,0.3500,0.3700,0.3900,0.4100,0.3300,0.3800,0.3600,0.3600,0.3800
002138SZ,2026-03-13 15:00:00,38.2800,up_secondary,次级回撤,44.4400,33.0500,37.0100,40.8200,41.4200,36.7000,37.8100,40.3000,35.5400,42.5000
002128SZ,2026-03-13 15:00:00,33.6100,up,上升趋势,35.0800,26.6200,31.7500,29.4900,34.4100,27.5100,,29.4800,27.7500,30.3500
002127SZ,2026-03-13 15:00:00,3.0100,down,下跌趋势,5.3500,2.9500,3.7800,3.8000,4.0900,3.1200,3.7900,3.4400,3.6700,3.7200
002125SZ,2026-03-13 15:00:00,15.1000,down_break,破碎,15.6800,13.1600,14.4900,15.3100,15.4300,14.1900,14.4900,15.2900,14.1400,15.7500
002129SZ,2026-03-13 15:00:00,10.1600,up_rally,回升,11.8600,8.0600,9.5200,9.1000,10.3800,8.3200,10.2600,9.0700,7.1100,9.3500
002141SZ,2026-03-13 15:00:00,4.0800,down_natural,自然回升,4.5700,3.7700,3.9900,4.1500,4.3800,3.8800,4.0000,4.4000,3.8800,4.4600
002140SZ,2026-03-13 15:00:00,14.2000,up,上升趋势,14.9100,10.6900,13.5000,13.0800,14.6000,11.6500,,13.0700,11.6900,13.3500
002144SZ,2026-03-13 15:00:00,15.8500,up_secondary,次级回撤,17.7800,12.0100,15.6500,15.3900,17.1400,14.0500,15.8000,15.3500,13.2000,15.8400
002149SZ,2026-03-13 15:00:00,43.5300,down,下跌趋势,57.9800,43.2200,50.5500,51.0000,56.9600,46.8000,50.6400,50.9500,49.1200,51.4500
002152SZ,2026-03-13 15:00:00,12.9200,down_secondary,次级回升,15.0800,11.9000,13.0500,14.4000,14.7500,12.5200,13.0600,13.5000,12.6700,13.5000
002146SZ,2026-03-13 15:00:00,1.5600,down,下跌趋势,1.9700,1.5100,1.7900,1.7300,1.9400,1.5500,1.8000,1.6200,1.7400,1.8600
002153SZ,2026-03-13 15:00:00,10.8400,down_natural,自然回升,16.7800,10.7600,15.5800,11.4800,16.5700,12.1400,15.5800,13.2500,15.5800,13.8600
002148SZ,2026-03-13 15:00:00,8.0100,down_natural,自然回升,14.3900,7.7800,12.0500,8.4300,13.1100,8.1300,12.0900,8.9200,11.6900,12.5700
002155SZ,2026-03-13 15:00:00,32.9800,down,下跌趋势,43.6700,32.8600,36.7200,37.6600,40.1400,35.3300,36.7300,35.3700,35.8300,19.9100
002154SZ,2026-03-13 15:00:00,3.8800,down,下跌趋势,5.0200,3.8100,4.4000,4.1500,4.7200,3.8200,4.4100,3.9000,4.2700,4.5000
002150SZ,2026-03-13 15:00:00,33.5300,up,上升趋势,34.9800,23.0800,,29.8800,,26.0000,,29.6800,23.6000,31.3300
002145SZ,2026-03-13 15:00:00,5.4600,up_rally,回升,5.7900,4.6300,5.1800,5.1700,5.7000,4.8100,,5.1500,5.3600,5.3200
002156SZ,2026-03-13 15:00:00,45.8600,down_rally,回撤,59.2000,44.5000,53.6800,48.6600,57.3400,45.3600,53.6800,45.6800,52.0800,52.9800
002151SZ,2026-03-13 15:00:00,45.7000,down_break,破碎,66.9000,40.6100,54.1900,46.0000,60.2200,41.9500,54.2100,45.1900,54.1900,48.2400
002142SZ,2026-03-13 15:00:00,31.1500,up_natural,自然回撤,32.9200,25.9100,30.7700,30.2200,,27.5500,,30.1000,26.7900,31.1000
002139SZ,2026-03-13 15:00:00,12.8000,up_secondary,次级回撤,18.5600,11.8900,10.6800,15.6500,16.9500,14.4100,12.2800,15.7800,12.7200,16.0700
002157SZ,2026-03-13 15:00:00,3.3400,down_natural,自然回升,3.9300,3.0800,3.3800,3.5400,3.6500,3.1500,3.4000,3.2500,3.2800,3.1200
002163SZ,2026-03-13 15:00:00,13.6000,down_rally,回撤,18.9200,12.6600,15.5000,25.0300,17.1500,13.5700,15.5500,16.5000,15.0800,14.6500
002165SZ,2026-03-13 15:00:00,12.7600,down_break,破碎,14.9900,10.8400,13.7500,12.5900,14.7500,11.5100,13.7600,12.5000,13.4000,12.7600
002164SZ,2026-03-13 15:00:00,12.7600,down_natural,自然回升,18.5800,12.5700,14.8600,13.4300,17.0100,13.4800,14.8700,13.7000,14.4600,13.8600
002166SZ,2026-03-13 15:00:00,9.4000,up_rally,回升,9.9700,8.3800,8.5700,9.4200,9.5600,8.8200,8.8200,9.3700,8.5700,9.5500
000001SH,2026-03-27 14:59:00,3915.3205,up_natural,自然回撤,4197.2280,,3794.6844,,,,,,,
000007SH,2026-03-27 14:59:00,4873.3959,up_natural,自然回撤,5077.2530,,4660.8617,,,,,,,
000009SH,2026-03-27 14:59:00,6796.7004,up_natural,自然回撤,7587.6561,,6513.0259,,7506.0438,,,,,
000006SH,2026-03-27 14:59:00,4086.1975,up_natural,自然回撤,4518.1886,,4008.7567,,,,,,,
002158SZ,2026-03-13 15:00:00,24.3300,down_natural,自然回升,28.2800,23.0000,26.1200,25.1100,28.1000,22.6700,26.1900,25.4000,25.3900,26.1700
002159SZ,2026-03-13 15:00:00,20.3100,up_natural,自然回撤,21.6200,13.1300,20.1700,16.4800,20.6000,14.3500,18.6300,16.4700,18.2700,16.9500
002160SZ,2026-03-13 15:00:00,5.5900,down_rally,回撤,7.4500,5.4200,6.8000,6.1600,7.4500,5.5600,6.8000,5.9500,6.8000,5.7000
002161SZ,2026-03-13 15:00:00,7.9700,up_rally,回升,9.3600,6.8400,7.6000,8.3900,8.4400,7.8500,,8.3800,7.3600,8.5600
002162SZ,2026-03-13 15:00:00,4.9800,up_natural,自然回撤,6.4500,4.3700,4.9100,4.8800,5.9200,4.6100,5.2000,4.9600,4.8600,5.0000
000011SH,2026-03-27 14:59:00,6767.8590,up_natural,自然回撤,7275.1406,,6583.8345,,,,,,,
000012SH,2026-03-27 14:59:00,225.9008,up,上升趋势,226.1214,,,,,,,,,
000008SH,2026-03-27 14:59:00,3358.7293,up_natural,自然回撤,3749.2848,,3294.9000,,,,,,,
000016SH,2026-03-27 14:59:00,2839.3936,up_natural,自然回撤,3177.7353,,2779.5990,,,,,,,
000026SH,2026-03-27 14:59:00,5820.4706,down,下跌趋势,6971.7955,5638.1496,5833.7526,,6889.5902,,5835.6510,,5660.4439,
000021SH,2026-03-27 14:59:00,1050.1643,up_natural,自然回撤,1127.8098,,1028.1752,,,,,,,
000010SH,2026-03-27 14:59:00,9652.9914,up_natural,自然回撤,10560.0462,,9422.6054,,,,,,,
000017SH,2026-03-27 14:59:00,3309.3915,up_natural,自然回撤,3547.8558,,3207.4186,,,,,,,
000030SH,2026-03-27 14:59:00,2457.3131,up_natural,自然回撤,2796.5206,,2386.3345,,,,,,,
000002SH,2026-03-27 14:59:00,4105.4070,up_natural,自然回撤,4401.2590,,3978.6656,,,,,,,
000025SH,2026-03-27 14:59:00,1770.0540,up_natural,自然回撤,1882.5185,,1737.6211,,1818.0281,,,,,
000019SH,2026-03-27 14:59:00,1207.5609,up_natural,自然回撤,1294.8275,,1177.5587,,,,,,,
000039SH,2026-03-27 14:59:00,5158.1484,down_natural,自然回升,6440.8584,4981.0240,5567.5482,5312.9972,6081.0661,5397.2202,5590.4061,5400.1494,5401.2801,
000020SH,2026-03-27 14:59:00,1680.7892,down_natural,自然回升,1890.4350,1588.2294,1717.5032,1690.1800,1826.2678,,1717.5032,,1682.8022,
000027SH,2026-03-27 14:59:00,789.4372,up_natural,自然回撤,850.6022,,769.2736,,,,,,,
000028SH,2026-03-27 14:59:00,3720.8128,up_natural,自然回撤,4318.9799,,3600.8752,,,,,,,
000018SH,2026-03-27 14:59:00,5355.4124,up_natural,自然回撤,6140.3984,,5266.8345,,,,,,,
000032SH,2026-03-27 14:59:00,2408.7831,up_break,破碎,2649.0678,,2350.2751,,2497.2678,,2350.2751,,2330.8482,
000034SH,2026-03-27 14:59:00,2291.8245,up_natural,自然回撤,2472.8885,,2245.0759,,,,,,,
000029SH,2026-03-27 14:59:00,4230.0260,up_natural,自然回撤,4577.4101,,4172.7256,,,,,,,
000035SH,2026-03-27 14:59:00,2590.8211,up_natural,自然回撤,3094.4091,,2538.9143,,,,,,,
000038SH,2026-03-27 14:59:00,5318.3204,up_natural,自然回撤,6139.5570,,5234.5781,,,,,,,
000031SH,2026-03-27 14:59:00,3127.1867,up_natural,自然回撤,3342.9017,,3077.7566,,,,,,,
000042SH,2026-03-27 14:59:00,1738.1520,up_natural,自然回撤,1853.3117,,1715.6313,,,,,,,
000033SH,2026-03-27 14:59:00,3740.6914,down_natural,自然回升,4746.9185,3535.7057,3914.3894,3797.9835,4659.4285,,3922.5317,,3799.1894,
000036SH,2026-03-27 14:59:00,10352.1381,up_natural,自然回撤,11366.9888,,10043.1047,,,,,,,
000037SH,2026-03-27 14:59:00,6154.3967,up_rally,回升,6994.7304,,5762.5986,,6164.8487,,,,,
000048SH,2026-03-27 14:59:00,1398.6130,up_natural,自然回撤,1528.6353,,1368.8536,,,,,,,
000069SH,2026-03-27 14:59:00,4536.8171,up_natural,自然回撤,5161.4811,,4368.6840,,,,,,,
000065SH,2026-03-27 14:59:00,3565.0457,up_natural,自然回撤,3919.2338,,3460.6765,,,,,,,
000049SH,2026-03-27 14:59:00,1983.0582,down,下跌趋势,2226.7291,1899.2504,2047.2157,,2170.2807,,2047.2157,,2004.0049,
000056SH,2026-03-27 14:59:00,1226.5468,up_natural,自然回撤,1330.5384,,1200.9615,,,,,,,
000058SH,2026-03-27 14:59:00,4572.0937,up_natural,自然回撤,4875.5041,,4501.5617,,,,,,,
000062SH,2026-03-27 14:59:00,1999.3346,up_natural,自然回撤,2240.6616,,1948.1926,,,,,,,
000066SH,2026-03-27 14:59:00,3950.9536,up_natural,自然回撤,4687.7296,,3797.0026,,4601.0110,,,,,
000060SH,2026-03-27 14:59:00,4375.4831,up_natural,自然回撤,4647.4971,,4284.3748,,,,,,,
000063SH,2026-03-27 14:59:00,3769.2931,down,下跌趋势,4224.1595,3691.0044,3952.9598,,4201.1435,,3952.9598,,3834.5331,
000059SH,2026-03-27 14:59:00,3241.1326,up_natural,自然回撤,3659.2972,,3129.0001,,,,,,,
000050SH,2026-03-27 14:59:00,2278.4614,up_natural,自然回撤,2537.8906,,2243.2765,,,,,,,
000045SH,2026-03-27 14:59:00,5886.3739,up_natural,自然回撤,6586.7600,,5635.2358,,6552.8965,,,,,
000055SH,2026-03-27 14:59:00,1511.5679,up_natural,自然回撤,1695.0303,,1470.4610,,,,,,,
000061SH,2026-03-27 14:59:00,178.2169,up,上升趋势,178.7099,,,,,,,,,
000068SH,2026-03-27 14:59:00,4413.5704,up_natural,自然回撤,5273.8330,,4234.1528,,5232.4563,,,,,
000070SH,2026-03-27 14:59:00,3467.9186,up_break,破碎,3747.7163,,3358.1582,,3653.2660,,3359.7006,,3306.9613,
000099SH,2026-03-27 14:59:00,9247.6729,up_natural,自然回撤,10234.3364,,8907.5033,,,,,,,
000096SH,2026-03-27 14:59:00,3968.7473,up_natural,自然回撤,4473.8556,,3846.2777,,,,,,,
000078SH,2026-03-27 14:59:00,3764.5554,up_rally,回升,4165.0839,,3572.9644,,3815.9594,,3849.4576,,,
000090SH,2026-03-27 14:59:00,1431.3227,up_natural,自然回撤,1557.3154,,1379.9230,,,,,,,
000100SH,2026-03-27 14:59:00,6124.4180,up_natural,自然回撤,6566.7827,,5981.0855,,,,,,,
000153SH,2026-03-27 14:59:00,3291.0315,up_natural,自然回撤,3548.9439,,3151.4162,,,,,,,
000155SH,2026-03-27 14:59:00,3103.4075,up_natural,自然回撤,3458.0767,,3037.1498,,,,,,,
000151SH,2026-03-27 14:59:00,1630.6688,up_natural,自然回撤,1705.8472,,1599.6178,,,,,,,
000158SH,2026-03-27 14:59:00,1465.1733,up_rally,回升,1542.2339,,1409.0851,,1501.1189,,1422.2047,,1409.0851,
000159SH,2026-03-27 14:59:00,3620.8321,up_natural,自然回撤,3944.8921,,3498.0233,,,,,,,
000680SH,2026-03-27 14:59:00,1662.9828,down_natural,自然回升,1908.8423,1576.3982,1686.2816,1684.1743,1806.9508,,1686.7036,,1636.1995,
000683SH,2026-03-27 14:59:00,1038.4332,down_natural,自然回升,1240.3426,955.7577,993.6391,1043.4491,1061.0612,,993.6391,,964.5411,
000682SH,2026-03-27 14:59:00,1958.5715,down_natural,自然回升,2411.4425,1878.9454,2128.6314,2006.3109,2277.0820,2022.6931,2129.5711,2022.6931,2065.5265,
000687SH,2026-03-27 14:59:00,1307.3906,down,下跌趋势,1541.7926,1260.1482,1395.9176,,1537.7745,,1397.2365,,1354.6167,
000681SH,2026-03-27 14:59:00,1605.1249,down_natural,自然回升,1842.5159,1521.5527,1627.6210,1625.5791,1744.0925,,1628.0204,,1579.2735,
000685SH,2026-03-27 14:59:00,2663.7905,down_natural,自然回升,3206.4370,2530.2978,2811.3846,2722.7483,3073.7427,2714.7316,2812.4819,2728.7116,2728.5713,
000688SH,2026-03-27 14:59:00,1301.4391,down_natural,自然回升,1575.4524,1249.0112,1405.8744,1326.6494,1494.7494,,1405.8744,,1365.6062,
000802SH,2026-03-27 14:59:00,7772.8541,up_natural,自然回撤,8713.8923,,7452.9154,,8713.8923,,,,,
000852SH,2026-03-27 14:59:00,7748.3300,up_natural,自然回撤,8560.5226,,7357.6959,,8532.9635,,,,,
000856SH,2026-03-27 14:59:00,7964.3538,down,下跌趋势,8898.7576,7619.5468,8109.7079,,8837.2325,,8113.8552,,7947.8685,
000858SH,2026-03-27 14:59:00,10461.2901,down_natural,自然回升,12670.9507,9999.7276,11261.5851,10769.0855,12288.9580,10893.6732,11269.6675,11009.2395,10938.4086,
000863SH,2026-03-27 14:59:00,2646.8404,down_natural,自然回升,3173.1600,2427.8962,2537.7919,2655.4489,2714.6071,,2537.7919,,2461.8462,
000690SH,2026-03-27 14:59:00,1926.2845,up_rally,回升,2107.9787,,1834.2669,,1959.1455,,1857.6969,,1834.2669,
000869SH,2026-03-27 14:59:00,4448.1518,up_natural,自然回撤,4677.8527,,4245.1455,,,,,,,
000692SH,2026-03-27 14:59:00,1281.4721,down_natural,自然回升,1445.4215,1203.6357,1315.6476,1297.4047,1394.6427,1246.4816,1315.6476,1352.9678,1277.6596,1399.3895
000819SH,2026-03-27 14:59:00,9589.4962,down_natural,自然回升,12914.9094,8810.6374,11952.5927,9656.3834,12872.5708,9989.5126,11952.5927,11098.7603,11597.4691,
000695SH,2026-03-27 14:59:00,1019.0448,down_natural,自然回升,1225.4676,979.2430,1121.5292,1040.7652,1196.8321,1053.4797,1121.6200,1053.4797,1088.9193,
000905SH,2026-03-27 14:59:00,7739.7507,up_natural,自然回撤,8683.9816,,7379.8608,,8674.0877,,,,,
000693SH,2026-03-27 14:59:00,1448.4747,down_natural,自然回升,1711.3765,1369.0426,1508.6449,1468.6288,1622.6694,,1509.1349,,1464.2371,
000823SH,2026-03-27 14:59:00,11181.6725,down_natural,自然回升,15040.9092,10302.5038,13921.9049,11261.0991,14961.4854,11668.5678,13921.9049,12993.9695,13519.3167,
000888SH,2026-03-27 14:59:00,4490.6358,up_natural,自然回撤,4813.9297,,4352.2441,,,,,,,
000913SH,2026-03-27 14:59:00,7900.5324,up_natural,自然回撤,9070.1011,,7521.0031,,,,,,,
000906SH,2026-03-27 14:59:00,5059.0481,up_natural,自然回撤,5427.3984,,4903.7329,,,,,,,
000939SZ,2020-12-16 15:00:00,0.1500,up_secondary,次级回撤,1.0500,,0.1400,,0.1700,,0.1500,,,
000928SH,2026-03-27 14:59:00,3543.0110,up_break,破碎,3911.8329,,3530.6005,,3775.6756,,3530.8422,,3458.8006,
000901SH,2026-03-27 14:59:00,6313.2705,up_natural,自然回撤,6771.7203,,6167.5316,,,,,,,
000993SH,2026-03-27 14:59:00,8171.8602,down_natural,自然回升,9667.9245,7877.0742,8421.5733,8421.2135,9040.2134,,8421.9550,,8178.8217,
000995SZ,2026-03-13 15:00:00,15.4900,down_natural,自然回升,21.2000,14.7000,19.4000,16.0400,21.0700,15.3700,19.5200,15.3800,18.8500,13.5000
001206SZ,2026-03-13 15:00:00,22.3400,down_natural,自然回升,34.8700,22.0000,31.7200,23.3300,33.7700,28.6200,31.7200,29.9400,30.7700,34.1000
000935SH,2026-03-27 14:59:00,6094.1615,down_natural,自然回升,7299.3381,5877.9653,6494.2023,6277.2156,7041.3007,6274.1281,6501.1100,6317.9477,6304.3404,
000989SH,2026-03-27 14:59:00,5116.5498,up_natural,自然回撤,5774.3633,,4990.4540,,,,,,,
000982SH,2026-03-27 14:59:00,9361.8355,up_natural,自然回撤,10327.4725,,8951.0138,,10314.5825,,,,,
000987SH,2026-03-27 14:59:00,5231.2270,down_natural,自然回升,6396.3650,4873.0206,5334.6438,5264.3419,6324.6152,,5335.6063,,5175.3479,
000933SH,2026-03-27 14:59:00,7929.5321,up_natural,自然回撤,8925.0471,,7511.2172,,,,,,,
000932SH,2026-03-27 14:59:00,14485.9779,up_break,破碎,15619.0860,,14494.2382,,15412.9436,,14494.2382,,14084.0430,
001202SZ,2026-03-13 15:00:00,17.7300,up_secondary,次级回撤,24.3800,14.8000,17.2000,18.1800,18.4800,16.3500,17.2300,17.7100,14.5700,18.5800
001207SZ,2026-03-13 15:00:00,30.9400,up_natural,自然回撤,34.3300,22.0300,30.6500,24.9800,28.8200,22.0600,26.2800,24.9600,25.9000,25.7200
001208SZ,2026-03-13 15:00:00,20.8800,down_rally,回撤,31.9000,20.0900,25.7100,23.3300,29.2700,20.8400,26.0100,21.9000,25.0100,25.1000
001213SZ,2026-03-13 15:00:00,4.3200,up_rally,回升,4.8200,3.5700,4.0200,4.2900,4.3500,3.9300,4.0700,4.2800,3.7400,4.4100
001212SZ,2026-03-13 15:00:00,54.2400,up_natural,自然回撤,58.2500,47.3100,54.0000,56.3000,,52.0000,,56.0000,48.7300,57.9200
001210SZ,2026-03-13 15:00:00,22.9300,up_rally,回升,25.2800,15.9100,22.0500,18.2700,23.5700,17.1000,22.2000,18.3000,22.0500,18.7900
001211SZ,2026-03-13 15:00:00,28.7200,up_secondary,次级回撤,34.0000,22.2900,24.6200,26.9800,30.8600,24.4300,26.6600,26.9500,25.3000,27.7400
001217SZ,2026-03-13 15:00:00,13.4100,down_rally,回撤,16.6500,12.7300,15.3200,14.2400,16.4900,13.3200,15.3800,13.3800,15.0100,13.8700
001216SZ,2026-03-13 15:00:00,20.5100,up_natural,自然回撤,22.5900,16.3300,20.3200,20.2600,21.4400,17.2200,,20.1000,19.7600,20.6600
001201SZ,2026-03-13 15:00:00,14.9900,down_natural,自然回升,18.5700,14.2800,16.3000,15.3800,17.4400,14.4100,16.3100,14.5800,15.8400,16.0000
001203SZ,2026-03-13 15:00:00,39.5000,up_rally,回升,43.8200,27.4600,34.1000,29.8800,41.5000,27.5300,34.8800,29.8000,34.1000,30.7700
001205SZ,2026-03-13 15:00:00,15.4900,up_secondary,次级回撤,19.6100,16.3500,14.3000,18.5700,18.8300,17.4000,15.4700,18.5800,21.2600,18.8500
001209SZ,2026-03-13 15:00:00,20.5500,down,下跌趋势,34.9900,20.4000,29.2800,30.9200,32.5000,26.6000,29.2900,29.9900,29.2700,26.3600
001215SZ,2026-03-13 15:00:00,35.4800,down,下跌趋势,48.9800,35.3300,38.7700,37.8000,41.8200,35.3000,38.8200,37.6400,37.6200,38.8400
001218SZ,2026-03-13 15:00:00,26.2000,up_rally,回升,27.5800,13.7600,24.5200,18.2400,26.8000,17.0600,21.9400,18.1900,21.5600,18.6900
001222SZ,2026-03-13 15:00:00,20.7800,down,下跌趋势,25.5000,20.2800,23.2100,21.5800,24.8200,20.2800,23.2200,20.2800,22.5600,27.5400
001219SZ,2026-03-13 15:00:00,14.9300,up_rally,回升,16.1600,12.4100,14.1800,13.8200,15.2400,12.5000,14.3300,13.8000,14.1800,14.2300
001221SZ,2026-03-13 15:00:00,65.2300,down_natural,自然回升,71.1800,63.0000,66.7000,67.8100,70.9800,65.1100,66.7000,75.1000,64.7500,78.0800
001233SZ,2026-03-13 15:00:00,68.8900,down_rally,回撤,90.2800,65.4900,83.0000,73.6700,89.9800,68.5800,83.1000,69.2000,80.6000,
001230SZ,2026-03-13 15:00:00,24.8600,up_natural,自然回撤,28.2000,20.5700,24.7800,24.4900,,22.8200,,24.4700,21.0400,25.2000
001223SZ,2026-03-13 15:00:00,52.4400,up_break,破碎,63.5000,45.6700,52.3800,58.9000,55.6500,54.8100,52.3800,58.8000,52.2200,60.4700
001227SZ,2026-03-13 15:00:00,2.3600,down,下跌趋势,2.7700,2.2700,2.3500,2.6700,2.5000,2.4800,2.3500,2.6600,2.2800,2.7500
001225SZ,2026-03-13 15:00:00,53.9700,up_break,破碎,88.6000,72.0600,54.0400,80.0000,58.8600,74.4800,54.0800,79.9800,53.7000,81.5700
001234SZ,2026-03-13 15:00:00,28.2900,down_rally,回撤,32.6000,26.3900,29.7300,30.6000,32.0800,28.2000,29.8000,28.7100,29.0000,30.8100
001229SZ,2026-03-13 15:00:00,38.5800,down_secondary,次级回升,44.8400,34.7600,41.8000,41.9400,44.8400,37.6700,41.8000,40.2900,40.6000,36.7500
001228SZ,2026-03-13 15:00:00,32.5000,up_secondary,次级回撤,35.1800,20.0100,31.3100,25.8000,34.3700,23.1000,32.2100,25.7800,23.7300,26.1800
001231SZ,2026-03-13 15:00:00,25.3800,up_secondary,次级回撤,30.1700,20.2300,23.5200,27.4200,27.4000,25.4600,23.9000,27.4300,23.5200,29.0800
001239SZ,2026-03-13 15:00:00,16.0300,down_secondary,次级回升,21.0700,15.3400,19.0000,17.3800,20.5900,15.3500,19.0700,16.3200,18.4400,16.8300
001226SZ,2026-03-13 15:00:00,45.6200,up_secondary,次级回撤,54.7600,36.3800,42.0000,41.4900,49.1100,38.2500,45.4800,40.9900,37.9000,42.5800
001236SZ,2026-03-13 15:00:00,10.0300,down_natural,自然回升,15.6400,9.6900,13.7900,10.5700,15.4000,9.9300,13.9300,11.1200,13.3900,14.7700
001238SZ,2026-03-13 15:00:00,49.6700,down,下跌趋势,58.4900,49.0000,51.6700,38.4900,56.4600,34.2000,51.6900,38.4800,50.2000,39.5800
001258SZ,2026-03-13 15:00:00,9.3800,up_rally,回升,10.3800,6.6200,9.2400,7.2600,9.8300,6.7300,7.1000,7.2000,6.8400,7.5700
001268SZ,2026-03-13 15:00:00,31.1000,down_rally,回撤,39.3900,29.1100,32.4100,33.0000,34.9200,30.5100,32.5000,31.0100,31.6100,38.0000
001266SZ,2026-03-13 15:00:00,35.0600,down_rally,回撤,39.3700,31.2800,35.4300,38.0500,38.3000,34.9200,35.4400,35.7600,35.4300,35.0000
001277SZ,2026-03-13 15:00:00,39.8600,up_break,破碎,50.0000,37.3000,39.8100,44.4000,42.4200,41.3000,39.8100,44.4000,39.7900,47.0000
001256SZ,2026-03-13 15:00:00,22.6400,down_break,破碎,24.0000,20.0100,22.2000,22.7000,23.8300,21.0700,22.2200,22.6900,21.6000,23.3100
001279SZ,2026-03-13 15:00:00,33.0400,down,下跌趋势,47.7600,32.3800,38.2600,36.3200,42.9000,33.8000,38.3600,34.0900,37.2300,40.9000
001260SZ,2026-03-13 15:00:00,23.4200,down_rally,回撤,26.3000,20.9800,23.4200,24.5300,25.1800,22.7500,23.5200,24.5300,22.7400,26.9800
001278SZ,2026-03-13 15:00:00,23.0200,down,下跌趋势,27.0700,22.4000,23.2700,17.5500,25.3800,16.2700,23.2800,17.4600,22.7600,18.0700
001280SZ,2026-03-13 15:00:00,90.0000,down_natural,自然回升,102.9100,85.0200,90.0300,91.6800,97.1700,88.0800,90.0600,96.3700,87.5100,98.9000
001270SZ,2026-03-13 15:00:00,111.9100,down,下跌趋势,142.2000,111.9100,129.0000,126.4400,138.9900,115.0000,129.0000,118.5100,125.5000,167.3700
001283SZ,2026-03-13 15:00:00,63.8000,down_natural,自然回升,90.0000,60.0100,75.3800,65.7500,82.1200,64.2600,76.3100,74.4000,75.3800,55.1200
001285SZ,2026-03-13 15:00:00,53.5200,down_natural,自然回升,65.5000,52.1000,58.3100,56.1100,64.0000,56.0000,58.4600,56.6600,56.6200,
001259SZ,2026-03-13 15:00:00,34.5300,up_rally,回升,37.9700,23.7800,30.6200,26.2300,35.9600,24.0500,28.1400,26.1400,27.3200,27.0000
001267SZ,2026-03-13 15:00:00,43.2000,up_natural,自然回撤,49.9500,22.6300,43.0800,29.8500,40.0300,25.0000,,29.8000,24.1000,30.5500
001269SZ,2026-03-13 15:00:00,25.5000,down_secondary,次级回升,26.1000,22.8300,23.9000,26.6000,25.4200,23.4800,23.9000,26.2000,23.2100,25.5900
001255SZ,2026-03-13 15:00:00,41.5700,down_secondary,次级回升,58.9700,37.9700,49.6900,42.4900,55.8000,37.9900,49.7000,41.9700,49.6900,40.8800
001282SZ,2026-03-13 15:00:00,22.7000,down,下跌趋势,26.2400,22.4000,24.0600,22.8900,25.6900,20.4200,24.0700,22.7800,23.4200,23.5600
001299SZ,2026-03-13 15:00:00,13.9600,up_break,破碎,16.4300,11.4800,13.5000,13.7500,14.6800,12.3000,13.6500,13.3500,13.3800,14.5800
001286SZ,2026-03-13 15:00:00,11.1500,up,上升趋势,11.4800,8.5500,9.2700,9.5900,10.3900,8.8800,,9.5600,8.9700,9.8600
001289SZ,2026-03-13 15:00:00,18.4300,down_natural,自然回升,18.7500,14.9600,16.5800,18.8400,18.3700,16.2100,16.5900,17.3000,16.1200,17.8000
001298SZ,2026-03-13 15:00:00,30.7400,down_secondary,次级回升,37.9800,28.5100,35.0300,35.4000,37.8100,28.9400,35.0500,31.2500,34.2000,35.8800
001287SZ,2026-03-13 15:00:00,22.2300,down_secondary,次级回升,24.5000,20.8400,22.4200,27.5800,24.5000,21.6600,22.4600,23.4900,21.7700,29.7200
001296SZ,2026-03-13 15:00:00,25.8400,down_rally,回撤,30.8500,25.6800,28.3300,27.4600,30.2800,25.8000,28.3900,25.8000,27.5200,30.1800
001306SZ,2026-03-13 15:00:00,71.5600,down,下跌趋势,112.9800,71.5200,101.0000,76.9800,107.7600,71.6700,101.2800,72.2100,99.0100,92.7500
001313SZ,2026-03-13 15:00:00,7.6000,down_secondary,次级回升,9.2500,7.1600,7.9100,8.2600,8.6400,7.2300,7.9200,7.8200,7.6800,8.9700
001308SZ,2026-03-13 15:00:00,20.7000,down_rally,回撤,26.2600,19.9200,24.5100,21.5000,26.0600,19.9500,24.5100,20.2000,23.8000,21.1800
001301SZ,2026-03-13 15:00:00,86.6600,down_natural,自然回升,109.7000,71.8600,90.5500,89.0000,98.1900,73.3100,92.1800,76.6000,88.0000,108.2800
001288SZ,2026-03-13 15:00:00,33.0000,down,下跌趋势,40.9900,32.8500,34.1400,21.3000,38.8800,19.4000,34.1500,21.0200,33.1200,21.8700
001309SZ,2026-03-13 15:00:00,320.0500,up,上升趋势,322.8500,227.0000,,309.6600,,289.2600,,309.0000,258.0000,317.9500
001311SZ,2026-03-13 15:00:00,34.1700,down_natural,自然回升,46.9700,33.2000,41.0000,35.4500,44.4200,33.2800,41.5000,33.2800,40.0100,28.2200
001318SZ,2026-03-13 15:00:00,14.3200,down,下跌趋势,17.5700,14.0600,16.0700,17.8300,17.3200,14.7200,16.1400,15.7800,15.5900,17.0800
001314SZ,2026-03-13 15:00:00,46.1000,up_secondary,次级回撤,59.2700,50.8600,34.6000,56.7200,58.0000,52.3300,41.9100,56.6800,54.0400,58.0000
001300SZ,2026-03-13 15:00:00,16.8900,down_natural,自然回升,18.5400,15.7000,16.5000,17.6100,17.7200,15.0800,16.5100,16.1400,16.0100,16.6300
001316SZ,2026-03-13 15:00:00,48.1100,down_rally,回撤,63.6300,47.3700,57.4400,52.5800,61.0000,48.0100,57.4400,49.4100,56.2200,38.1700
001317SZ,2026-03-13 15:00:00,45.4100,down,下跌趋势,62.9200,45.0000,57.4400,54.1900,61.3800,46.5200,57.4400,50.7800,55.9000,59.5300
001330SZ,2026-03-13 15:00:00,7.2600,down,下跌趋势,13.7200,7.2100,12.8800,13.0700,13.6700,11.4900,12.8800,12.9800,12.8800,10.0000
001325SZ,2026-03-13 15:00:00,56.0000,up_natural,自然回撤,58.7600,,54.7500,,58.2200,,49.3000,,,
001326SZ,2026-03-13 15:00:00,63.6300,up_natural,自然回撤,68.6800,39.7000,63.6300,47.1600,67.8800,42.5800,61.3800,47.1500,50.1000,48.4800
001319SZ,2026-03-13 15:00:00,26.1500,down_rally,回撤,31.7100,25.6200,28.5300,27.7000,31.5700,25.9900,28.7300,26.0200,27.6800,30.7500
001323SZ,2026-03-13 15:00:00,26.4000,up_natural,自然回撤,29.6600,24.8000,25.8000,27.3500,,25.3600,,27.3200,34.0600,28.1500
001324SZ,2026-03-13 15:00:00,21.0100,up,上升趋势,22.1000,17.2700,19.3500,19.8800,20.6800,18.4700,,19.7800,21.5000,20.4200
001322SZ,2026-03-13 15:00:00,8.5800,up_natural,自然回撤,9.7700,7.3900,8.5300,7.9500,9.7500,7.3900,8.0000,7.9400,8.1000,8.0700
001356SZ,2026-03-13 15:00:00,11.9500,up_natural,自然回撤,13.4500,,11.7400,,,,,,,
001336SZ,2026-03-13 15:00:00,27.6500,down_secondary,次级回升,31.1200,22.1100,23.6900,31.4800,25.5800,24.2100,23.7200,29.2200,22.9800,31.8500
001333SZ,2026-03-13 15:00:00,27.2000,up_rally,回升,27.7500,20.9200,24.7000,23.6500,27.6400,22.1000,25.7200,23.6400,22.5100,24.2800
001338SZ,2026-03-13 15:00:00,13.7600,up,上升趋势,13.9800,11.0000,12.2700,12.5200,13.1100,11.9900,,12.7600,11.1600,12.8800
001328SZ,2026-03-13 15:00:00,34.4200,up_natural,自然回撤,44.3500,34.4400,33.8800,42.5000,,38.5500,,42.4900,50.2000,43.6200
001331SZ,2026-03-13 15:00:00,54.4500,down_secondary,次级回升,63.0000,49.9900,56.3000,60.6000,59.8500,51.0000,56.3000,59.2200,54.6800,60.6400
001332SZ,2026-03-13 15:00:00,60.4700,up_natural,自然回撤,68.1800,52.1000,60.0000,61.5500,,55.0100,,61.3500,54.8600,63.1300
001335SZ,2026-03-13 15:00:00,45.5900,up_rally,回升,58.6800,,42.0200,,46.6500,,46.3100,,,
001337SZ,2026-03-13 15:00:00,53.7300,up_natural,自然回撤,62.8000,43.5000,53.6800,48.7000,60.9500,45.5100,52.0700,48.2700,64.1000,50.0000
001358SZ,2026-03-13 15:00:00,29.7500,up_rally,回升,31.4900,24.3700,28.2600,29.9500,31.2000,27.8000,,29.8800,27.5000,30.8100
001360SZ,2026-03-13 15:00:00,22.8000,down,下跌趋势,30.9800,22.7300,24.6800,28.9000,27.0500,22.9000,24.9400,27.1300,24.0300,16.5000
001359SZ,2026-03-13 15:00:00,74.5000,up_secondary,次级回撤,85.4400,46.3000,73.0300,52.3800,80.7500,48.9000,73.2800,52.3800,73.0300,53.6800
001339SZ,2026-03-13 15:00:00,73.2400,down_natural,自然回升,80.0000,70.7800,74.0000,76.6500,78.8400,52.7100,74.0100,56.2000,71.8500,57.7500
001366SZ,2026-03-13 15:00:00,15.7600,up_secondary,次级回撤,16.3000,12.5000,13.5200,14.4800,15.7600,13.5200,14.3700,14.4700,13.0600,14.9000
001369SZ,2026-03-13 15:00:00,18.2800,down_break,破碎,25.0000,14.1900,20.8100,18.6300,23.3000,16.9500,20.8800,18.3300,20.2400,18.6800
001367SZ,2026-03-13 15:00:00,22.9000,down_secondary,次级回升,32.2000,20.0100,29.0000,27.5600,32.0000,21.0500,29.0200,23.6500,28.1800,27.9500
001368SZ,2026-03-13 15:00:00,26.2100,up_secondary,次级回撤,33.7100,16.3600,25.6500,23.2400,27.4600,20.0000,25.7000,22.3600,24.9300,23.6800
001373SZ,2026-03-13 15:00:00,40.5000,up_secondary,次级回撤,46.5000,28.0300,40.0200,31.3800,43.6900,28.3500,40.2200,31.3700,40.0200,32.3100
001376SZ,2026-03-13 15:00:00,21.7700,up_secondary,次级回撤,24.5000,18.8000,19.7100,21.1300,23.4000,19.0600,21.6000,21.0700,21.3600,21.4500
001379SZ,2026-03-13 15:00:00,22.9700,down_rally,回撤,26.8500,21.8600,22.8100,25.0000,26.7000,22.9400,22.8200,23.4800,22.4000,25.0500
001382SZ,2026-03-13 15:00:00,22.3300,up,上升趋势,22.6800,,20.2000,,22.3000,,,,,
001378SZ,2026-03-13 15:00:00,26.3700,up,上升趋势,26.8000,18.9000,24.3000,22.6800,26.2600,21.0200,,22.6500,22.1000,23.2500
001380SZ,2026-03-13 15:00:00,22.0500,down_rally,回撤,30.9100,21.3800,26.6700,25.4000,28.4900,21.4900,26.6700,23.8700,26.0200,24.9900
001386SZ,2026-03-13 15:00:00,22.5000,up_natural,自然回撤,27.2800,,22.1600,,26.3300,,,,,
001390SZ,2026-03-13 15:00:00,22.8000,up_natural,自然回撤,26.0000,,22.0900,,,,,,,
001391SZ,2026-03-13 15:00:00,5.7000,down,下跌趋势,8.8800,5.6400,7.3300,7.8500,7.7900,6.3600,7.3300,7.7300,7.1200,8.0300
002169SZ,2026-03-13 15:00:00,15.5300,down_rally,回撤,16.5600,14.3700,15.0000,16.6500,15.9800,15.4300,15.0100,15.6300,14.5500,10.0000
001400SZ,2026-03-13 15:00:00,134.4100,up_natural,自然回撤,158.9900,102.9800,134.3000,119.0000,157.3500,110.5200,117.3200,118.8700,112.9100,121.5700
001395SZ,2026-03-13 15:00:00,42.6900,up_rally,回升,46.3900,,40.9000,,43.4800,,,,,
001387SZ,2026-03-13 15:00:00,14.0600,down_natural,自然回升,17.5500,13.4700,15.8500,14.4100,17.5300,13.5700,16.0200,14.2600,15.4900,15.6800
001396SZ,2026-03-13 15:00:00,49.3000,down_natural,自然回升,61.4400,47.7000,54.3400,51.1500,59.1900,49.1800,54.3500,53.9800,52.8200,47.6600
002167SZ,2026-03-13 15:00:00,13.9500,down_rally,回撤,15.3000,12.0600,14.2600,16.2000,15.2300,13.8900,14.2700,16.0700,14.1300,16.6000
002170SZ,2026-03-13 15:00:00,14.5600,up_rally,回升,15.1500,11.2800,13.7200,12.3900,15.1000,11.3500,13.9400,12.3700,13.7200,12.7500
001388SZ,2026-03-13 15:00:00,45.1700,up_rally,回升,46.5600,,42.7000,,46.2600,,43.1300,,42.7000,
002171SZ,2026-03-13 15:00:00,12.4000,down_natural,自然回升,15.9000,11.9800,14.1300,13.0700,15.0000,12.4500,14.1300,13.0300,13.7200,15.0900
002168SZ,2026-03-13 15:00:00,3.9800,up_rally,回升,4.5300,3.4000,3.8300,4.0600,4.1800,3.7300,3.9000,4.0400,3.8300,4.1700
001389SZ,2026-03-13 15:00:00,119.5700,up_natural,自然回撤,127.8800,95.7100,115.6000,120.8000,,100.5100,,120.2300,102.0000,124.3300
002172SZ,2026-03-13 15:00:00,4.2700,up_secondary,次级回撤,5.2000,3.7100,3.8900,4.0800,4.6600,3.8100,4.1400,4.0600,3.8900,4.2100
002174SZ,2026-03-13 15:00:00,10.4000,down_rally,回撤,18.1500,10.0500,15.8200,11.0900,17.2900,10.3800,15.8300,10.4100,15.3600,13.9900
002179SZ,2026-03-13 15:00:00,35.5600,up_secondary,次级回撤,41.9400,32.1700,33.7700,34.3400,38.0600,32.2600,35.4800,34.3500,36.3300,35.2300
002173SZ,2026-03-13 15:00:00,31.7100,up,上升趋势,32.7300,27.0500,28.6000,29.9100,32.3000,27.7400,28.8300,29.8900,28.6000,30.7500
002181SZ,2026-03-13 15:00:00,10.5600,down_natural,自然回升,12.7800,9.5800,11.6000,11.1000,12.6400,10.6000,11.6000,10.6000,11.6000,12.0600
002175SZ,2026-03-13 15:00:00,3.4700,down_rally,回撤,5.4000,3.0000,4.2700,3.6300,5.2000,3.3800,4.2900,3.3800,4.1800,5.1800
002182SZ,2026-03-13 15:00:00,19.2900,up_secondary,次级回撤,23.1400,17.4800,18.7800,18.7100,20.4800,17.5800,19.2200,18.6600,18.4800,18.9800
002177SZ,2026-03-13 15:00:00,9.0700,down_secondary,次级回升,8.6100,6.2500,7.4200,10.2500,7.8700,7.4000,7.4200,9.8200,7.4200,10.3000
002176SZ,2026-03-13 15:00:00,10.0100,down_secondary,次级回升,12.8700,8.8000,9.9300,11.3000,10.6000,9.6000,9.9300,10.3200,9.6400,11.0200
002183SZ,2026-03-13 15:00:00,5.1600,up_rally,回升,6.4100,4.4700,4.8000,5.3500,5.3000,4.8800,,5.3200,5.3400,5.6000
002180SZ,2026-03-13 15:00:00,19.2300,down_secondary,次级回升,26.8500,17.9100,22.0900,22.6600,25.2600,18.5000,22.1200,19.6500,21.4800,23.5000
002188SZ,2026-03-13 15:00:00,7.0600,up_rally,回升,7.5000,5.9800,6.5200,6.8400,7.3300,6.5000,,7.0000,6.9800,7.2900
002185SZ,2026-03-13 15:00:00,13.6500,down_rally,回撤,16.0000,13.0700,14.6000,14.4200,15.4900,13.5300,14.6000,13.5300,14.2000,15.3000
002178SZ,2026-03-13 15:00:00,6.5400,down_rally,回撤,7.7900,5.9400,7.2800,7.3400,7.7200,6.5100,7.2800,6.9900,7.0700,7.9900
002190SZ,2026-03-13 15:00:00,34.6500,down_natural,自然回升,47.8300,34.1300,41.0000,36.3500,47.3300,35.3000,41.0100,38.8400,39.7800,42.8800
002184SZ,2026-03-13 15:00:00,12.4700,up_rally,回升,17.2700,11.8100,11.9900,13.5000,13.1500,12.5500,12.2300,13.4900,11.9900,13.8400
002191SZ,2026-03-13 15:00:00,3.9400,up_natural,自然回撤,4.7600,4.0100,3.7800,4.4800,,4.1700,,4.4700,4.2700,4.5900
002187SZ,2026-03-13 15:00:00,6.6700,down,下跌趋势,9.5900,6.6000,7.5300,8.7500,8.2500,8.1700,7.5400,8.7300,7.3100,9.0100
002186SZ,2026-03-13 15:00:00,10.9200,down,下跌趋势,15.2900,10.8500,13.4500,13.2200,14.6500,10.8800,13.4600,12.7800,13.0600,12.8000
002189SZ,2026-03-13 15:00:00,21.0100,down_rally,回撤,25.4400,20.9300,22.8000,22.4100,24.8300,20.9700,22.8300,21.0400,22.1700,24.8000
002192SZ,2026-03-13 15:00:00,57.1000,down_secondary,次级回升,62.5600,48.8800,56.7100,60.2300,61.1000,51.7000,56.7600,60.2200,55.2900,52.6400
002193SZ,2026-03-13 15:00:00,6.3100,down_rally,回撤,7.3900,6.1300,6.8800,6.7300,7.3900,6.2800,6.8900,6.3200,6.6800,5.7000
002194SZ,2026-03-13 15:00:00,12.2300,up_secondary,次级回撤,15.4400,13.6000,11.6100,14.9600,15.1600,14.0500,11.6600,14.9500,11.6100,15.3800
002195SZ,2026-03-13 15:00:00,10.4500,up_secondary,次级回撤,13.1900,6.4600,9.3700,11.0000,11.0500,10.1200,9.8200,10.8800,9.3700,11.3100
002196SZ,2026-03-13 15:00:00,14.3600,down_rally,回撤,19.6000,14.2300,17.7800,15.4800,18.8800,14.2800,17.7800,15.4400,17.2800,15.4900
002197SZ,2026-03-13 15:00:00,8.3300,down_rally,回撤,11.2900,8.0900,8.9800,9.2500,9.6000,8.3100,8.9900,8.6300,8.7800,9.4000
002198SZ,2026-03-13 15:00:00,7.8700,up_rally,回升,8.4300,5.9300,6.6300,7.1800,8.2000,6.0100,6.8300,7.1700,6.6200,7.3300
002199SZ,2026-03-13 15:00:00,7.9100,down_rally,回撤,10.5500,7.7100,8.2700,8.3000,8.9500,7.8000,8.2800,7.8000,8.0600,8.7000
002201SZ,2026-03-13 15:00:00,11.7400,down,下跌趋势,16.2800,11.6900,13.9100,12.7000,15.9800,11.8400,13.9400,11.9300,13.5000,14.4400
002202SZ,2026-03-13 15:00:00,31.4300,up_natural,自然回撤,33.0000,24.5600,31.0000,26.5800,29.9800,24.8500,,26.4800,24.7300,27.3000
002204SZ,2026-03-13 15:00:00,7.2700,down_secondary,次级回升,5.6700,4.5700,4.7700,8.3500,5.2300,5.0300,4.7800,8.2800,4.7100,8.5700
002203SZ,2026-03-13 15:00:00,14.2900,down_secondary,次级回升,16.4900,12.7400,14.3900,15.0700,16.0100,13.1000,14.4300,14.5800,14.0000,12.1500
002200SZ,2026-03-13 15:00:00,7.5400,down_natural,自然回升,8.7900,6.6500,8.0600,7.5900,8.5900,7.2900,8.0600,7.7700,7.8800,8.6900
002205SZ,2026-03-13 15:00:00,13.8700,up_break,破碎,15.7300,12.9700,13.8900,15.1800,15.0800,13.4700,13.9000,15.1600,13.8000,15.2800
002206SZ,2026-03-13 15:00:00,6.8800,up_secondary,次级回撤,7.5700,5.4400,6.7700,7.0600,7.3100,6.5200,6.8700,7.0500,6.7700,7.2600
002207SZ,2026-03-13 15:00:00,11.1700,down,下跌趋势,16.0100,10.9800,12.8800,12.4500,14.4400,11.3000,13.0500,11.6800,12.8800,11.7100
002208SZ,2026-03-13 15:00:00,15.5400,up_secondary,次级回撤,17.0800,13.2000,14.7000,14.7500,16.6500,14.0100,15.5200,14.9900,13.7100,15.0700
002209SZ,2026-03-13 15:00:00,15.1600,down_rally,回撤,17.7600,14.5300,15.2600,16.1300,16.8700,15.1100,15.2700,15.1400,14.8200,16.0900
002211SZ,2026-03-13 15:00:00,3.7100,up_rally,回升,3.9200,3.0200,3.5200,3.3400,3.8300,3.1300,,3.3300,3.6000,3.4300
002220SZ,2020-08-10 15:00:00,0.2600,up_secondary,次级回撤,0.2700,0.2300,0.2500,0.2500,0.2700,0.2300,0.2500,0.2500,1.4600,0.2600
002212SZ,2026-03-13 15:00:00,8.4600,down_rally,回撤,13.6200,7.8100,12.4000,9.2900,13.3800,8.4400,12.4100,8.6800,12.0800,10.7700
002215SZ,2026-03-13 15:00:00,11.2400,up_rally,回升,12.4200,10.2200,10.8100,11.3000,11.4800,10.5200,11.0100,11.2900,10.8100,11.6300
002216SZ,2026-03-13 15:00:00,12.1800,up_break,破碎,13.2700,10.2400,12.4400,12.2800,13.2000,11.4200,12.4400,12.4700,12.1100,12.4900
002214SZ,2026-03-13 15:00:00,18.1000,down_secondary,次级回升,21.5600,17.0200,17.6300,18.8900,19.3600,17.2100,17.7200,18.7500,17.1300,8.8500
002217SZ,2026-03-13 15:00:00,2.5800,down,下跌趋势,4.0500,2.5000,2.9900,3.0500,3.3900,2.6500,3.0000,2.6500,2.9200,3.7800
002218SZ,2026-03-13 15:00:00,6.0000,down_rally,回撤,8.1800,5.8000,7.5700,6.8400,8.1500,6.0000,7.5800,6.4200,7.3600,7.4800
002219SZ,2026-03-13 15:00:00,2.4700,down_rally,回撤,2.9700,2.2800,2.5300,2.6000,2.7100,2.4400,2.5300,2.4400,2.5300,2.3700
002222SZ,2026-03-13 15:00:00,62.7500,down_rally,回撤,75.2800,59.8000,69.7100,66.7200,74.3800,61.0000,69.7100,62.7000,67.7800,73.4000
002221SZ,2026-03-13 15:00:00,9.4300,up_secondary,次级回撤,10.1400,7.5800,8.4200,9.0700,9.9700,8.0400,9.3600,9.0200,8.4200,9.2700
002223SZ,2026-03-13 15:00:00,36.2800,down,下跌趋势,46.3100,36.0300,37.8200,39.0600,40.2600,36.3400,37.8200,39.0400,36.7000,40.2100
002210SZ,2026-03-13 15:00:00,2.9300,down_natural,自然回升,4.1200,2.9000,3.5400,3.0800,3.8000,3.0700,3.5600,3.3300,3.4400,3.9800
002213SZ,2026-03-13 15:00:00,28.3800,down_break,破碎,32.6100,24.9600,27.1000,28.8000,30.0000,25.4000,27.1300,28.4300,26.3000,29.3400
002232SZ,2026-03-13 15:00:00,17.7700,down_natural,自然回升,21.0200,17.2300,18.8000,18.3800,20.8800,18.3700,18.8200,19.9600,18.2500,20.1900
002238SZ,2026-03-13 15:00:00,7.7500,down_natural,自然回升,9.9100,7.4800,8.9300,8.1300,9.8000,8.2100,9.0000,9.2800,8.6800,9.4800
002231SZ,2026-03-13 15:00:00,0.6000,down,下跌趋势,5.0500,0.6000,4.6200,1.3100,4.9000,1.2300,4.6200,1.2300,4.5700,4.9700
002234SZ,2026-03-13 15:00:00,9.3500,down_secondary,次级回升,10.6500,7.8500,9.6000,10.3500,10.3000,8.2600,9.6100,9.7800,9.4200,8.8600
002241SZ,2026-03-13 15:00:00,25.1900,down_natural,自然回升,40.6800,24.2200,31.7000,25.7000,34.1300,25.5600,31.7200,25.5600,30.8300,36.5800
002226SZ,2026-03-13 15:00:00,6.3000,down_rally,回撤,7.6100,5.7800,5.9900,6.4200,7.2000,6.1500,6.0000,6.4100,5.8200,6.5500
002229SZ,2026-03-13 15:00:00,16.8300,up_natural,自然回撤,18.6900,14.8700,16.8100,17.7200,18.6000,15.8400,15.8100,16.9100,15.2100,18.3600
002228SZ,2026-03-13 15:00:00,4.1300,down,下跌趋势,6.6500,4.1100,5.9000,4.6100,6.4800,4.3100,6.0800,4.3300,5.9000,4.8800
002224SZ,2026-03-13 15:00:00,4.8000,down_break,破碎,5.1300,4.2600,4.6700,4.8700,5.2000,4.4600,4.6900,4.8600,4.5300,4.9100
002227SZ,2026-03-13 15:00:00,9.7700,down_rally,回撤,16.3600,9.3100,11.6800,10.7700,13.2500,9.7700,11.8700,10.1200,11.6800,16.1800
002233SZ,2026-03-13 15:00:00,9.6400,up_natural,自然回撤,10.3300,7.1000,9.2400,7.9400,9.8200,7.3600,8.2900,7.9300,7.2500,8.1600
002236SZ,2026-03-13 15:00:00,18.0700,up_break,破碎,21.9600,14.3700,18.1000,16.3000,21.4000,15.0800,18.1100,16.2900,17.6400,16.6800
002230SZ,2026-03-13 15:00:00,51.8000,down_natural,自然回升,67.5000,51.2200,57.2600,54.3800,63.0500,54.3300,57.2700,54.5500,55.6600,66.8700
002245SZ,2026-03-13 15:00:00,18.0300,up,上升趋势,18.6700,16.1200,,17.9700,,16.8300,,17.8800,16.9200,18.5000
002243SZ,2026-03-13 15:00:00,9.9600,down_natural,自然回升,12.2500,9.5500,10.3900,10.4200,11.3900,7.3500,10.4100,7.9700,10.0800,8.2100
002246SZ,2026-03-13 15:00:00,24.1200,up_secondary,次级回撤,25.9000,15.3800,22.9000,22.3700,25.6700,15.9800,23.8000,22.3000,19.8500,22.9800
002242SZ,2026-03-13 15:00:00,10.4100,down_natural,自然回升,12.6500,9.5400,10.8000,10.5200,12.2000,10.1700,10.8100,10.8000,10.4800,10.2100
002244SZ,2026-03-13 15:00:00,10.8400,down_natural,自然回升,12.3400,10.1600,11.4800,11.2700,12.2600,9.8200,11.5100,10.5500,11.1900,10.8700
002235SZ,2026-03-13 15:00:00,10.5100,up_secondary,次级回撤,12.0400,10.0000,9.4200,11.2200,11.2800,10.4100,10.4800,11.1700,9.4200,11.4700
002247SZ,2026-03-13 15:00:00,3.0400,up_rally,回升,3.1400,2.6800,2.8400,2.9500,3.1100,2.7400,,2.9400,2.7800,3.0300
002239SZ,2026-03-13 15:00:00,3.1900,down_secondary,次级回升,3.6500,2.8500,3.2100,3.4600,3.5900,2.9900,3.2500,3.2600,3.1200,3.1700
002237SZ,2026-03-13 15:00:00,16.7900,down_rally,回撤,23.5600,16.5300,21.0800,20.5900,23.3300,16.7000,21.0800,18.9300,20.6600,13.7700
002240SZ,2026-03-13 15:00:00,40.3700,down_break,破碎,46.1800,37.1300,38.5000,41.6300,41.3900,39.0900,38.5000,41.5900,38.5000,42.2000
002225SZ,2026-03-13 15:00:00,5.9300,down,下跌趋势,7.0000,5.7500,6.0300,6.1000,6.4400,5.6300,6.0300,6.0700,5.8500,6.2800
002248SZ,2026-03-13 15:00:00,14.1400,up_natural,自然回撤,15.5800,10.5100,14.0500,12.1000,15.5800,11.3400,,12.2000,10.7400,12.4400
002252SZ,2026-03-13 15:00:00,6.2300,down,下跌趋势,7.3000,6.1400,6.6200,7.0200,7.2600,6.5700,6.6300,7.0100,6.4300,7.1400
002261SZ,2026-03-13 15:00:00,36.9000,up_natural,自然回撤,44.0600,29.1300,36.4600,37.7700,39.0500,30.2800,,37.7500,32.0300,38.2800
002253SZ,2026-03-13 15:00:00,10.2900,down_rally,回撤,12.5000,10.1000,11.1000,11.1300,11.8500,10.1300,11.1000,10.4300,10.9300,10.0800
002254SZ,2026-03-13 15:00:00,12.4300,down_rally,回撤,14.1100,11.4700,12.9000,13.8100,13.6900,12.4300,12.9000,12.9300,12.5400,12.9500
002264SZ,2026-03-13 15:00:00,8.9700,down,下跌趋势,12.5800,8.9300,11.3200,10.6700,12.3200,8.4300,11.3400,10.6200,11.0100,10.7500
002249SZ,2026-03-13 15:00:00,9.9600,up_natural,自然回撤,12.1600,9.5900,9.7700,11.6100,,9.8500,,11.6000,11.2300,11.9400
002250SZ,2026-03-13 15:00:00,16.4900,up_secondary,次级回撤,19.3600,10.2000,16.1500,12.1800,17.4800,11.5100,16.3700,12.2500,16.1500,12.5100
002260SZ,2022-06-16 15:00:00,0.5300,down_rally,回撤,3.1500,0.5000,0.7200,0.5500,0.8400,0.5200,0.7300,0.5500,0.7200,0.5600
002255SZ,2026-03-13 15:00:00,13.5000,up_rally,回升,15.2700,11.3800,11.8100,13.4100,13.6400,11.8700,12.1600,13.3600,13.5700,13.8100
002256SZ,2026-03-13 15:00:00,3.9600,up,上升趋势,4.0900,3.4400,3.5200,3.8600,4.0500,3.5500,3.5300,3.8400,3.5200,3.9700
002259SZ,2026-03-13 15:00:00,5.8000,up_secondary,次级回撤,6.4100,3.6600,5.3900,4.1600,6.2700,3.7900,5.4000,4.1400,3.7200,4.2600
002258SZ,2026-03-13 15:00:00,16.6300,up,上升趋势,17.5000,15.3600,,16.7100,,15.6000,,16.6700,16.2200,17.1900
002251SZ,2026-03-13 15:00:00,4.5800,down,下跌趋势,6.0800,4.4900,5.5300,5.3500,6.0200,5.0200,5.5400,5.0200,5.3700,5.9800
002263SZ,2026-03-13 15:00:00,3.6400,down_secondary,次级回升,3.9800,3.1700,3.3100,3.7200,3.5500,3.3300,3.3200,3.7100,3.2200,3.8700
002262SZ,2026-03-13 15:00:00,22.5700,down,下跌趋势,29.3000,22.3600,26.7800,24.1000,29.3000,22.5000,27.1100,22.6000,26.0800,23.9400
002267SZ,2026-03-13 15:00:00,8.1300,down_rally,回撤,9.5700,7.3900,7.9100,9.1400,8.7500,7.8700,7.9200,8.8200,7.6800,8.7900
002266SZ,2026-03-13 15:00:00,4.8500,up_secondary,次级回撤,5.6100,3.9400,4.6200,4.6100,5.2900,4.3300,4.7200,4.5900,4.6200,4.7200
002268SZ,2026-03-13 15:00:00,19.1700,down_rally,回撤,23.7800,18.4800,21.4200,21.0800,22.7500,19.1200,21.4200,19.6600,20.7800,18.2500
002273SZ,2026-03-13 15:00:00,27.6200,down_break,破碎,26.7300,23.2800,24.3100,27.9000,25.7700,25.2000,24.3100,27.8300,23.6600,28.2800
002270SZ,2026-03-13 15:00:00,31.7500,down,下跌趋势,38.0100,31.5200,35.5800,26.7400,37.8200,24.9500,35.5800,26.6700,34.5500,27.4800
002269SZ,2026-03-13 15:00:00,1.8000,down,下跌趋势,2.6400,1.7700,2.1400,1.9600,2.5000,1.8100,2.1500,1.8400,2.0800,2.0700
002271SZ,2026-03-13 15:00:00,16.2800,up_secondary,次级回撤,19.2500,11.9300,16.0200,13.8000,17.2800,12.7400,16.1700,13.7900,12.3400,14.1900
002274SZ,2026-03-13 15:00:00,7.1900,up_rally,回升,7.3900,5.4800,6.4800,6.7000,7.3500,6.0600,,6.5900,6.5600,6.8700
002275SZ,2026-03-13 15:00:00,13.9900,down,下跌趋势,17.3800,13.6200,14.0700,15.7300,14.9500,12.0700,14.0700,15.6900,13.6500,15.8000
002279SZ,2026-03-13 15:00:00,8.7700,down_natural,自然回升,11.3100,8.3600,9.5500,9.1000,10.1900,8.5600,9.5700,9.8600,9.2700,10.2000
002278SZ,2026-03-13 15:00:00,12.5000,down,下跌趋势,16.5000,12.4800,13.6000,13.8300,14.5000,12.4300,13.6200,13.6800,13.2000,14.1800
002277SZ,2026-03-13 15:00:00,7.1000,down_secondary,次级回升,7.6600,6.7200,7.1000,7.2900,7.5500,6.7700,7.1000,7.2300,6.8900,7.6200
002272SZ,2026-03-13 15:00:00,18.7000,down,下跌趋势,22.6000,18.6500,20.3700,21.6500,22.2600,18.7800,20.4400,20.3200,20.3700,18.1300
002265SZ,2026-03-13 15:00:00,22.3200,down,下跌趋势,45.6500,22.1100,41.5100,26.2000,44.4300,23.8300,41.5500,24.6000,41.5100,33.4400
002276SZ,2026-03-13 15:00:00,15.7700,up_break,破碎,18.7300,15.2500,15.7400,17.9000,17.1100,16.5500,15.7500,17.8900,15.6800,18.4000
002280SZ,2024-08-13 15:00:00,0.3700,down,下跌趋势,2.5700,0.3700,2.3000,1.0500,2.4400,0.9700,2.3000,0.9700,2.2600,1.1200
002282SZ,2026-03-13 15:00:00,7.8400,up_rally,回升,8.2400,6.2800,7.0000,7.5600,8.0600,7.0600,7.5200,7.5400,7.5700,7.7800
002288SZ,2024-08-13 15:00:00,0.3700,down,下跌趋势,5.9800,0.3700,5.1300,3.1600,5.8000,1.8900,5.1700,2.4400,4.9800,3.2500
002283SZ,2026-03-13 15:00:00,9.1800,down_rally,回撤,11.3800,8.8900,9.5800,9.7400,10.6500,9.1100,9.7500,9.1500,9.3300,7.3400
002286SZ,2026-03-13 15:00:00,10.1500,up_rally,回升,11.6100,8.6800,9.9800,10.6000,10.7400,9.3000,,10.5800,11.4300,10.8900
002292SZ,2026-03-13 15:00:00,8.3800,up_natural,自然回撤,10.8800,8.3000,8.2300,9.4300,10.8800,8.9400,8.6300,9.5400,8.8800,9.6800
002296SZ,2026-03-13 15:00:00,13.0200,up_break,破碎,15.1700,8.5700,13.1300,11.2700,14.3000,10.5100,13.1400,11.2500,12.9800,11.5900
002294SZ,2026-03-13 15:00:00,52.3900,down_break,破碎,65.6300,44.9500,52.5200,54.0800,63.5000,46.3900,52.5500,54.0100,50.9500,54.9000
002291SZ,2026-03-13 15:00:00,6.8200,down_natural,自然回升,9.0400,6.7300,8.1400,7.1600,9.0000,7.3600,8.1500,8.2800,7.9300,8.5000
002293SZ,2026-03-13 15:00:00,10.2000,up_secondary,次级回撤,10.8500,7.8000,9.3500,10.0500,10.7600,9.2600,9.9200,10.0300,8.7500,10.3500
002284SZ,2026-03-13 15:00:00,14.9800,down,下跌趋势,18.6600,14.9500,16.2200,16.1500,17.2500,15.1800,16.2200,15.1800,15.7400,8.2400
002287SZ,2026-03-13 15:00:00,24.2900,down_rally,回撤,38.1600,23.3200,33.8500,25.9500,37.9900,24.1500,33.8500,25.8800,32.8800,25.9900
002295SZ,2026-03-13 15:00:00,11.5100,down_rally,回撤,14.3800,10.9900,12.5100,12.2000,14.2000,11.4800,12.5200,12.1200,12.2400,12.2300
002285SZ,2026-03-13 15:00:00,2.9900,up_secondary,次级回撤,3.6000,2.8600,2.6000,3.3900,3.0800,3.0400,2.6200,3.3800,2.6000,3.4600
002289SZ,2026-03-13 15:00:00,27.2100,up_break,破碎,29.2100,24.9500,27.3600,27.0000,29.1900,25.2700,27.4200,27.0600,27.1800,27.7700
002281SZ,2026-03-13 15:00:00,88.9400,up_natural,自然回撤,100.6400,65.2700,88.9400,80.7000,,72.3300,,80.2800,66.5700,81.8600
002290SZ,2026-03-13 15:00:00,63.3000,down_rally,回撤,68.6200,55.2100,57.1900,66.8700,61.5000,63.2700,57.1900,66.6700,55.9100,68.5800
002299SZ,2026-03-13 15:00:00,18.5100,down_rally,回撤,18.2800,15.7100,16.7300,19.9900,18.1300,18.4800,16.7500,18.7900,16.4200,17.1400
002300SZ,2026-03-13 15:00:00,10.4300,down,下跌趋势,12.4500,10.3800,11.2000,10.1200,12.1300,9.3100,11.3100,10.1000,10.8700,10.2000
002298SZ,2026-03-13 15:00:00,11.9500,down,下跌趋势,13.6000,11.9500,12.5500,12.7800,13.5000,10.0500,12.5600,12.4100,12.2100,13.1400
002297SZ,2026-03-13 15:00:00,11.7900,up_secondary,次级回撤,14.6600,7.9300,11.6000,9.0600,13.4000,8.2500,11.7600,9.0500,11.3400,9.3300
002301SZ,2026-03-13 15:00:00,7.2400,up_rally,回升,8.9500,6.1300,7.0000,8.1700,7.4900,7.6100,7.1100,8.2200,7.0000,8.3800
002303SZ,2026-03-13 15:00:00,3.8800,down,下跌趋势,4.9400,3.7300,4.2800,4.3400,4.6500,3.8600,4.2900,4.2800,4.1600,3.4000
002305SZ,2026-03-13 15:00:00,2.1600,down_secondary,次级回升,2.7600,1.9500,2.1900,2.9900,2.4700,2.0700,2.2300,2.2000,2.1300,2.6500
002304SZ,2026-03-13 15:00:00,51.2300,down,下跌趋势,95.0000,50.1400,63.1700,59.8200,75.5000,53.9000,63.1800,56.0800,61.3500,86.9500
002302SZ,2026-03-13 15:00:00,6.4900,down_rally,回撤,8.0200,5.8600,7.3300,6.7200,7.8500,6.2300,7.3600,6.7200,7.3300,6.7700
002306SZ,2026-03-13 15:00:00,2.3100,down_natural,自然回升,2.5900,2.1800,2.3000,2.3400,2.5700,1.9500,2.3300,2.1800,2.3000,2.2600
002309SZ,2026-03-13 15:00:00,3.4700,up_natural,自然回撤,3.6800,2.8800,3.4500,3.1200,3.6200,2.9300,3.3700,3.1400,3.2500,3.1900
002312SZ,2026-03-13 15:00:00,13.3300,up_rally,回升,14.1500,10.4800,12.5500,13.0000,13.6700,11.3000,12.6600,12.7600,11.1700,13.3500
002308SZ,2024-08-13 15:00:00,0.5200,down,下跌趋势,3.9600,0.5200,3.3100,2.2500,3.6800,1.7800,3.3200,2.2100,3.2300,2.5500
002307SZ,2026-03-13 15:00:00,5.2000,down_secondary,次级回升,6.0500,4.8400,5.6100,5.3800,6.0100,4.9200,5.6100,5.3600,5.6100,4.7300
002311SZ,2026-03-13 15:00:00,56.5100,down_natural,自然回升,68.4800,49.2000,56.2400,57.3000,60.6600,52.2300,56.3000,53.5000,54.6000,64.9800
002310SZ,2026-03-13 15:00:00,2.7200,up,上升趋势,2.8600,2.2100,,2.6800,,2.2400,,2.6700,2.3900,2.7400
002313SZ,2026-03-13 15:00:00,9.1800,down_natural,自然回升,15.1300,8.8700,11.1800,9.6600,13.3900,9.5500,11.2200,10.3400,10.8500,11.7600
002315SZ,2026-03-13 15:00:00,41.8600,down,下跌趋势,63.4700,41.6500,54.8500,44.7400,58.6500,41.9500,54.8600,42.0000,53.2100,62.2300
002314SZ,2026-03-13 15:00:00,2.6300,down_natural,自然回升,3.4500,2.4900,2.7800,2.7100,3.1600,2.5300,2.8000,2.7700,2.7300,3.1300
002317SZ,2026-03-13 15:00:00,18.1200,down_natural,自然回升,23.6000,17.2000,18.7400,18.6500,20.3800,18.9000,18.7500,20.3200,18.1800,20.8800
002316SZ,2026-03-13 15:00:00,5.6000,up_rally,回升,5.8800,5.1000,5.2600,5.5900,5.8600,5.1600,,5.5800,5.6500,5.7500
002318SZ,2026-03-13 15:00:00,32.9000,up_break,破碎,36.1400,21.5300,33.1800,23.3200,35.9600,21.9000,33.2500,23.3000,32.4500,23.9300
002321SZ,2026-03-13 15:00:00,2.3900,down_natural,自然回升,3.8600,2.2400,3.4500,2.4300,3.6900,2.3000,3.4500,2.5400,3.4500,3.0300
002320SZ,2026-03-13 15:00:00,9.4800,down,下跌趋势,13.5200,9.4500,12.0700,11.0000,12.8100,10.2500,12.0700,10.3300,11.7900,13.3600
002323SZ,2026-03-13 15:00:00,2.5400,down_natural,自然回升,2.5800,2.0700,2.1900,2.5400,2.3500,2.2800,2.2000,2.4200,2.1500,2.5200
002319SZ,2026-03-13 15:00:00,13.1600,down,下跌趋势,16.1800,13.1100,14.4000,11.5500,15.5200,10.1500,14.4200,11.4900,13.9800,11.8800
002322SZ,2026-03-13 15:00:00,14.3600,up_natural,自然回撤,15.5700,11.1100,14.3200,14.5000,15.4900,13.4500,11.3500,14.4800,14.5800,14.9100
002325SZ,2024-08-13 15:00:00,0.3800,down,下跌趋势,1.2200,0.3800,1.1000,0.6800,1.2100,0.6200,1.1300,0.6200,1.0700,1.0800
002324SZ,2026-03-13 15:00:00,16.8600,down_secondary,次级回升,15.2000,11.9700,14.0500,25.6600,15.1500,16.4000,14.1000,17.6800,14.0500,10.8200
002326SZ,2026-03-13 15:00:00,24.1100,down_natural,自然回升,30.5400,21.7600,27.2700,24.5000,29.2000,24.8000,27.4000,24.8000,27.2700,24.1000
002327SZ,2026-03-13 15:00:00,7.0300,down_rally,回撤,8.8000,6.5100,6.9900,7.1500,7.4900,6.6900,7.0000,6.7200,6.8000,8.7400
002328SZ,2026-03-13 15:00:00,7.0300,down_secondary,次级回升,7.2200,5.9500,6.2300,7.5000,6.9300,6.5500,6.3300,7.4400,6.0600,7.5600
002329SZ,2026-03-13 15:00:00,3.8400,down_natural,自然回升,4.9000,3.6000,4.2400,3.9400,4.6600,3.7100,4.2500,3.7100,4.1500,4.7000
002330SZ,2026-03-13 15:00:00,5.1000,up_secondary,次级回撤,5.8000,4.1700,4.6000,4.9600,5.5700,4.6900,4.8000,4.9800,4.2300,5.0200
002331SZ,2026-03-13 15:00:00,8.7200,down_secondary,次级回升,10.7500,8.3000,8.8800,10.5800,9.5200,8.4900,8.8900,9.1900,8.6600,10.8000
002332SZ,2026-03-13 15:00:00,9.0800,down_natural,自然回升,11.7900,8.9600,10.3600,9.5500,11.2400,9.0900,10.4100,9.0900,10.0500,9.8700
002334SZ,2026-03-13 15:00:00,9.8600,up_natural,自然回撤,10.4400,8.1600,9.7700,8.9700,10.3000,8.2300,,8.9500,8.5100,9.2300
002335SZ,2026-03-13 15:00:00,64.0600,up_natural,自然回撤,72.8200,55.1100,63.9000,64.5000,,55.7500,,63.5900,57.9000,66.0000
002336SZ,2025-07-03 15:00:00,0.3600,down_secondary,次级回升,5.0100,0.3400,0.6100,0.3900,0.7200,0.3400,0.6200,0.3800,0.6100,4.5300
002333SZ,2026-03-13 15:00:00,5.8000,up_secondary,次级回撤,6.9200,4.6000,5.3400,5.5500,6.5000,5.1600,5.6300,5.5400,5.3400,5.6900
002337SZ,2026-03-13 15:00:00,6.7600,up_secondary,次级回撤,8.2100,4.2100,5.7600,4.9300,7.1000,4.6100,6.4000,4.9200,5.7600,5.0700
002338SZ,2026-03-13 15:00:00,51.0200,down,下跌趋势,69.0000,50.8200,56.1500,57.1800,63.2300,53.4000,56.1900,53.7000,54.6500,57.5900
002341SZ,2024-08-13 15:00:00,0.6100,down,下跌趋势,3.9700,0.6100,3.5700,0.9500,3.8300,0.7000,3.5700,0.8600,3.4800,2.8800
002342SZ,2026-03-13 15:00:00,13.2300,down,下跌趋势,16.7300,13.2000,15.4500,14.6700,16.4800,13.6800,15.4600,13.7700,15.0500,16.3000
002339SZ,2026-03-13 15:00:00,11.9300,up_natural,自然回撤,13.5500,10.3200,11.8800,12.3100,13.5500,11.2200,,12.2200,11.0000,12.5800
002340SZ,2026-03-13 15:00:00,8.9100,up_secondary,次级回撤,10.1800,7.1800,8.2800,9.5000,10.0500,8.5900,8.6700,9.4800,7.6000,9.7100
002343SZ,2026-03-13 15:00:00,6.6100,down,下跌趋势,8.8900,6.5400,6.9200,8.3000,8.7400,7.6200,6.9300,8.1100,6.7200,8.4500
002344SZ,2026-03-13 15:00:00,4.7200,up_rally,回升,5.3600,3.4900,4.5400,4.4500,4.8400,4.0500,4.6100,4.4400,4.5400,4.5800
002345SZ,2026-03-13 15:00:00,10.3000,down,下跌趋势,15.5000,10.2500,13.9800,14.2500,15.0000,12.1500,14.0000,13.3800,13.6600,13.5800
002346SZ,2026-03-13 15:00:00,20.6000,up_secondary,次级回撤,23.7400,16.7800,19.6400,18.7000,21.9700,17.2000,20.4100,18.6400,17.7600,19.2600
002347SZ,2026-03-13 15:00:00,8.9100,down_rally,回撤,14.5400,8.8500,10.6700,9.6400,11.6500,8.8700,10.6900,9.0600,10.3500,8.2700
002348SZ,2026-03-13 15:00:00,8.7100,up_natural,自然回撤,9.0200,5.7200,8.4700,6.1800,8.7200,5.9200,,6.3200,5.8300,6.3500
002349SZ,2026-03-13 15:00:00,7.6700,down_secondary,次级回升,8.4100,7.2000,7.6300,8.0200,8.2500,7.2800,7.6400,7.7600,7.4100,8.2500
002350SZ,2026-03-13 15:00:00,13.8300,up_natural,自然回撤,16.0500,5.2100,13.8100,6.8100,16.2100,6.4000,13.4200,6.8100,13.3100,6.9200
002352SZ,2026-03-13 15:00:00,38.0600,down,下跌趋势,51.1300,36.0300,45.8000,40.0800,49.6000,37.0300,45.8300,39.5600,44.4400,45.7600
002351SZ,2026-03-13 15:00:00,11.6800,down,下跌趋势,14.9900,11.3900,12.9300,13.5200,14.5500,11.9300,12.9400,12.7000,12.5600,14.3100
002354SZ,2026-03-13 15:00:00,6.1100,down_rally,回撤,8.6700,6.0000,6.7600,6.6000,7.2400,6.0900,6.7600,6.2000,6.7600,8.5100
002353SZ,2026-03-13 15:00:00,105.2300,down,下跌趋势,129.9900,104.2800,113.5600,32.1600,125.6800,30.6000,113.7000,32.4600,111.0900,32.9900
002355SZ,2026-03-13 15:00:00,7.4000,up_rally,回升,7.9900,5.9100,6.5400,7.5700,7.6000,6.6500,,7.4700,5.9400,7.9500
002356SZ,2026-03-13 15:00:00,4.5000,up_rally,回升,4.8600,3.8100,4.1500,4.3300,4.7100,4.0900,4.2800,4.3500,3.8100,4.4300
002357SZ,2026-03-13 15:00:00,15.7000,up_natural,自然回撤,16.4600,9.4500,15.0600,10.9900,16.4500,9.8200,,10.9500,10.1100,11.0400
002359SZ,2021-07-22 15:00:00,0.3500,up_secondary,次级回撤,0.4000,0.2800,0.3300,0.3000,0.3900,0.3000,0.3500,0.3200,1.1600,0.3300
002358SZ,2026-03-13 15:00:00,8.7000,up_natural,自然回撤,9.5000,6.5500,8.6600,7.9200,9.3500,7.2200,,7.9000,7.0500,8.1400
002361SZ,2026-03-13 15:00:00,12.6500,up_break,破碎,13.9400,11.7200,12.6500,13.1400,13.4700,12.2300,12.6600,13.0800,12.4400,13.1500
002360SZ,2026-03-13 15:00:00,6.6900,up,上升趋势,6.8400,4.0000,4.5400,5.2800,6.4500,5.0100,5.3300,5.3200,4.5400,5.4400
002362SZ,2026-03-13 15:00:00,20.3400,down_natural,自然回升,28.5700,19.9800,24.9200,21.3700,26.5800,20.1500,24.9200,22.8200,24.1900,23.0300
002363SZ,2026-03-13 15:00:00,8.8900,down_natural,自然回升,11.3400,8.3600,9.1900,9.2900,11.2000,8.1200,9.2000,8.6600,8.9500,8.8500
002365SZ,2026-03-13 15:00:00,14.4100,down,下跌趋势,19.9000,13.8200,16.8200,15.3300,18.1000,14.3300,16.8600,14.4100,16.3400,19.0900
002364SZ,2026-03-13 15:00:00,32.8600,up_natural,自然回撤,37.3700,28.5900,32.6500,34.9700,37.0000,32.7300,33.0100,34.8900,28.6900,35.5000
002366SZ,2026-03-13 15:00:00,8.8800,up_rally,回升,9.5600,6.9300,7.3700,8.0000,9.1700,7.1000,8.3000,7.9900,8.2600,8.2300
002367SZ,2026-03-13 15:00:00,8.1600,up_rally,回升,8.5800,5.9500,7.7500,7.4300,8.4100,6.9800,,7.4200,6.0400,7.6500
002368SZ,2026-03-13 15:00:00,19.9500,down_rally,回撤,31.2500,19.9200,28.5200,21.3500,30.7000,19.9400,28.5500,20.0500,27.7000,29.2000
002369SZ,2026-03-13 15:00:00,7.8000,down_natural,自然回升,11.0800,7.7000,10.3900,8.1800,11.0800,8.0600,10.3900,8.1200,10.0800,9.3300
002370SZ,2026-03-13 15:00:00,6.5600,up_rally,回升,8.0400,6.8900,6.3900,7.7500,6.8700,7.1600,,7.7400,7.9300,7.9400
002371SZ,2026-03-13 15:00:00,457.8800,up_rally,回升,534.0000,310.8000,435.5000,490.0300,464.7000,314.3300,443.2300,489.6000,435.5000,504.5800
002372SZ,2026-03-13 15:00:00,11.7200,up_rally,回升,12.7200,9.8700,11.4000,10.9900,12.1200,10.0400,11.6900,10.9800,11.4000,11.3000
002373SZ,2026-03-13 15:00:00,10.5800,down,下跌趋势,12.1800,10.3700,10.9300,13.8400,11.6400,10.3900,10.9400,13.4600,10.6100,11.7300
002374SZ,2026-03-13 15:00:00,3.3900,down_secondary,次级回升,3.5600,3.1000,3.3000,4.6300,3.5000,3.2300,3.3000,4.2800,3.2100,2.9800
002381SZ,2026-03-13 15:00:00,7.1000,down_secondary,次级回升,7.3500,6.3000,6.8400,7.4500,7.2600,6.7000,6.8400,7.2000,6.6400,7.1700
002375SZ,2026-03-13 15:00:00,4.1900,up_rally,回升,4.7100,3.2400,3.9900,4.1300,4.2700,3.7000,3.7500,4.0200,4.3000,4.2500
002376SZ,2026-03-13 15:00:00,7.5500,down_secondary,次级回升,8.8700,7.1200,7.9200,8.3600,8.4000,7.2500,7.9200,7.7900,7.6900,8.8000
002378SZ,2026-03-13 15:00:00,36.9200,up_natural,自然回撤,48.4200,38.5300,36.9200,46.0000,,41.1000,,45.9800,41.1000,47.5800
002379SZ,2026-03-13 15:00:00,31.7100,up_natural,自然回撤,33.4400,28.2500,31.4300,30.6400,32.5000,28.6800,,30.6000,29.1600,31.5500
002380SZ,2026-03-13 15:00:00,37.6600,up_natural,自然回撤,43.0000,28.5700,37.3500,35.9800,39.9300,33.4100,,35.9500,29.6500,36.7300
002377SZ,2026-03-13 15:00:00,3.5900,down_rally,回撤,3.9100,3.4700,3.5900,3.8300,3.8800,3.5800,3.6000,3.6000,3.5500,3.2400
002382SZ,2026-03-13 15:00:00,7.5900,up,上升趋势,7.5900,5.1800,5.7800,5.8100,6.2700,5.3900,,5.8000,5.5600,5.9800
002383SZ,2026-03-13 15:00:00,10.6200,up_rally,回升,13.3500,10.9200,10.4200,12.4800,11.1700,11.5800,,12.3700,11.0700,12.9900
002384SZ,2026-03-13 15:00:00,110.9300,up_natural,自然回撤,118.9800,87.1900,110.1100,111.6500,,101.2000,,109.3000,88.8800,112.9300
002385SZ,2026-03-13 15:00:00,4.2900,up_secondary,次级回撤,4.7600,3.9600,3.9900,4.4000,4.4500,3.9600,4.1000,4.3900,4.3200,4.5200
002386SZ,2026-03-13 15:00:00,6.4400,up_rally,回升,6.6000,3.8100,6.1500,4.5400,6.6000,4.2300,5.7100,4.5800,5.1700,4.6600
002388SZ,2026-03-13 15:00:00,5.1800,down_natural,自然回升,6.9700,5.0000,5.7900,5.4500,6.4300,5.2500,5.8000,5.4500,5.6500,3.6800
002389SZ,2026-03-13 15:00:00,23.9600,down,下跌趋势,29.8500,23.9000,26.9600,23.3700,29.3000,20.9600,27.0000,23.2800,26.7000,24.0300
002387SZ,2026-03-13 15:00:00,8.5100,down_natural,自然回升,10.7400,8.1600,9.1500,8.6700,9.7800,8.2500,9.1700,8.8400,8.8800,9.1000
002390SZ,2026-03-13 15:00:00,3.3700,up_secondary,次级回撤,4.1500,3.1400,3.1800,3.5700,3.4900,3.3500,3.2000,3.5600,3.6500,3.6600
002393SZ,2026-03-13 15:00:00,22.4400,down_secondary,次级回升,28.7700,19.6800,26.5000,23.4800,28.7000,21.4100,26.8000,22.8100,26.5000,21.8800
002391SZ,2026-03-13 15:00:00,6.7200,up_rally,回升,7.1500,5.6600,5.5700,6.2200,6.8800,5.8100,,6.3400,5.8100,6.4300
002394SZ,2026-03-13 15:00:00,16.6000,up,上升趋势,17.3400,13.6400,,15.7300,,14.8500,,15.7500,14.4700,16.1700
002392SZ,2026-03-13 15:00:00,7.6300,down,下跌趋势,9.1400,7.5600,7.8100,8.0400,8.6000,7.1800,7.8200,8.0100,7.5800,8.2600
002395SZ,2026-03-13 15:00:00,18.7900,up_rally,回升,20.7700,15.7600,18.1500,19.4800,19.3800,18.1000,,19.4700,15.8000,19.9000
002396SZ,2026-03-13 15:00:00,30.5400,up_natural,自然回撤,33.1000,26.8500,30.4900,31.4300,,27.1600,,31.4100,26.8900,32.2600
002398SZ,2026-03-13 15:00:00,5.5600,down_natural,自然回升,6.5600,5.3500,5.7100,5.7400,6.1000,5.5400,5.7200,6.2800,5.5400,6.4600
002397SZ,2026-03-13 15:00:00,4.1100,down_natural,自然回升,5.0300,4.0700,4.2600,4.3200,4.5500,3.8700,4.2700,4.6600,4.1400,4.7600
002399SZ,2026-03-13 15:00:00,11.4300,down,下跌趋势,14.3400,11.1400,13.4600,12.6400,14.3400,11.5100,13.4600,11.8800,13.0600,11.6100
002400SZ,2026-03-13 15:00:00,9.0500,down,下跌趋势,12.9600,9.0300,11.9000,9.9000,12.9400,9.1800,12.0300,9.3000,11.5800,11.7000
002401SZ,2026-03-13 15:00:00,15.5600,down_secondary,次级回升,23.2500,15.0400,20.6100,17.5400,22.1900,15.3800,20.6900,16.3300,20.0000,22.7400
002402SZ,2026-03-13 15:00:00,31.7800,up_rally,回升,43.1900,37.8100,31.6400,41.1700,33.5800,38.4000,,40.8800,41.9000,42.2200
002403SZ,2026-03-13 15:00:00,11.4500,down_natural,自然回升,18.3600,10.8100,15.6300,12.0600,16.6500,11.9100,15.6300,12.4700,15.1700,17.3000
002405SZ,2026-03-13 15:00:00,10.9000,up_rally,回升,11.4500,8.0300,9.9400,9.3500,11.3800,8.7700,10.0700,9.3800,9.9400,9.6300
002404SZ,2026-03-13 15:00:00,7.0200,down_natural,自然回升,8.3900,6.6500,7.5100,7.2100,8.0000,6.7200,7.5100,7.5000,7.3000,7.6700
002411SZ,2023-07-11 15:00:00,0.6200,down_rally,回撤,1.0700,0.6200,0.8700,0.7000,0.9400,0.6200,0.8800,0.6900,0.8500,0.7100
002408SZ,2026-03-13 15:00:00,6.2600,up_rally,回升,6.7900,4.5300,5.9400,6.4000,6.5200,5.4000,,6.3900,4.7900,6.4400
002406SZ,2026-03-13 15:00:00,7.7900,down_secondary,次级回升,9.0100,7.0900,8.3500,8.6800,8.9900,7.6900,8.3600,8.2800,8.1100,7.9700
002407SZ,2026-03-13 15:00:00,30.8500,down_natural,自然回升,37.5300,27.4800,32.3700,31.8000,36.3500,28.0000,32.5900,29.8800,31.4500,31.2200
002409SZ,2026-03-13 15:00:00,89.1700,down_secondary,次级回升,100.9400,84.6700,90.0000,93.6500,98.6400,87.0400,90.0100,92.5600,87.9100,94.8300
002410SZ,2026-03-13 15:00:00,12.5000,down_rally,回撤,15.9600,11.9100,13.2200,16.3600,14.9000,12.3600,13.2300,14.5600,12.8800,14.1800
002412SZ,2026-03-13 15:00:00,6.9100,up_natural,自然回撤,8.6000,6.1800,6.7500,6.7100,7.4700,6.2700,6.6600,6.7000,6.3500,6.9000
002413SZ,2026-03-13 15:00:00,13.8400,down,下跌趋势,17.5000,13.8000,16.1100,16.5000,17.3200,14.9900,16.1200,16.3900,16.1100,16.7100
002414SZ,2026-03-13 15:00:00,14.1200,down,下跌趋势,18.6200,14.0600,16.1700,12.7900,17.5500,11.9700,16.2200,12.7500,15.7100,13.1500
002415SZ,2026-03-13 15:00:00,31.9400,down_secondary,次级回升,34.7800,28.6100,31.9600,32.9900,34.2800,29.9500,32.0100,32.0200,31.0600,33.0800
002416SZ,2026-03-13 15:00:00,13.4800,up_rally,回升,14.5000,11.5200,12.3900,12.7500,13.7600,11.8900,,12.7300,11.6700,13.1300
002417SZ,2023-07-07 15:00:00,0.4500,down_break,破碎,0.4500,0.3600,0.4000,0.4400,0.4500,0.4000,0.4100,0.4300,0.3900,0.4500
002418SZ,2026-03-13 15:00:00,4.9500,down_break,破碎,5.3600,4.5200,4.7100,5.0700,5.0800,4.6800,4.7300,5.0600,4.5700,5.1700
002419SZ,2026-03-13 15:00:00,5.6400,down_secondary,次级回升,6.1500,5.0300,5.2200,6.2700,5.6000,5.3300,5.2300,5.7800,5.0800,6.3000
002421SZ,2026-03-13 15:00:00,2.8200,up_rally,回升,3.2300,2.6600,2.6800,2.9700,2.9400,2.7800,2.7400,2.9800,2.6800,3.0100
002422SZ,2026-03-13 15:00:00,32.5900,down_secondary,次级回升,41.7200,28.1400,38.1000,34.2900,40.7700,29.1200,38.1500,34.0700,37.5900,38.6000
002420SZ,2026-03-13 15:00:00,7.9600,up_secondary,次级回撤,9.1000,6.8000,7.7300,7.4800,8.7800,7.0000,7.9000,7.4900,7.4300,7.6300
002423SZ,2026-03-13 15:00:00,10.7500,down,下跌趋势,15.3000,10.7000,12.8300,12.5300,14.8900,11.2000,12.8600,11.7700,12.4500,12.6100
002425SZ,2026-03-13 15:00:00,3.5000,down_natural,自然回升,4.4800,3.3600,3.5900,3.6500,3.8300,3.4700,3.6000,4.3000,3.4900,2.6300
002424SZ,2026-03-13 15:00:00,5.1800,up,上升趋势,5.4700,4.0800,4.8800,4.4000,5.2900,4.1100,,4.4000,5.5200,4.5300
002426SZ,2026-03-13 15:00:00,4.0600,up_natural,自然回撤,4.4300,3.8200,4.0100,4.1600,4.3400,3.8300,3.9100,4.1500,3.8500,4.2100
002427SZ,2026-03-13 15:00:00,6.9900,down_rally,回撤,8.2700,6.8100,7.6200,7.8000,8.2000,6.9900,7.6400,7.3300,7.4400,7.3300
002428SZ,2026-03-13 15:00:00,43.3600,down_rally,回撤,42.1100,33.3100,36.4200,48.8300,38.9200,43.1500,36.4200,48.8000,35.3500,49.0000
002429SZ,2026-03-13 15:00:00,11.9400,up,上升趋势,11.9400,9.1700,,11.2400,,9.5400,,11.1300,10.5800,11.4700
002430SZ,2026-03-13 15:00:00,31.6700,down_natural,自然回升,34.7300,29.4500,31.4100,32.6100,33.6000,29.7500,31.4200,32.0500,30.5100,20.9900
002431SZ,2026-03-13 15:00:00,2.7200,down_natural,自然回升,3.0300,2.4400,2.5200,2.7800,2.8500,2.3400,2.5300,2.5500,2.4500,2.5600
002432SZ,2026-03-13 15:00:00,55.3100,up_natural,自然回撤,61.3000,34.1100,54.2600,40.1100,52.4100,35.4700,40.7000,40.0600,37.6900,41.1900
002435SZ,2024-08-13 15:00:00,0.3700,up_natural,自然回撤,2.8400,2.5500,0.3700,2.7500,,2.5500,,2.7400,2.9900,2.8300
002433SZ,2024-07-04 15:00:00,0.2700,down_rally,回撤,0.3200,0.2700,0.3000,0.2900,0.3200,0.2700,0.3000,0.3000,0.3000,0.3000
002434SZ,2026-03-13 15:00:00,8.7300,down,下跌趋势,11.3100,8.5500,9.2300,9.2100,10.2400,8.6500,9.2500,9.2000,8.9800,9.4800
002436SZ,2026-03-13 15:00:00,23.9400,down_secondary,次级回升,26.1100,21.3900,23.5000,27.3400,25.1000,22.5800,23.5100,25.0900,22.8500,22.7500
002437SZ,2026-03-13 15:00:00,3.3800,down_secondary,次级回升,4.0800,3.0200,3.5200,3.6300,3.8500,3.1800,3.5300,3.4300,3.4200,3.6100
002438SZ,2026-03-13 15:00:00,19.2600,up,上升趋势,19.2600,17.0000,,18.4800,,17.2000,,18.4600,17.7100,18.8800
002439SZ,2026-03-13 15:00:00,14.7900,down_secondary,次级回升,17.7900,13.4400,14.9600,16.9500,15.9600,13.5300,14.9700,15.3800,14.5400,16.2300
002440SZ,2026-03-13 15:00:00,13.3900,up_secondary,次级回撤,16.4500,6.7100,12.9200,7.9000,15.2000,6.9700,13.2800,7.8700,12.9200,8.1300
002443SZ,2026-03-13 15:00:00,9.5700,up_natural,自然回撤,10.1800,5.0600,9.4500,6.5700,9.4700,6.2400,8.4200,6.8500,8.3100,6.8800
002442SZ,2026-03-13 15:00:00,6.9100,up_secondary,次级回撤,7.2500,4.9200,5.0900,5.8000,7.1000,5.4000,5.9400,5.7600,5.8700,5.9500
002444SZ,2026-03-13 15:00:00,33.3600,down_rally,回撤,39.1800,31.2600,33.7600,35.4700,38.4000,33.0900,33.8000,33.2400,32.7800,31.7800
002445SZ,2026-03-13 15:00:00,4.4900,up,上升趋势,4.4900,2.4700,2.7700,2.7400,3.0600,2.4800,2.6500,2.7300,2.5700,2.8200
002447SZ,2022-06-24 15:00:00,0.1900,down_rally,回撤,0.2700,0.1800,0.2100,0.2000,0.2400,0.1800,0.2200,0.1800,0.2100,0.2200
002446SZ,2026-03-13 15:00:00,10.5200,down_rally,回撤,12.7000,10.0900,10.9000,11.5700,11.6600,10.5000,10.9100,10.8700,10.5800,12.4100
002448SZ,2026-03-13 15:00:00,16.1800,up_natural,自然回撤,17.9700,9.8600,15.8000,12.9400,17.9700,11.9100,13.0700,12.9300,10.2900,13.3200
002449SZ,2026-03-13 15:00:00,9.2400,down_break,破碎,10.6800,7.9300,9.4100,9.3900,10.4500,8.4400,9.4500,9.3800,9.1600,9.5800
002450SZ,2021-05-28 15:00:00,0.2000,down_rally,回撤,3.5200,0.1900,0.2100,0.2100,0.2400,0.1900,0.2200,0.2200,0.2100,0.2200
002451SZ,2026-03-13 15:00:00,11.0500,up_natural,自然回撤,12.0000,10.0000,10.8300,10.9800,,10.0700,,10.9500,11.2400,11.3000
002452SZ,2026-03-13 15:00:00,12.4100,up_natural,自然回撤,13.0900,7.1200,12.0100,7.9600,12.1200,7.4600,9.7600,8.3500,7.4500,8.4000
002453SZ,2026-03-13 15:00:00,6.2100,down_break,破碎,8.4700,5.6600,7.6700,6.4400,8.4400,5.9300,7.6900,6.4100,7.4600,6.5400
002454SZ,2026-03-13 15:00:00,8.9000,up_rally,回升,10.0400,5.3100,8.5500,8.1500,9.1300,7.1000,8.1800,8.0900,8.0000,8.3800
002457SZ,2026-03-13 15:00:00,12.2400,down,下跌趋势,15.0400,12.0800,13.1200,11.9100,14.0400,11.1000,13.1300,11.8800,12.7800,12.2500
002455SZ,2026-03-13 15:00:00,15.3000,up_natural,自然回撤,17.1500,11.5500,15.1400,13.0000,14.7300,12.1700,,12.9500,13.8700,13.3000
002441SZ,2026-03-13 15:00:00,10.8400,up_rally,回升,11.6300,8.6500,10.4300,10.3800,11.4100,9.5400,,10.3700,8.6700,10.5700
002456SZ,2026-03-13 15:00:00,9.6800,down_natural,自然回升,14.8400,8.8300,12.5800,9.9600,13.7800,10.2200,12.8100,10.7500,12.5800,13.7000
002460SZ,2026-03-13 15:00:00,70.0300,down_secondary,次级回升,74.5000,60.9900,68.2900,74.7000,73.8800,63.0100,68.4700,72.6800,66.2700,65.8300
002459SZ,2026-03-13 15:00:00,12.7400,up,上升趋势,13.1700,10.7000,11.5800,12.5600,13.1000,11.1300,11.7200,12.5400,11.5800,12.9000
002458SZ,2026-03-13 15:00:00,9.8900,down_break,破碎,11.1800,8.0100,8.4100,9.9800,10.8800,8.2000,8.5000,9.9500,8.2000,10.1200
002461SZ,2026-03-13 15:00:00,9.8000,down_natural,自然回升,12.2900,9.0800,10.6000,9.8600,11.8000,9.2400,10.6100,9.8500,10.2900,9.9500
002462SZ,2026-03-13 15:00:00,15.3700,down,下跌趋势,19.6900,14.7300,17.5000,17.7200,19.1000,15.8600,17.5600,17.3100,17.2100,18.0400
002463SZ,2026-03-13 15:00:00,81.1800,down_natural,自然回升,85.8000,69.5000,74.6500,83.4800,79.3100,67.5400,74.6500,73.3000,74.4500,75.4700
002464SZ,2022-06-27 15:00:00,0.2600,down_secondary,次级回升,0.3200,0.2400,0.3000,0.2600,0.3200,0.2400,0.3000,0.2600,0.3000,0.3100
002467SZ,2026-03-13 15:00:00,6.8400,down_rally,回撤,8.0000,6.2600,7.1000,7.9300,7.7700,6.8000,7.1300,7.4300,6.9000,7.4800
002468SZ,2026-03-13 15:00:00,14.1300,down_break,破碎,20.0700,12.5000,17.0000,14.1900,18.1500,13.0100,17.0500,14.1400,16.5000,14.5500
002465SZ,2026-03-13 15:00:00,16.0000,up_break,破碎,26.6200,11.2300,16.3000,13.8800,17.7700,12.5800,16.3200,13.8500,15.9000,14.1600
002466SZ,2026-03-13 15:00:00,54.1500,up_secondary,次级回撤,66.6500,25.5700,47.6600,29.7700,57.6300,27.9800,50.0400,29.7500,47.6600,30.5600
002469SZ,2026-03-13 15:00:00,10.1000,up_natural,自然回撤,10.7500,7.8800,10.0500,8.8500,10.1800,8.2800,8.9100,8.8600,8.2500,9.1100
002470SZ,2026-03-13 15:00:00,3.2200,down_break,破碎,3.4100,2.5500,2.8600,3.1500,3.0900,2.7900,2.8700,3.1200,2.7900,3.2200
002471SZ,2026-03-13 15:00:00,8.6000,down_rally,回撤,10.8700,7.7000,8.9200,9.9000,9.5500,8.5400,8.9300,9.3000,8.6800,9.2500
002472SZ,2026-03-13 15:00:00,38.2000,down_natural,自然回升,49.4700,37.3300,40.1000,39.8300,44.4900,39.4300,40.1300,41.9700,38.9200,43.2000
002473SZ,2022-06-21 15:00:00,0.7900,down_secondary,次级回升,1.3000,0.7200,1.1400,0.8900,1.3000,0.7800,1.1400,0.8300,1.1400,1.1000
002475SZ,2026-03-13 15:00:00,49.3300,down_natural,自然回升,72.2000,45.4300,53.8800,50.8800,67.4800,52.2100,55.4000,60.4800,52.3600,61.5100
002480SZ,2026-03-13 15:00:00,6.8000,up_secondary,次级回撤,7.7600,5.8400,5.7200,6.6600,7.3000,6.2400,6.7900,6.6300,6.4300,6.8500
002482SZ,2026-03-13 15:00:00,1.7900,down_natural,自然回升,1.8700,1.6800,1.7400,1.8200,1.8500,1.6700,1.7400,1.7800,1.6900,1.8300
002481SZ,2026-03-13 15:00:00,4.8900,down,下跌趋势,6.6400,4.7100,5.4600,5.9100,5.8400,5.4400,5.4700,5.8500,5.3000,5.9200
002483SZ,2026-03-13 15:00:00,7.9000,up,上升趋势,8.1800,6.3900,,7.7300,,7.1900,,7.7200,6.4600,7.9600
002486SZ,2026-03-13 15:00:00,3.1100,up_secondary,次级回撤,3.3600,1.5800,2.8600,2.0900,3.3100,1.9500,2.8800,2.0800,2.8600,2.1300
002487SZ,2026-03-13 15:00:00,80.6500,down_natural,自然回升,72.9900,61.0000,67.2300,80.6500,72.6500,58.0000,67.3300,61.5000,65.2300,62.7300
002488SZ,2026-03-13 15:00:00,12.1300,down_rally,回撤,13.7600,11.8100,12.6300,13.4500,13.4000,12.0500,12.6300,12.9300,12.3500,12.5600
002489SZ,2026-03-13 15:00:00,3.6500,up_rally,回升,4.4300,2.7300,3.4400,3.6600,3.7200,3.2000,3.5200,3.6400,3.4400,3.7100
002474SZ,2026-03-13 15:00:00,8.2100,down_rally,回撤,13.3000,7.9600,9.9800,8.9300,12.1700,8.1900,10.0300,8.3900,9.7100,12.3000
002476SZ,2026-03-13 15:00:00,6.1600,down_rally,回撤,6.4400,5.4800,5.8300,7.9900,6.2000,6.1200,5.8300,7.2600,5.6600,6.4200
002478SZ,2026-03-13 15:00:00,11.9500,up_natural,自然回撤,13.8700,12.0500,11.5700,12.8200,13.8700,12.0000,,12.8100,12.6500,13.1500
002479SZ,2026-03-13 15:00:00,5.5700,up_rally,回升,5.9300,3.3800,4.7000,4.9300,5.7100,4.4900,5.1900,4.9200,4.7000,5.0400
002485SZ,2026-03-13 15:00:00,5.1300,down_rally,回撤,5.8600,4.8900,5.3600,5.6400,5.8600,5.1300,5.4000,5.6200,5.2100,4.5800
002484SZ,2026-03-13 15:00:00,30.5800,down_secondary,次级回升,32.8400,27.6500,28.9300,35.8300,32.4500,29.1100,28.9500,32.7800,28.1300,28.4500
002491SZ,2026-03-13 15:00:00,11.2500,up_secondary,次级回撤,13.1900,8.4200,10.3300,9.5200,12.5600,8.7100,11.1600,9.4700,9.2600,9.7700
002492SZ,2026-03-13 15:00:00,8.2300,down,下跌趋势,9.9900,8.2000,8.6700,8.2000,9.2800,7.4700,8.6700,8.1400,8.4300,8.4300
002494SZ,2026-03-13 15:00:00,5.7800,up_rally,回升,5.9800,4.9000,5.3800,5.7600,5.9400,5.3700,,5.7500,5.1600,5.9200
002500SZ,2026-03-13 15:00:00,5.8500,down_secondary,次级回升,5.5700,4.4500,4.7200,7.5000,5.3600,5.2900,4.7400,6.9200,4.5900,4.9900
002495SZ,2026-03-13 15:00:00,2.7800,down_secondary,次级回升,3.3200,2.5400,2.9400,2.9100,3.1400,2.5800,2.9500,2.8300,2.8700,2.7500
002496SZ,2026-03-13 15:00:00,2.1300,up,上升趋势,2.2100,1.7000,2.0100,1.8800,2.1900,1.7100,,1.8700,1.8800,1.9300
002490SZ,2026-03-13 15:00:00,11.2000,up_break,破碎,14.5200,6.8500,10.9900,7.4400,12.5500,6.9900,11.0000,7.5000,10.9700,7.6100
002498SZ,2026-03-13 15:00:00,9.4000,up_natural,自然回撤,10.9500,7.2300,9.4000,10.4900,,9.3000,,10.3800,7.7000,10.8200
002493SZ,2026-03-13 15:00:00,13.6200,down_rally,回撤,16.3800,13.3700,14.3200,14.5500,16.0000,13.4700,14.3600,13.6600,14.0000,8.7600
002502SZ,2024-08-13 15:00:00,0.6400,down,下跌趋势,2.1600,0.6400,1.8800,1.0100,2.1500,0.7400,1.9100,0.9200,1.8800,1.6600
002497SZ,2026-03-13 15:00:00,24.6000,down_natural,自然回升,29.6500,22.7200,26.0800,25.7700,27.9500,13.4700,26.1200,14.5000,25.3500,14.9500
002501SZ,2026-03-13 15:00:00,1.9400,down_secondary,次级回升,2.9000,1.8800,2.6700,2.3200,2.8400,1.9100,2.6700,2.0400,2.6000,2.6700
002499SZ,2023-04-17 15:00:00,0.8600,down_break,破碎,1.8100,0.6300,0.8000,0.8500,0.9100,0.7600,0.8200,0.8400,0.8000,0.8600
002503SZ,2023-08-10 15:00:00,0.4200,down,下跌趋势,1.4500,0.4200,1.3500,1.0800,1.4400,0.8800,1.3500,1.0100,1.3100,1.3700
002507SZ,2026-03-13 15:00:00,13.0200,down_secondary,次级回升,16.3000,12.2300,13.9500,13.7900,15.7500,12.6600,13.9600,13.7800,13.5500,13.9300
002504SZ,2023-08-18 15:00:00,0.3800,down,下跌趋势,1.9200,0.3800,1.6500,1.1400,1.8600,1.0500,1.6600,1.0500,1.6100,1.7600
002511SZ,2026-03-13 15:00:00,8.7900,down_secondary,次级回升,9.0700,7.7700,8.3100,9.2500,8.8500,8.4700,8.3100,9.0500,8.0700,7.7200
002512SZ,2026-03-13 15:00:00,4.5600,down_secondary,次级回升,8.3800,4.2500,7.3800,4.6100,7.8800,4.2900,7.3900,4.7700,7.1800,6.9200
002514SZ,2026-03-13 15:00:00,4.8500,down_secondary,次级回升,7.2200,4.5800,6.6900,5.9000,7.1000,4.6900,6.6900,5.1800,6.5100,6.2700
002513SZ,2026-03-13 15:00:00,7.3100,down_rally,回撤,7.9000,6.6200,6.8500,7.7500,7.9000,7.1400,6.8600,7.2800,6.8500,7.2500
002509SZ,2020-07-17 15:00:00,0.1500,down_rally,回撤,1.3300,0.1500,1.2500,0.1600,1.3400,0.1500,1.2500,0.1500,1.2200,0.2000
002505SZ,2024-08-13 15:00:00,0.3600,down,下跌趋势,0.7500,0.3600,0.6600,0.7200,0.7500,0.6600,0.6700,0.7100,0.6600,0.7300
002508SZ,2026-03-13 15:00:00,20.8200,up_rally,回升,22.5000,18.1500,19.7600,20.6000,21.0000,19.0500,,20.5400,19.9900,21.1800
002510SZ,2026-03-13 15:00:00,7.7700,down_natural,自然回升,9.0900,7.5100,7.8100,8.1800,8.4100,6.6100,7.8200,7.0400,7.6500,7.2500
002517SZ,2026-03-13 15:00:00,19.2700,down,下跌趋势,28.1800,18.6600,24.0900,26.8600,25.6000,21.5500,24.0900,25.0300,23.4000,23.8300
002515SZ,2026-03-13 15:00:00,6.2100,down_natural,自然回升,7.4800,5.5500,5.8100,6.4700,7.4600,6.4600,5.8200,7.1000,5.6500,7.2200
002518SZ,2026-03-13 15:00:00,53.6900,down_rally,回撤,60.2000,49.5300,54.4000,58.1800,57.9000,53.3200,54.4000,58.1600,52.9000,59.0900
002506SZ,2026-03-13 15:00:00,5.4200,down,下跌趋势,6.3600,5.3800,5.7000,4.1600,6.0600,3.8000,5.7000,4.0600,5.5500,4.2800
002523SZ,2026-03-13 15:00:00,4.3600,down_secondary,次级回升,4.7000,3.7200,3.9000,5.0200,4.3400,4.1700,3.9100,4.5900,3.7900,4.2800
002521SZ,2026-03-13 15:00:00,8.1000,down,下跌趋势,10.3000,7.8600,8.6200,9.1500,9.2500,8.2500,8.6400,8.5800,8.3700,9.8400
002522SZ,2026-03-13 15:00:00,6.1700,up_natural,自然回撤,6.7000,4.7300,6.1300,6.1800,6.5900,5.8300,,6.1800,4.7800,6.3500
002528SZ,2026-03-13 15:00:00,3.7100,up,上升趋势,3.8400,2.1900,3.2500,2.4300,3.5300,2.2500,2.5300,2.4200,2.9300,2.5000
002516SZ,2026-03-13 15:00:00,6.1000,down,下跌趋势,7.3800,6.0100,6.7000,4.7300,7.3200,4.4200,6.7100,4.7200,6.5000,4.8600
002526SZ,2026-03-13 15:00:00,3.7900,down_secondary,次级回升,4.1700,3.4000,3.8100,4.0200,4.0500,3.6100,3.8100,3.9300,3.7000,4.1000
002527SZ,2026-03-13 15:00:00,14.8300,down_natural,自然回升,18.1000,14.4400,16.7900,15.4400,18.0900,14.6600,16.8000,16.9900,16.3000,15.1000
002524SZ,2026-03-13 15:00:00,4.6800,down_natural,自然回升,5.5600,4.4100,5.0000,4.8500,5.3700,4.4700,5.0100,4.6100,5.0000,5.0500
002529SZ,2026-03-13 15:00:00,6.9900,down_natural,自然回升,7.7700,6.4500,6.8100,7.1400,7.2400,6.5700,6.8100,6.5900,6.6100,7.4200
002519SZ,2026-03-13 15:00:00,8.1700,down,下跌趋势,10.8800,8.1100,9.7800,9.1900,10.3800,8.4100,9.7800,9.1500,9.5000,10.3400
002530SZ,2026-03-13 15:00:00,9.5000,down_natural,自然回升,13.5000,9.2100,11.8600,9.8800,12.6800,9.4400,11.8600,11.0300,11.5100,10.2200
002520SZ,2026-03-13 15:00:00,6.6100,up_secondary,次级回撤,7.7000,4.7300,5.7100,6.0600,7.2100,5.4000,6.5800,5.9900,5.7100,6.1700
002531SZ,2026-03-13 15:00:00,12.4200,up,上升趋势,12.4200,6.5300,10.1000,9.5600,11.0100,8.9700,,9.8200,7.0300,9.8400
002532SZ,2026-03-13 15:00:00,18.6600,up_natural,自然回撤,20.0000,16.6800,18.5000,18.4300,19.9500,17.0200,17.6600,18.3500,17.5500,18.8700
002534SZ,2026-03-13 15:00:00,18.9100,up_break,破碎,21.3200,14.5800,18.8600,17.4700,20.5400,16.0100,18.8900,17.4500,18.5400,17.9800
002533SZ,2026-03-13 15:00:00,15.3400,up_natural,自然回撤,16.6000,11.7700,15.3000,12.6000,15.9500,11.8300,12.3600,12.5900,11.9800,12.8700
002539SZ,2026-03-13 15:00:00,15.8700,up_rally,回升,17.2700,9.7800,14.5800,10.8100,16.4500,10.0100,14.7400,10.7400,14.5800,11.1300
002543SZ,2026-03-13 15:00:00,9.7900,down_natural,自然回升,14.1900,8.7000,11.6000,9.7900,12.8700,9.9600,11.6100,10.0600,11.2600,12.8200
002542SZ,2026-03-13 15:00:00,3.2800,down,下跌趋势,5.1800,3.1700,3.4900,3.9800,4.7200,3.2300,3.5000,3.6900,3.3900,3.7800
002545SZ,2026-03-13 15:00:00,27.3900,down_natural,自然回升,30.9000,25.7300,27.5100,28.5400,29.7500,26.1000,27.6000,27.8800,26.6900,28.0000
002544SZ,2026-03-13 15:00:00,27.9100,down,下跌趋势,42.0500,27.8400,31.4700,30.4100,35.3300,28.3300,31.4800,28.5800,30.6000,30.2000
002546SZ,2026-03-13 15:00:00,10.6700,up_natural,自然回撤,12.4000,8.3600,10.4900,9.3600,11.6100,8.6900,,9.3500,8.5600,9.6200
002547SZ,2026-03-13 15:00:00,3.5200,down_rally,回撤,4.1300,3.3300,3.6600,3.9300,3.9900,3.5000,3.7300,3.9200,3.5600,3.9700
002537SZ,2026-03-13 15:00:00,8.5600,up_secondary,次级回撤,9.7600,7.7900,8.5100,8.6500,9.1900,7.9100,8.5300,8.6300,8.5100,8.8700
002538SZ,2026-03-13 15:00:00,7.8700,up_rally,回升,8.3100,4.9500,7.6100,7.0000,8.1600,6.6000,,7.0300,5.3000,7.2000
002540SZ,2026-03-13 15:00:00,7.1200,up_break,破碎,8.0800,6.4400,7.1900,7.6200,7.7500,6.5000,7.2000,7.6000,7.0600,7.7800
002549SZ,2026-03-13 15:00:00,19.9800,down_natural,自然回升,24.8000,19.5000,22.6500,20.7200,24.3000,19.8500,22.6600,19.8500,22.0000,22.1700
002550SZ,2026-03-13 15:00:00,7.5100,down,下跌趋势,12.7500,7.2600,10.8800,8.4900,11.9700,7.7300,10.9900,7.9800,10.7000,10.0200
002552SZ,2026-03-13 15:00:00,18.9100,down_rally,回撤,22.8700,18.5400,20.5500,21.6100,22.0600,18.7800,20.5500,20.2800,20.0100,15.0800
002554SZ,2026-03-13 15:00:00,4.0400,down,下跌趋势,5.1300,3.9300,4.6200,4.8500,4.9300,4.4300,4.6300,4.5300,4.5000,4.2300
002551SZ,2026-03-13 15:00:00,3.8000,down_secondary,次级回升,5.4900,3.5200,4.0400,4.1000,4.4100,3.5400,4.0500,3.8300,3.9200,4.1900
002553SZ,2026-03-13 15:00:00,25.2800,down_rally,回撤,33.8200,24.8800,27.1800,31.0000,31.3300,25.2600,27.2400,28.6200,26.4200,32.7400
002555SZ,2026-03-13 15:00:00,23.5400,down_natural,自然回升,31.0100,22.2700,26.7800,24.3800,29.0500,24.4400,26.8000,25.0200,26.0100,25.4800
002556SZ,2026-03-13 15:00:00,6.9500,up_natural,自然回撤,7.2900,5.3300,6.7500,6.1400,6.8100,5.7100,5.6600,6.1300,5.6000,6.3100
002536SZ,2026-03-13 15:00:00,37.5700,up_natural,自然回撤,41.6700,26.8400,36.9500,30.5000,39.8400,28.5400,,30.2800,29.0200,31.3400
002541SZ,2026-03-13 15:00:00,22.7400,up_rally,回升,25.2500,14.2000,22.2800,15.5000,24.0700,14.4500,22.5500,15.4800,22.2800,15.9500
002548SZ,2026-03-13 15:00:00,6.3700,up_secondary,次级回撤,7.2300,5.1700,6.1000,6.1200,6.9100,5.3300,6.3100,6.1100,6.3800,6.2700
002557SZ,2026-03-13 15:00:00,22.4000,up_natural,自然回撤,24.6600,20.8700,22.0900,23.2900,24.2600,20.9300,,23.1900,30.1500,23.9700
002535SZ,2026-03-13 15:00:00,3.7700,up_secondary,次级回撤,5.0200,2.9300,3.4200,3.6400,5.4000,3.1200,3.5800,3.8200,4.4200,3.8500
002558SZ,2026-03-13 15:00:00,35.4300,down_rally,回撤,53.3500,33.3200,43.4000,37.7800,47.0000,35.1100,43.4100,35.2800,42.2000,37.5700
002567SZ,2026-03-13 15:00:00,4.4500,down_natural,自然回升,6.5200,4.2300,6.0600,4.5400,6.5000,4.2600,6.0700,4.3100,5.8800,5.7100
002560SZ,2026-03-13 15:00:00,10.7000,up_natural,自然回撤,11.7200,9.4600,10.6400,10.9400,,10.2000,,10.9000,10.5000,11.2600
002569SZ,2026-03-13 15:00:00,14.8800,up,上升趋势,15.5000,12.3000,,14.8400,,13.7000,,14.7300,12.9500,15.1900
002571SZ,2026-03-13 15:00:00,12.3500,up_natural,自然回撤,13.5400,11.3800,12.3300,12.6600,13.1400,11.9000,,12.6400,12.1000,12.9800
002563SZ,2026-03-13 15:00:00,5.5100,up_rally,回升,6.6800,4.9800,5.2200,5.5100,5.5700,5.1600,5.3500,5.6500,5.2200,5.6700
002562SZ,2026-03-13 15:00:00,6.8800,up_rally,回升,8.0200,6.1300,6.4800,6.9900,7.1400,6.6700,7.3000,7.3500,7.2200,7.3800
002570SZ,2026-03-13 15:00:00,5.7200,down,下跌趋势,8.3000,5.6500,6.8800,6.6000,7.3800,6.0500,6.9000,6.4200,6.7000,6.9000
002564SZ,2026-03-13 15:00:00,7.0500,down_natural,自然回升,9.8400,6.8500,8.3800,7.2800,9.1000,7.1200,8.4200,7.7200,8.1400,8.2700
002566SZ,2026-03-13 15:00:00,8.4000,up_rally,回升,9.6800,7.4000,7.3900,8.7500,8.5900,7.5000,7.9500,8.7300,7.7300,9.0500
002568SZ,2026-03-13 15:00:00,18.7600,down,下跌趋势,31.7000,18.4600,22.9000,21.7900,30.2800,20.0300,22.9300,21.7000,22.2200,21.9900
002561SZ,2026-03-13 15:00:00,8.4800,up_break,破碎,10.3000,7.3400,8.3100,9.4600,10.2500,7.9300,8.3200,9.3500,8.3000,9.8200
002565SZ,2026-03-13 15:00:00,13.1900,down,下跌趋势,18.9500,13.1500,15.2600,14.9000,17.2000,13.5600,15.3500,14.0000,14.8100,17.4900
002559SZ,2026-03-13 15:00:00,10.2500,down_secondary,次级回升,11.9600,9.4200,10.4200,11.0800,11.1000,9.4800,10.4300,11.0500,10.1100,9.5100
002576SZ,2026-03-13 15:00:00,19.0800,up_rally,回升,20.4000,16.7100,18.1000,18.0800,19.7100,16.9900,17.2800,18.0700,15.8600,18.5800
002575SZ,2026-03-13 15:00:00,7.9100,down_rally,回撤,8.7000,6.7000,7.1300,9.5900,8.6700,7.8500,7.1400,8.9900,6.9400,7.0000
002572SZ,2026-03-13 15:00:00,13.1300,down_rally,回撤,21.5400,12.3300,17.3600,15.3600,18.5500,12.6300,17.3700,15.2800,16.8400,17.9400
002583SZ,2026-03-13 15:00:00,11.1200,down_secondary,次级回升,12.2900,10.6400,11.3700,12.4500,12.2900,10.7200,11.4200,11.6700,11.0300,11.8500
002587SZ,2026-03-13 15:00:00,7.1600,down_natural,自然回升,7.2400,6.3100,6.6500,7.3700,7.2400,6.1700,6.6700,6.9600,6.4600,7.1700
002577SZ,2026-03-13 15:00:00,16.7900,down_natural,自然回升,23.1700,16.2000,19.3600,17.3000,20.5800,17.3300,19.3600,18.1200,19.3600,22.4700
002584SZ,2026-03-13 15:00:00,8.5300,up_break,破碎,10.4800,8.2300,8.5600,9.4000,9.1100,8.3000,8.5600,9.3900,8.3200,9.6800
002573SZ,2026-03-13 15:00:00,4.1100,up_secondary,次级回撤,4.3600,3.6300,3.6800,3.9900,4.2600,3.7800,3.8900,4.0100,3.6800,4.0500
002574SZ,2026-03-13 15:00:00,5.9800,down_natural,自然回升,7.6900,5.8300,6.2300,6.1800,6.9900,5.9800,6.2400,6.7000,6.0700,6.2700
002585SZ,2026-03-13 15:00:00,7.6400,down_secondary,次级回升,7.9700,6.6800,7.4100,8.3300,7.8800,7.0600,7.4100,8.0300,7.2000,7.2000
002580SZ,2026-03-13 15:00:00,13.5100,up_rally,回升,14.8000,13.0500,11.9300,14.1000,13.8300,13.2300,12.6900,14.0900,14.2800,14.4900
002582SZ,2026-03-13 15:00:00,11.1200,down,下跌趋势,16.5700,10.9100,13.4000,13.7900,14.4600,12.0800,13.4000,12.9200,13.0500,10.5700
002581SZ,2026-03-13 15:00:00,7.8500,up_natural,自然回撤,9.1700,6.9300,7.7600,8.1100,,7.1700,,8.1000,8.3000,8.3500
002586SZ,2026-03-13 15:00:00,5.0600,up_rally,回升,5.2500,4.0200,4.7800,4.3500,5.2000,4.0200,4.6600,4.3400,4.6000,4.4800
002578SZ,2026-03-13 15:00:00,4.2400,up_secondary,次级回撤,5.4600,3.7300,4.1000,4.1600,5.4600,3.8100,4.1400,4.0500,4.8800,4.2800
002579SZ,2026-03-13 15:00:00,12.2300,up_secondary,次级回撤,13.4500,10.6200,11.2500,11.7800,12.6000,11.1900,11.2600,12.3100,14.8300,12.3500
002594SZ,2026-03-13 15:00:00,99.6700,down_natural,自然回升,416.9800,85.8800,345.1100,100.7900,365.9800,91.8000,345.1100,95.2600,336.0500,116.5900
002590SZ,2026-03-13 15:00:00,13.6100,down_natural,自然回升,16.3500,13.2200,14.8900,14.1200,16.2500,14.2000,14.9000,14.2600,14.4500,16.2000
002588SZ,2026-03-13 15:00:00,11.8200,up,上升趋势,12.2200,6.8600,10.5800,7.5100,11.9000,6.9700,10.4900,7.5000,8.9000,7.7200
002589SZ,2026-03-13 15:00:00,3.1600,down,下跌趋势,4.6900,3.0500,4.0500,4.1100,4.6900,3.2100,4.2200,3.8000,4.0500,3.2400
002596SZ,2026-03-13 15:00:00,4.0600,down,下跌趋势,7.0500,3.9700,6.2500,4.7000,6.6400,4.3400,6.2500,4.6300,6.0900,6.5200
002591SZ,2026-03-13 15:00:00,7.5100,up_secondary,次级回撤,9.4400,6.5500,6.7700,7.0800,8.3600,6.5600,6.9300,7.0600,6.6300,7.2800
002595SZ,2026-03-13 15:00:00,90.7100,up_natural,自然回撤,101.5000,26.2700,90.3600,35.3000,99.8000,30.2800,81.3200,34.4400,80.9200,36.2400
002606SZ,2026-03-13 15:00:00,13.2000,up_natural,自然回撤,14.7700,8.4700,13.0200,10.4500,14.5900,9.8200,11.4300,10.5600,10.3700,10.6900
002605SZ,2026-03-13 15:00:00,23.0700,down,下跌趋势,31.1400,22.6400,24.9700,28.5800,27.6600,26.8400,24.9900,28.5000,24.2300,29.1800
002598SZ,2026-03-13 15:00:00,9.9000,down_secondary,次级回升,13.8500,9.0800,11.0800,10.3500,12.4500,9.3700,11.0900,10.1800,10.7800,13.7700
002601SZ,2026-03-13 15:00:00,19.5400,up_secondary,次级回撤,23.7900,15.8200,19.3700,19.6300,20.6300,18.3600,19.3700,19.5900,17.5900,20.2000
002600SZ,2026-03-13 15:00:00,14.3600,down_rally,回撤,18.8300,13.8800,14.3600,15.4600,15.7600,14.3100,14.3700,14.5300,14.2000,16.4600
002603SZ,2026-03-13 15:00:00,16.9200,down,下跌趋势,21.5800,16.2800,18.0200,20.2600,19.5800,17.0100,18.0400,18.7900,17.4900,16.0700
002604SZ,2020-07-14 15:00:00,0.2500,down_natural,自然回升,1.9600,0.2400,0.3300,0.2600,0.3500,0.2600,0.3300,0.2800,0.3300,0.2900
002593SZ,2026-03-13 15:00:00,5.7100,up_rally,回升,6.9000,5.5200,5.5300,6.1500,5.9200,5.7800,5.6300,6.1400,5.5300,6.3300
002592SZ,2026-03-13 15:00:00,10.0000,down_break,破碎,11.4800,9.2200,9.7300,10.3400,10.5700,9.7000,9.7700,10.5200,9.4500,10.5800
002608SZ,2026-03-13 15:00:00,8.5800,up,上升趋势,8.8500,6.8600,7.3700,8.0800,8.7100,6.9500,,8.0600,7.8400,8.2300
002602SZ,2026-03-13 15:00:00,16.8000,down,下跌趋势,20.8800,16.6500,18.0000,18.4100,20.4400,17.1200,18.2200,17.2800,17.4800,19.2600
002599SZ,2026-03-13 15:00:00,7.4000,down_natural,自然回升,9.7500,7.2700,7.8000,7.8400,8.6600,8.2000,7.8100,8.9000,7.5700,9.2200
002597SZ,2026-03-13 15:00:00,25.5200,down_natural,自然回升,29.2300,24.2800,25.2100,26.0500,26.9600,19.7700,25.2500,22.8800,24.6200,23.5000
002616SZ,2026-03-13 15:00:00,6.1900,down_natural,自然回升,7.6800,5.3200,6.6900,6.3800,7.1100,5.7700,6.6900,6.1200,6.4900,6.2700
002612SZ,2026-03-13 15:00:00,17.5600,down,下跌趋势,23.6400,17.1000,18.3400,18.8100,19.9900,16.5700,18.4200,18.7700,17.7900,19.3600
002617SZ,2026-03-13 15:00:00,8.7800,up_rally,回升,9.4800,8.4200,8.3400,9.1100,9.0900,8.5600,8.4100,9.2000,8.3400,9.3400
002614SZ,2026-03-13 15:00:00,6.6300,down,下跌趋势,8.4500,6.4000,6.8500,7.5400,7.9800,6.7800,6.8700,7.5200,6.6500,7.6200
002610SZ,2024-08-09 15:00:00,0.3700,down,下跌趋势,2.2200,0.3700,2.0000,1.7800,2.1500,1.6700,2.0100,1.6700,1.9500,1.6600
002611SZ,2026-03-13 15:00:00,16.9200,down_natural,自然回升,22.3300,16.1600,20.9000,17.4500,22.2800,16.7200,20.9000,20.3100,20.3000,19.3600
002609SZ,2026-03-13 15:00:00,8.9600,down_secondary,次级回升,12.2700,8.7700,11.2400,12.2900,12.0900,8.8000,11.2500,9.3800,10.9500,10.5900
002613SZ,2026-03-13 15:00:00,4.0900,down_secondary,次级回升,4.6300,3.5900,3.8800,4.2800,4.2200,3.9100,3.8900,4.1900,3.7700,3.9800
002619SZ,2022-04-27 15:00:00,0.5600,down,下跌趋势,2.1400,0.5600,1.7000,0.9100,1.8900,0.7600,1.7100,0.8900,1.6500,0.9400
002618SZ,2022-06-21 15:00:00,1.2600,up,上升趋势,1.2800,0.7100,1.0800,0.7800,1.2600,0.7200,1.1400,0.7700,0.9400,0.8000
002620SZ,2026-03-13 15:00:00,7.1200,up,上升趋势,7.1200,4.8200,6.1400,5.3000,7.1200,4.8200,6.3500,5.2900,5.7200,5.3900
002621SZ,2024-08-02 15:00:00,0.3700,down,下跌趋势,1.7400,0.3700,1.3900,1.5400,1.5800,1.3800,1.4100,1.3800,1.3900,1.7300
002607SZ,2026-03-13 15:00:00,2.9200,down_natural,自然回升,3.4900,2.5900,2.7500,2.9900,3.0700,2.5000,2.7600,2.7000,2.7300,2.8300
002615SZ,2026-03-13 15:00:00,8.7400,up_secondary,次级回撤,9.8000,7.4500,8.6500,8.7800,9.4500,8.0600,8.7200,8.7600,8.6500,8.9500
002623SZ,2026-03-13 15:00:00,24.7800,down_rally,回撤,33.9500,24.2300,31.2700,26.3300,33.2400,24.6000,31.2700,24.7300,30.7100,19.5200
002622SZ,2026-03-13 15:00:00,2.8700,down_natural,自然回升,3.6700,2.7200,3.3200,2.9700,3.5200,2.8900,3.3200,2.9400,3.2500,3.4700
002638SZ,2026-03-13 15:00:00,4.1000,up_rally,回升,4.2800,2.8600,4.0000,3.2800,4.2700,3.1300,,3.3200,3.0200,3.3700
002628SZ,2026-03-13 15:00:00,5.1900,up_break,破碎,5.9700,3.9500,5.2600,4.4100,5.6200,4.0400,5.2700,4.4000,5.1500,4.5000
002636SZ,2026-03-13 15:00:00,29.0500,down_secondary,次级回升,29.4500,23.8100,25.8500,30.3000,28.1200,27.5900,26.1100,29.9800,25.7000,27.7500
002630SZ,2026-03-13 15:00:00,2.3300,up_natural,自然回撤,2.8300,2.1200,2.3200,2.7000,,2.5200,,2.6800,2.8000,2.7700
002626SZ,2026-03-13 15:00:00,18.9500,down_natural,自然回升,22.4400,18.0000,19.7000,19.4200,21.5200,18.2000,19.7100,20.0700,19.1100,21.5500
002629SZ,2026-03-13 15:00:00,6.2400,down,下跌趋势,8.1100,6.2100,6.6000,6.5900,7.3000,5.8800,6.6100,6.5800,6.6000,6.6800
002635SZ,2026-03-13 15:00:00,15.1600,up_secondary,次级回撤,17.5500,14.0000,11.3600,17.0300,15.8800,15.6700,13.0600,16.9500,14.7600,17.4900
002637SZ,2026-03-13 15:00:00,15.8700,up_rally,回升,16.0400,9.8800,14.3000,11.5100,15.8700,10.7100,13.1500,11.5000,10.9300,11.8000
002632SZ,2026-03-13 15:00:00,13.2800,up_rally,回升,14.0300,12.0200,12.1000,12.8700,13.9200,12.0500,,12.8500,14.2600,13.2300
002633SZ,2026-03-13 15:00:00,19.1600,up_natural,自然回撤,20.6000,16.5400,19.0700,17.8000,19.6100,16.5500,16.0100,18.2000,15.7000,18.3000
002624SZ,2026-03-13 15:00:00,19.2500,down,下跌趋势,23.6800,19.1200,20.0000,21.6100,23.3000,19.2100,20.0100,20.0500,19.4200,19.5700
002625SZ,2026-03-13 15:00:00,43.3600,down,下跌趋势,57.9800,43.0600,45.2900,51.4800,49.6800,48.0300,45.5500,51.3900,43.9500,52.7900
002627SZ,2026-03-13 15:00:00,9.2900,up_rally,回升,10.0100,8.4600,8.0800,9.6000,9.4300,8.8000,8.2800,9.5900,8.0800,9.8800
002634SZ,2026-03-13 15:00:00,6.8600,up_secondary,次级回撤,8.0400,5.2800,6.5700,7.1700,7.7700,6.4800,6.8000,7.1600,6.5700,7.3800
002643SZ,2026-03-13 15:00:00,16.6300,down_secondary,次级回升,18.5000,16.0600,17.0600,18.0500,18.1100,16.1100,17.0600,17.0800,16.6200,11.1600
002641SZ,2026-03-13 15:00:00,4.4400,down_secondary,次级回升,5.6100,4.1200,4.7300,4.6300,5.1000,4.2400,4.7500,4.5000,4.7000,4.6400
002631SZ,2026-03-13 15:00:00,7.9500,up,上升趋势,8.1200,4.9600,,6.6300,,5.4600,,6.6100,5.1800,6.8100
002652SZ,2026-03-13 15:00:00,5.5100,up_natural,自然回撤,5.8700,3.7600,5.4500,4.1100,5.1100,3.8200,,4.0500,3.9400,4.2000
002639SZ,2026-03-13 15:00:00,20.7100,up_secondary,次级回撤,23.3000,19.4200,20.1900,21.9800,21.8200,19.7600,20.3900,21.9600,20.1900,22.5000
002640SZ,2026-03-13 15:00:00,3.7000,down_secondary,次级回升,5.1400,3.4700,3.8300,3.8700,4.2100,3.6200,3.8400,3.9300,3.7300,4.8900
002646SZ,2026-03-13 15:00:00,8.5400,down,下跌趋势,11.3800,8.2800,9.7800,9.8100,10.3800,8.5900,9.7800,9.6500,9.5100,9.9200
002642SZ,2026-03-13 15:00:00,8.1900,down_secondary,次级回升,12.0000,7.7700,9.4800,9.1900,10.1500,7.8500,9.4900,8.6700,9.2700,11.1700
002654SZ,2026-03-13 15:00:00,15.4400,up_natural,自然回撤,16.7000,13.3000,15.4100,15.3000,,14.1000,,15.2800,14.8000,15.6800
002651SZ,2026-03-13 15:00:00,9.9700,down,下跌趋势,13.0000,9.9600,11.4300,11.5400,12.4500,10.7200,11.4400,10.8200,11.1000,12.3700
002649SZ,2026-03-13 15:00:00,12.5400,down_natural,自然回升,16.3400,12.2900,15.0200,13.1100,16.1700,12.5700,15.0400,14.3400,14.5900,12.4500
002645SZ,2026-03-13 15:00:00,17.1500,up_rally,回升,17.7900,13.9600,14.5200,15.9400,17.4900,14.8500,14.2500,15.9300,14.2100,16.3800
002655SZ,2026-03-13 15:00:00,16.7700,up_secondary,次级回撤,18.4500,10.5500,15.8200,14.1300,17.7500,14.4500,16.6800,15.3600,13.0100,15.4800
002648SZ,2026-03-13 15:00:00,28.2500,up_natural,自然回撤,30.0000,16.1300,28.0200,19.8800,29.8200,17.2500,21.9200,19.8700,21.7200,20.4700
002650SZ,2026-03-13 15:00:00,6.4800,down_secondary,次级回升,7.7600,5.9900,7.0000,6.7600,7.4300,6.2000,7.0000,6.6400,6.8000,6.6900
002647SZ,2026-03-13 15:00:00,9.9400,up_rally,回升,10.6500,6.5700,9.1600,7.0800,9.9600,6.6300,6.8400,7.0700,7.1300,7.2600
002644SZ,2026-03-13 15:00:00,8.8700,up_rally,回升,11.0200,8.3000,8.3700,10.4600,9.1600,8.5300,,10.1500,10.5800,10.7700
002669SZ,2026-03-13 15:00:00,15.3500,down_natural,自然回升,16.3500,13.4400,14.4300,15.3500,15.9200,14.0100,14.4500,14.4500,14.0000,11.3400
002657SZ,2026-03-13 15:00:00,24.5600,down_natural,自然回升,33.8300,24.3200,26.6800,25.8700,28.7700,25.4500,26.7000,28.5000,25.8900,29.5000
002653SZ,2026-03-13 15:00:00,46.3400,down_rally,回撤,62.5300,42.3800,49.7600,48.4700,57.8700,46.2000,49.8000,48.4400,48.3100,49.8900
002659SZ,2026-03-13 15:00:00,5.6200,down_natural,自然回升,7.4100,5.5000,6.1000,5.9400,6.6900,5.3800,6.1100,5.8700,5.9200,6.0500
002661SZ,2026-03-13 15:00:00,9.5000,down_secondary,次级回升,12.1700,8.6600,9.2800,10.8500,10.5000,9.0200,9.2900,9.7500,9.0200,11.0800
002658SZ,2026-03-13 15:00:00,10.2900,down,下跌趋势,11.8000,10.2400,10.6200,8.9800,11.3300,8.3000,10.6300,8.9100,10.3100,9.2400
002660SZ,2026-03-13 15:00:00,9.3700,up_secondary,次级回撤,11.3900,7.1700,8.8100,9.2000,9.9100,8.5200,8.8400,9.1800,10.6000,9.4300
002662SZ,2026-03-13 15:00:00,4.0300,up_rally,回升,4.5300,3.4600,3.8000,3.9500,4.1200,3.6500,3.6100,3.9400,3.9100,4.0300
002667SZ,2026-03-13 15:00:00,30.1100,up_natural,自然回撤,35.6800,12.8500,30.1100,14.9800,32.9800,13.9400,21.2800,14.9600,16.2800,15.3400
002665SZ,2024-08-13 15:00:00,0.3700,down,下跌趋势,2.4300,0.3700,2.0900,1.2100,2.2800,1.1300,2.1000,1.1300,2.0700,1.8300
002672SZ,2026-03-13 15:00:00,5.0100,up_secondary,次级回撤,5.7000,4.4000,4.5300,5.0500,5.2200,4.6100,4.5600,4.9000,4.5300,5.1600
002664SZ,2026-03-13 15:00:00,21.5900,down,下跌趋势,28.3700,21.5300,24.3800,25.4400,27.5500,23.6300,24.4100,25.4300,23.6800,26.1500
002666SZ,2026-03-13 15:00:00,6.0300,up,上升趋势,6.3000,4.8000,,6.0300,,5.2800,,5.9600,4.8700,6.1700
002663SZ,2026-03-13 15:00:00,2.3100,up,上升趋势,2.3800,1.8700,2.0700,2.0500,2.3000,1.9000,2.0500,2.0500,2.0100,2.0900
002668SZ,2026-03-13 15:00:00,9.6000,down_natural,自然回升,11.6600,9.3600,10.3700,10.0700,11.0400,9.4600,10.3700,11.0700,10.1100,11.3500
002656SZ,2026-03-13 15:00:00,3.0400,up_natural,自然回撤,3.3000,2.2200,3.0400,2.5200,2.9500,2.2300,2.6200,2.4900,2.5800,2.5900
002686SZ,2026-03-13 15:00:00,7.0300,down_break,破碎,8.1100,6.1600,7.4700,7.1100,8.1100,6.5400,7.4900,7.0900,7.3000,7.2000
002681SZ,2026-03-13 15:00:00,5.9200,down,下跌趋势,8.5800,5.8700,7.8500,7.1100,8.5000,6.4500,7.9000,6.6800,7.6300,7.6800
002673SZ,2026-03-13 15:00:00,7.6800,down_secondary,次级回升,7.7600,5.9000,6.3400,11.0000,7.0000,6.9500,6.3500,9.7900,6.1500,7.5300
002671SZ,2026-03-13 15:00:00,5.8400,up_secondary,次级回撤,6.2600,4.5700,4.8900,5.6100,6.1100,5.1000,5.5700,5.5100,4.5900,5.7000
002675SZ,2026-03-13 15:00:00,13.2700,down_natural,自然回升,18.6400,12.1800,15.9400,13.5800,17.5600,13.0500,15.9500,14.2300,15.6000,14.9100
002676SZ,2026-03-13 15:00:00,7.1700,down,下跌趋势,9.1400,7.1300,7.9900,8.4200,8.4900,7.8800,7.9900,8.3800,7.8500,8.6700
002679SZ,2026-03-13 15:00:00,11.2700,down_rally,回撤,14.4700,11.2300,12.4900,12.5500,13.5500,11.2400,12.4900,11.7900,12.4900,14.4600
002677SZ,2026-03-13 15:00:00,8.5200,up_secondary,次级回撤,10.4400,7.1600,8.4800,8.8800,9.2400,8.2400,8.5200,8.8400,8.4800,9.1800
002678SZ,2026-03-13 15:00:00,5.2800,up_break,破碎,6.3900,4.6200,5.3400,5.4500,5.8300,5.1000,5.3500,5.6100,5.2400,5.6500
002685SZ,2026-03-13 15:00:00,6.9600,down_rally,回撤,8.5900,6.5700,7.7400,7.7800,8.5600,6.9400,7.7500,7.4800,7.5100,8.3700
002684SZ,2022-06-24 15:00:00,0.6900,up_secondary,次级回撤,0.7300,0.5600,0.6000,0.6400,0.7200,0.5900,0.6100,0.6300,0.7500,0.6500
002682SZ,2026-03-13 15:00:00,6.0100,down,下跌趋势,11.9400,6.0000,8.7000,6.9300,10.3800,6.3000,8.7100,6.4900,8.4400,7.6700
002670SZ,2026-03-13 15:00:00,15.4100,down_natural,自然回升,24.3400,15.3000,20.2300,16.2600,23.2500,15.8200,20.2400,16.2800,19.6600,20.0900
002674SZ,2026-03-13 15:00:00,13.9800,down_secondary,次级回升,15.8800,13.5200,14.1500,14.8000,15.6800,13.5400,14.2000,14.7400,13.8500,13.8000
002683SZ,2026-03-13 15:00:00,44.9800,up_break,破碎,55.0000,36.6000,45.6200,41.6400,49.8700,37.8800,45.6300,41.6000,44.8300,42.5800
002691SZ,2026-03-13 15:00:00,8.1100,down_natural,自然回升,10.8000,7.9700,8.4400,8.5200,9.5900,8.1600,8.4600,8.9500,8.2000,9.8300
002687SZ,2026-03-13 15:00:00,5.2600,down_break,破碎,4.9400,4.3000,4.4700,5.3100,4.7500,4.8900,4.4700,5.3000,4.3400,5.3400
002694SZ,2026-03-13 15:00:00,3.1300,down_rally,回撤,4.8800,2.9500,3.8000,3.2400,4.0300,3.0400,3.8000,3.0400,3.6900,4.5400
002689SZ,2026-03-13 15:00:00,3.8400,down_secondary,次级回升,5.4100,3.1100,4.7100,4.2300,5.3500,3.6200,4.7200,3.9800,4.5700,3.6600
002690SZ,2026-03-13 15:00:00,18.7800,down,下跌趋势,22.8000,18.2000,19.0500,16.0900,20.8300,15.1000,19.0700,16.0800,18.4800,16.5500
002688SZ,2026-03-13 15:00:00,6.3800,down_secondary,次级回升,8.0600,5.7600,7.3000,7.0000,7.7400,5.9000,7.3000,6.7500,7.1000,7.5700
002692SZ,2026-03-13 15:00:00,6.2300,up,上升趋势,6.4600,4.9500,5.7600,5.4000,6.4600,4.9800,5.4100,5.3900,5.3400,5.5500
002693SZ,2026-03-13 15:00:00,7.6700,down_secondary,次级回升,12.2000,6.3200,9.0000,13.5200,9.6900,6.3600,9.0000,8.3500,8.8200,12.0000
002695SZ,2026-03-13 15:00:00,10.2300,down,下跌趋势,16.4800,10.2100,11.6100,8.9900,12.5300,7.9600,11.6300,8.9700,11.2700,9.1700
002696SZ,2026-03-13 15:00:00,7.5300,up_rally,回升,7.9400,6.5200,7.2700,7.2900,7.8500,6.8500,7.4200,7.4800,7.2700,7.6100
002697SZ,2026-03-13 15:00:00,5.6600,down,下跌趋势,7.5400,5.5500,6.6100,6.1800,7.1000,5.8000,6.6300,5.8000,6.6100,6.6600
002698SZ,2026-03-13 15:00:00,15.1100,down,下跌趋势,18.9700,14.6500,16.8400,16.9400,18.4500,15.9000,16.8600,16.9200,16.3800,17.1300
002701SZ,2026-03-13 15:00:00,5.3800,down,下跌趋势,6.6900,5.2500,5.8000,6.3500,6.1600,5.5200,5.8000,6.1200,5.6300,4.7300
002699SZ,2024-06-04 15:00:00,0.4100,down,下跌趋势,1.2100,0.4100,1.1300,0.9500,1.2100,0.8600,1.1300,0.8600,1.1000,1.1300
002700SZ,2026-03-13 15:00:00,6.9900,down_secondary,次级回升,7.8900,6.4800,6.8400,8.1800,7.2800,6.9400,6.8400,7.7400,6.6600,7.5600
002702SZ,2026-03-13 15:00:00,5.8500,down,下跌趋势,9.7700,5.8300,8.8100,6.7200,9.7000,6.1600,8.8200,6.3000,8.6100,8.9500
002703SZ,2026-03-13 15:00:00,22.7500,down_secondary,次级回升,28.7500,19.9000,25.7000,25.5800,28.5900,21.5200,25.8000,23.4500,25.7000,26.2700
002707SZ,2026-03-13 15:00:00,6.9500,down,下跌趋势,9.0900,6.7900,8.0100,8.3100,8.5400,7.6800,8.0200,7.7300,7.7700,7.3900
002705SZ,2026-03-13 15:00:00,13.9200,down_natural,自然回升,17.4500,13.2300,14.8300,14.1200,16.1500,14.0000,14.8400,14.0000,14.3900,14.7600
002706SZ,2026-03-13 15:00:00,11.8300,up_natural,自然回撤,13.3100,9.3400,11.7600,12.4600,,10.0800,,12.3500,10.0700,12.5200
002708SZ,2026-03-13 15:00:00,12.7100,down_secondary,次级回升,15.3300,11.8300,13.4500,14.9100,14.4300,12.2400,13.4500,13.4500,13.4500,14.3600
002711SZ,2021-07-14 15:00:00,0.3200,up_secondary,次级回撤,0.3200,0.2300,0.3000,0.2600,0.3300,0.2400,0.3100,0.2600,0.2900,0.2700
002714SZ,2026-03-13 15:00:00,49.7900,up,上升趋势,50.7600,44.2000,,47.7900,,44.4000,,47.7500,49.1000,49.1300
002712SZ,2026-03-13 15:00:00,5.4700,down_natural,自然回升,7.7700,5.3200,6.1800,5.7800,7.1100,5.0900,6.1900,6.4500,6.0700,6.6500
002713SZ,2026-03-13 15:00:00,10.8300,down_secondary,次级回升,11.1100,9.1800,10.0300,11.2400,10.7800,10.4000,10.0800,11.0800,9.7400,9.8500
002709SZ,2026-03-13 15:00:00,48.7700,up,上升趋势,51.0000,38.7000,,44.9700,,39.5100,,43.4600,41.0300,46.2500
002715SZ,2026-03-13 15:00:00,15.9300,down_rally,回撤,18.7200,15.5000,16.5000,16.9400,17.7600,15.8100,16.5700,15.9200,16.0100,18.1900
002716SZ,2026-03-13 15:00:00,13.5200,down,下跌趋势,17.3700,13.4400,14.0800,13.9000,15.4400,12.8300,14.1100,13.8900,13.6600,14.2500
002717SZ,2026-03-13 15:00:00,1.7400,up_rally,回升,1.9400,1.5600,1.6500,1.7600,1.8100,1.6400,,1.7500,1.7500,1.8000
002718SZ,2026-03-13 15:00:00,59.8500,down,下跌趋势,82.5700,59.5000,64.9400,30.2600,69.8800,28.7000,65.0000,30.5000,63.3000,30.9900
002719SZ,2026-03-13 15:00:00,9.4200,up_secondary,次级回撤,9.9700,8.2400,8.8100,9.2500,9.9500,8.5700,9.2000,9.2400,8.4500,9.5000
002721SZ,2026-03-13 15:00:00,3.1300,down,下跌趋势,4.2500,3.1100,3.8100,3.4700,4.0400,3.2600,3.8100,3.2600,3.8100,3.6100
002722SZ,2026-03-13 15:00:00,15.5100,down_secondary,次级回升,20.8900,14.4700,17.4200,16.5900,18.9200,15.0700,17.4400,16.0000,16.9600,16.7200
002723SZ,2026-03-13 15:00:00,9.9500,down_rally,回撤,11.6200,8.8100,10.1800,10.4400,10.9400,9.7000,10.2000,9.8100,9.9100,10.5600
002724SZ,2026-03-13 15:00:00,7.4600,down_secondary,次级回升,9.5000,6.5000,7.4500,8.4500,8.6300,7.3900,7.4600,7.9200,7.2400,8.0400
002725SZ,2026-03-13 15:00:00,16.6700,down_secondary,次级回升,21.2000,14.4500,19.0800,17.9800,21.1400,15.5900,19.1100,17.9400,19.0800,15.3800
002726SZ,2026-03-13 15:00:00,3.9100,down_natural,自然回升,6.3800,3.7100,4.6800,4.0200,5.0600,3.9800,4.6900,4.0000,4.5400,5.7800
002727SZ,2026-03-13 15:00:00,13.2000,up_natural,自然回撤,14.8000,12.4300,12.7800,14.3300,,12.8500,,14.3000,17.1700,14.6500
002728SZ,2026-03-13 15:00:00,11.1500,down,下跌趋势,14.4700,10.9500,11.5100,12.1100,13.4200,11.3200,11.5200,12.0700,11.1700,12.4000
002729SZ,2026-03-13 15:00:00,19.4100,up,上升趋势,20.1000,15.2700,,19.3300,,17.0300,,19.1800,15.9500,19.9000
002730SZ,2026-03-13 15:00:00,19.2000,up_secondary,次级回撤,22.4000,17.6600,11.5600,19.1800,21.0500,18.0200,14.3700,19.1500,24.7900,19.4900
002731SZ,2026-03-13 15:00:00,7.8700,down_rally,回撤,16.2000,7.5500,10.6900,8.3100,11.6700,7.7700,10.7700,7.8000,10.6900,14.6000
002732SZ,2026-03-13 15:00:00,17.5400,up_secondary,次级回撤,20.0300,13.6500,16.7700,16.2200,18.3100,15.1900,16.8100,16.1600,15.7000,16.5000
002733SZ,2026-03-13 15:00:00,27.3700,up,上升趋势,28.2500,19.1300,24.4400,20.8000,27.5500,19.5200,23.2600,20.7700,23.0100,21.4000
002734SZ,2026-03-13 15:00:00,21.4500,up_rally,回升,22.4800,15.3100,19.8900,18.5800,22.2500,17.3800,20.2300,18.5000,19.8900,19.0600
002735SZ,2026-03-13 15:00:00,17.0900,down,下跌趋势,24.0000,16.6700,20.3300,17.9600,21.8100,16.7000,20.3500,16.8600,19.8400,17.7900
002736SZ,2026-03-13 15:00:00,12.2100,down,下跌趋势,16.2200,11.8900,12.5800,11.7100,13.9800,10.9700,12.5900,11.7000,12.2100,12.0600
002737SZ,2026-03-13 15:00:00,12.6900,down,下跌趋势,30.7900,12.6600,28.5500,15.4200,30.6800,14.3800,28.7200,14.4800,27.7000,29.3300
002738SZ,2026-03-13 15:00:00,76.8600,down_secondary,次级回升,100.8600,74.7500,90.6700,81.2800,96.2000,75.5500,90.6700,80.3000,88.2000,43.0000
002740SZ,2024-03-01 15:00:00,0.3800,down,下跌趋势,3.0300,0.3800,2.5800,1.2800,2.9100,1.1600,2.5900,1.2700,2.5100,2.9000
002739SZ,2026-03-13 15:00:00,10.0300,up_natural,自然回撤,13.8700,10.0400,9.9800,11.6200,13.0100,11.1100,11.1300,11.7800,11.0400,11.9400
002741SZ,2026-03-13 15:00:00,20.6000,down_natural,自然回升,23.7400,19.6000,20.3200,21.4800,21.5800,20.8000,20.3200,22.4900,19.7400,23.1300
002742SZ,2026-03-13 15:00:00,4.5800,down_natural,自然回升,5.4500,3.9200,4.5400,4.5900,4.8200,4.4500,4.5400,4.9900,4.4100,5.1400
002743SZ,2026-03-13 15:00:00,6.1600,up,上升趋势,6.4200,4.9200,5.4500,5.4800,6.1900,5.1200,5.2400,5.4600,5.0900,5.6400
002745SZ,2026-03-13 15:00:00,8.9700,down_break,破碎,11.0500,8.1500,10.0800,9.0100,10.8700,8.2500,10.1100,9.0000,10.0800,9.2200
002746SZ,2026-03-13 15:00:00,6.4800,up_rally,回升,6.7700,5.4500,5.9100,6.3900,6.6100,5.6600,6.1400,6.3800,6.0200,6.5700
002747SZ,2026-03-13 15:00:00,21.9400,down_secondary,次级回升,27.2000,20.6900,23.4500,26.1500,24.9600,21.2500,23.4500,22.7500,22.7600,26.4700
002748SZ,2026-03-13 15:00:00,12.6900,up_secondary,次级回撤,15.7400,11.9200,11.0800,12.9000,14.8600,12.8300,11.9600,13.6800,15.2300,13.7300
002750SZ,2025-06-26 15:00:00,0.5900,down_secondary,次级回升,1.3500,0.5600,1.2200,0.6200,1.3100,0.5800,1.2200,0.6200,1.2200,0.6300
002749SZ,2026-03-13 15:00:00,14.0400,up,上升趋势,14.5500,13.1100,,14.0800,,13.1100,,14.0300,13.7700,14.4900
002751SZ,2023-07-12 15:00:00,0.8600,down,下跌趋势,1.3500,0.8300,1.2300,1.0200,1.3200,0.9200,1.2400,0.9500,1.2200,1.1200
002753SZ,2026-03-13 15:00:00,8.1900,down_break,破碎,8.5100,6.8600,7.3300,8.1000,7.8500,7.4700,7.3400,8.0700,7.1200,8.3200
002752SZ,2026-03-13 15:00:00,6.2600,down,下跌趋势,9.5700,6.1500,7.3700,6.8300,8.3200,6.4200,7.4000,6.4200,7.3600,8.8100
002755SZ,2026-03-13 15:00:00,14.6600,down_natural,自然回升,29.0000,14.1400,26.3100,15.0800,28.6900,16.1400,26.3800,17.9400,25.5500,20.1600
002756SZ,2026-03-13 15:00:00,69.8100,up_natural,自然回撤,76.8600,45.6900,69.7500,69.2000,,64.2100,,69.0000,48.0000,71.0100
002757SZ,2026-03-13 15:00:00,20.9800,down_rally,回撤,26.5400,19.9000,22.5100,22.9800,23.9500,20.9500,22.5100,21.5000,21.8800,21.5000
002760SZ,2026-03-13 15:00:00,23.3800,up_secondary,次级回撤,25.9800,18.9800,22.0600,20.6000,25.4000,19.9000,23.3800,21.1000,21.1600,21.1400
002759SZ,2026-03-13 15:00:00,36.7900,down_natural,自然回升,44.8800,32.3300,35.6200,38.0500,42.0000,33.7600,35.7300,33.7600,34.6200,39.5800
002762SZ,2026-03-13 15:00:00,7.0100,up_rally,回升,7.7500,6.6900,6.4100,7.3200,7.1600,6.8600,,7.3000,8.5700,7.4900
002761SZ,2026-03-13 15:00:00,8.5300,down_natural,自然回升,11.3900,7.9900,9.8300,8.6700,10.6900,8.2600,9.8500,8.4300,9.5400,8.7800
002758SZ,2026-03-13 15:00:00,10.8900,up_rally,回升,11.1400,8.0700,10.0400,8.7600,11.1200,8.0700,8.7900,8.7500,7.9900,9.0200
002766SZ,2026-03-13 15:00:00,5.3200,down_rally,回撤,6.3600,5.1700,5.4900,5.7600,6.0900,5.2700,5.5100,5.4100,5.3300,6.3000
002765SZ,2026-03-13 15:00:00,10.9100,down_natural,自然回升,15.7300,10.6600,13.9000,11.3400,15.6600,11.1700,13.9000,13.5500,13.9000,14.2800
002763SZ,2026-03-13 15:00:00,7.9400,down_secondary,次级回升,9.1700,7.2000,8.0300,8.3000,8.6600,7.5500,8.0300,8.1400,7.7900,8.4400
002767SZ,2026-03-13 15:00:00,23.6400,up_secondary,次级回撤,25.4200,18.9000,21.5000,21.9500,24.8000,20.2200,21.7800,21.9100,22.5300,22.3500
002768SZ,2026-03-13 15:00:00,53.8600,up_secondary,次级回撤,63.8900,21.4800,48.7400,24.4500,60.9800,22.3300,49.7800,24.3900,22.0000,25.1500
002770SZ,2022-06-22 15:00:00,0.6000,up_natural,自然回撤,0.6300,0.4800,0.5800,0.5900,,0.5400,,0.5800,2.5100,0.6000
002769SZ,2026-03-13 15:00:00,11.1700,down_natural,自然回升,15.1300,10.6500,14.1500,11.5600,15.0400,11.8000,14.1500,12.5500,13.8000,13.2400
002771SZ,2026-03-13 15:00:00,15.1200,down_secondary,次级回升,20.6000,14.3000,17.1400,16.7700,18.2700,14.9200,17.1600,16.5200,16.6900,16.6700
002772SZ,2026-03-13 15:00:00,18.4200,up_natural,自然回撤,19.7300,8.9600,18.3600,10.7300,18.9600,10.0800,17.2600,10.9700,16.4000,11.1700
002773SZ,2026-03-13 15:00:00,27.4700,down_natural,自然回升,46.7300,26.4500,37.1000,28.8000,40.5800,27.6100,37.1200,27.7800,36.0000,29.4700
002776SZ,2024-01-24 15:00:00,0.4000,down,下跌趋势,1.0700,0.4000,0.9800,0.9500,1.0400,0.8900,0.9800,0.8900,0.9600,1.0600
002777SZ,2026-03-13 15:00:00,18.2900,down_secondary,次级回升,21.1600,17.1000,18.0900,23.7100,19.9700,17.9000,18.1100,19.1900,17.5900,23.9700
002781SZ,2023-07-04 15:00:00,0.4200,up_rally,回升,0.4700,0.3800,0.4000,0.4400,0.4300,0.4000,,0.4300,3.8200,0.4500
002780SZ,2026-03-13 15:00:00,15.5300,up_rally,回升,17.7600,13.8500,14.9200,15.0500,15.9800,13.9700,,15.0400,17.2800,15.3400
002782SZ,2026-03-13 15:00:00,25.2400,up_natural,自然回撤,28.7800,20.8600,25.1600,24.7800,26.5200,23.0000,,24.7600,23.0300,25.4800
002783SZ,2026-03-13 15:00:00,10.1900,up_secondary,次级回撤,11.3800,8.7000,9.6200,10.0400,10.4800,9.3700,9.7600,10.0300,10.0600,10.3300
002774SZ,2026-03-13 15:00:00,11.0000,down_natural,自然回升,16.4500,10.4300,13.9600,11.3500,14.8000,10.8700,13.9600,11.7000,13.6600,9.6900
002775SZ,2026-03-13 15:00:00,4.4600,down_natural,自然回升,5.2800,4.1200,4.8500,4.5400,5.1800,4.1200,4.8600,4.2800,4.8200,5.0000
002779SZ,2026-03-13 15:00:00,91.3000,down_natural,自然回升,110.8500,87.8200,101.0000,93.3500,110.6800,95.0700,101.7100,102.7100,98.0800,82.8800
002778SZ,2026-03-13 15:00:00,20.9800,up_secondary,次级回撤,24.3000,18.5000,19.7300,22.4700,24.0900,19.4600,19.9300,22.3900,19.2100,22.9900
002785SZ,2026-03-13 15:00:00,44.3000,down_rally,回撤,51.0000,42.6500,46.3000,45.6900,49.8500,42.7000,46.5200,42.9000,45.1500,38.2800
002789SZ,2026-03-13 15:00:00,10.9100,down_secondary,次级回升,13.2600,7.6200,10.6300,11.5800,11.3300,9.4100,10.6300,10.9100,10.3300,8.3300
002788SZ,2026-03-13 15:00:00,14.5000,down_natural,自然回升,28.2900,14.3300,24.9400,15.2200,27.1800,15.4900,25.0000,16.6100,24.9400,11.9500
002786SZ,2026-03-13 15:00:00,7.8500,down_secondary,次级回升,14.9900,6.7000,11.4500,14.4000,12.4600,7.0800,11.4900,11.0800,11.1200,14.5000
002802SZ,2026-03-13 15:00:00,14.0000,down_secondary,次级回升,16.4700,11.7600,14.0000,14.5200,14.9900,13.0700,14.0200,14.2500,13.6500,14.4600
002795SZ,2026-03-13 15:00:00,7.6600,up_secondary,次级回撤,8.7700,6.4600,7.5700,7.5900,8.0500,6.8500,7.5700,7.3500,6.6000,7.7700
002796SZ,2026-03-13 15:00:00,57.7200,up_natural,自然回撤,67.8800,40.8800,57.0000,44.8000,62.5500,41.7900,,44.5700,41.3900,45.6600
002799SZ,2026-03-13 15:00:00,8.9400,up_secondary,次级回撤,10.1400,7.7000,8.5100,9.4700,9.9700,8.2900,8.9000,9.4500,9.3900,9.7400
002792SZ,2026-03-13 15:00:00,40.3100,down,下跌趋势,57.3500,40.2000,50.5000,44.5000,55.5400,41.4800,50.5200,41.8100,49.0000,56.4000
002797SZ,2026-03-13 15:00:00,7.5400,up,上升趋势,7.9600,6.7300,7.1600,7.3500,7.7600,6.8000,,7.3400,7.3300,7.4800
002798SZ,2026-03-13 15:00:00,6.4300,down_natural,自然回升,7.4100,6.0100,6.3400,6.5700,7.0600,6.0100,6.3500,6.4100,6.1500,6.5900
002800SZ,2026-03-13 15:00:00,23.8300,up_rally,回升,25.7500,15.6900,22.8300,19.1000,24.9200,17.8300,23.2100,19.0300,15.8900,19.6000
002790SZ,2026-03-13 15:00:00,8.0900,down,下跌趋势,13.2200,7.8100,10.8200,9.2500,12.1000,8.1400,10.8300,8.8400,10.8200,7.5900
002791SZ,2026-03-13 15:00:00,22.4700,down,下跌趋势,26.8400,22.3900,23.8800,24.8700,26.1400,23.0300,23.9400,24.7200,23.2000,25.5900
002787SZ,2026-03-13 15:00:00,12.7600,up_secondary,次级回撤,14.3000,12.2600,12.4500,13.4000,13.8600,12.2800,12.7000,13.3900,12.7100,13.8000
002801SZ,2026-03-13 15:00:00,35.3800,up_rally,回升,38.7400,31.2500,32.0500,33.8900,36.4100,31.4800,,33.8500,32.7500,34.9000
002793SZ,2026-03-13 15:00:00,4.8100,down_natural,自然回升,6.7400,4.5000,6.1100,4.9300,6.6000,4.6400,6.1200,5.1300,5.9300,5.8000
002807SZ,2026-03-13 15:00:00,4.6700,down_secondary,次级回升,5.1000,4.4000,4.5800,5.3900,5.0900,4.4300,4.5900,4.7400,4.4500,3.9100
002812SZ,2026-03-13 15:00:00,72.9900,up,上升趋势,76.5700,43.9600,59.4700,58.5700,68.8900,47.8400,,57.4400,49.8200,60.2400
002809SZ,2026-03-13 15:00:00,14.0400,up_natural,自然回撤,15.5500,12.1100,14.0000,14.4000,,13.3600,,14.2000,13.9700,14.6900
002803SZ,2026-03-13 15:00:00,18.2800,down_secondary,次级回升,20.8400,16.7900,19.2200,19.3300,20.6800,17.0100,19.2400,19.1700,18.7100,17.3200
002810SZ,2026-03-13 15:00:00,19.1800,down_natural,自然回升,20.3500,17.2600,19.1100,19.8300,20.2600,14.3000,19.1100,16.0900,18.5600,16.7600
002813SZ,2026-03-13 15:00:00,26.3400,down_natural,自然回升,33.3700,25.8000,28.0000,27.5800,30.3800,27.1900,28.0100,27.9500,27.2100,32.6900
002805SZ,2026-03-13 15:00:00,18.0000,up_rally,回升,20.3400,17.2800,15.6600,19.0800,18.7000,17.7200,17.1300,19.0400,15.6600,19.6500
002816SZ,2026-03-13 15:00:00,23.8600,down_natural,自然回升,28.6700,22.7100,24.4000,25.1000,26.8000,21.5000,24.4200,23.8100,23.7000,25.0000
002818SZ,2026-03-13 15:00:00,11.8900,down_secondary,次级回升,15.5900,10.8300,12.9000,12.2800,14.3000,11.1500,13.0900,12.0400,12.5600,14.4600
002820SZ,2026-03-13 15:00:00,11.6000,down_natural,自然回升,15.5800,11.0100,12.5200,12.0000,13.7900,11.7200,12.6400,12.0500,12.1600,13.5900
002815SZ,2026-03-13 15:00:00,15.8700,down_natural,自然回升,16.5400,14.1200,14.8800,15.9700,16.3700,14.1500,14.9100,15.3400,14.4500,15.1000
002817SZ,2026-03-13 15:00:00,8.5200,up,上升趋势,8.6200,7.3200,7.9800,8.1100,8.6200,7.4800,,8.0900,7.3900,8.3500
002806SZ,2026-03-13 15:00:00,15.3500,up_natural,自然回撤,17.3700,11.3800,15.0900,12.9900,13.9800,12.2100,,12.9600,13.1000,13.2700
002808SZ,2026-03-13 15:00:00,4.0700,down,下跌趋势,6.1300,4.0700,5.3800,4.6500,5.9700,4.3300,5.4200,4.3700,5.3800,5.2700
002811SZ,2026-03-13 15:00:00,14.9800,up_secondary,次级回撤,17.9800,12.5600,14.3200,17.1000,15.8800,14.1400,14.4200,16.4400,15.0700,17.4000
002819SZ,2026-03-13 15:00:00,27.0300,down_secondary,次级回升,35.2500,25.9500,27.5900,31.8700,30.5400,26.3500,27.6000,29.4700,26.7700,32.8800
002828SZ,2026-03-13 15:00:00,13.8800,down_natural,自然回升,17.9000,13.4000,14.7300,14.4400,17.4800,14.7300,14.7400,15.2400,14.7300,13.0500
002823SZ,2026-03-13 15:00:00,16.3200,down_secondary,次级回升,19.1000,14.7600,15.7600,17.3600,18.8800,15.6000,15.8100,16.6800,15.3000,17.3800
002822SZ,2026-03-13 15:00:00,3.3800,down_natural,自然回升,4.4600,3.2800,3.8200,3.5200,4.2300,3.3000,3.8300,3.4800,3.7100,3.7800
002821SZ,2026-03-13 15:00:00,99.3100,down_secondary,次级回升,125.5000,88.4600,97.7100,109.4900,120.8800,91.4000,98.0000,102.4000,95.1000,67.1800
002825SZ,2026-03-13 15:00:00,10.9500,down_secondary,次级回升,12.4900,9.4500,10.8100,13.6800,11.7800,9.9800,10.8200,12.7500,10.5000,9.2400
002835SZ,2026-03-13 15:00:00,16.7500,down_secondary,次级回升,15.9400,13.3000,13.7300,24.0600,14.9700,13.7200,13.7700,20.6700,13.3300,15.5900
002831SZ,2026-03-13 15:00:00,34.5600,down_secondary,次级回升,32.9400,29.5800,30.6600,37.0400,32.8000,32.5800,30.6700,35.0000,29.7600,22.3600
002827SZ,2026-03-13 15:00:00,35.7800,down_rally,回撤,61.9000,34.1500,53.3200,37.9800,58.8000,35.1100,53.9600,35.7000,53.3200,30.7400
002826SZ,2026-03-13 15:00:00,21.7900,up_rally,回升,23.1900,17.4200,20.3700,19.3700,22.4700,18.1600,20.4100,19.3500,18.4600,19.7500
002832SZ,2026-03-13 15:00:00,16.8600,up,上升趋势,17.4400,14.7400,,16.0600,,15.0000,,16.2000,29.0300,16.5000
002829SZ,2026-03-13 15:00:00,25.2000,down,下跌趋势,35.6900,25.1900,28.6400,27.4900,30.8200,25.8000,28.7700,25.8300,28.0100,28.4400
002836SZ,2026-03-13 15:00:00,14.3000,down_secondary,次级回升,16.1400,13.0000,13.6600,17.9000,14.6600,13.5000,13.6700,14.8000,13.2700,18.0900
002824SZ,2026-03-13 15:00:00,19.9800,down_rally,回撤,25.3500,19.4600,22.4200,21.3400,24.9000,19.9500,22.4300,20.0500,21.7600,21.8800
002830SZ,2026-03-13 15:00:00,22.7100,down_natural,自然回升,35.7400,22.2100,30.4500,23.6300,34.2100,23.3000,30.4600,23.7900,30.3600,29.9000
002833SZ,2026-03-13 15:00:00,18.5200,up_rally,回升,19.7900,14.4400,17.0300,18.5400,19.0000,15.3100,,18.4000,17.8200,19.0700
002837SZ,2026-03-13 15:00:00,97.2200,up_secondary,次级回撤,117.3000,67.5000,93.0000,73.2800,102.8400,68.7500,96.0000,72.9000,93.0000,74.4900
002849SZ,2026-03-13 15:00:00,18.1600,down_rally,回撤,20.2000,17.3700,17.9700,19.5900,20.1800,18.0800,17.9800,19.5500,17.4900,20.0000
002847SZ,2026-03-13 15:00:00,62.1800,down_natural,自然回升,80.3300,59.0000,65.2400,63.6300,76.3800,67.4800,65.2500,73.4500,63.3400,75.4800
002842SZ,2026-03-13 15:00:00,34.4300,down,下跌趋势,47.7000,34.0700,39.5500,45.8000,43.2500,42.7000,39.6200,45.7700,38.5900,46.9900
002840SZ,2026-03-13 15:00:00,9.9500,down_break,破碎,12.3600,9.2900,10.5100,10.0900,12.0900,9.4700,10.5200,10.0500,10.2800,10.1700
002845SZ,2026-03-13 15:00:00,15.5700,up_secondary,次级回撤,16.1000,13.2500,13.4000,15.2700,16.0700,14.2900,14.1400,15.3700,14.0200,15.4700
002846SZ,2026-03-13 15:00:00,14.7900,down_natural,自然回升,22.6000,14.4000,19.9700,15.4300,21.5400,14.8000,19.9700,14.8000,19.4100,18.3700
002851SZ,2026-03-13 15:00:00,117.6400,down,下跌趋势,136.8000,115.5000,123.0300,132.3900,133.9300,115.5800,123.0300,124.4200,123.0300,127.3500
002855SZ,2026-03-13 15:00:00,12.3600,down,下跌趋势,20.3500,12.3300,15.6000,13.4600,16.7200,12.6200,15.6000,12.6200,15.6000,17.9400
002848SZ,2026-03-13 15:00:00,12.8300,up_rally,回升,13.3800,7.3600,10.8000,10.4000,13.2600,9.7000,11.0900,10.4200,7.7200,10.7000
002852SZ,2026-03-13 15:00:00,11.8700,up_rally,回升,12.8700,8.7200,10.1600,10.6500,12.0900,9.1800,10.3200,10.6400,10.1600,10.6800
002841SZ,2026-03-13 15:00:00,35.1000,down,下跌趋势,43.7400,34.1100,40.1300,44.8600,42.9100,36.2300,40.1800,43.2500,38.9800,41.5800
002843SZ,2026-03-13 15:00:00,23.3700,down,下跌趋势,30.5800,23.2500,27.2100,27.9300,29.6600,24.6300,27.3000,27.7200,26.6500,22.2500
002838SZ,2026-03-13 15:00:00,26.0100,down_natural,自然回升,30.7900,25.3200,27.2500,27.2000,29.5300,23.3300,27.2800,25.9800,26.4500,26.8000
002850SZ,2026-03-13 15:00:00,163.4600,up_rally,回升,187.4300,149.1000,148.8000,161.3900,167.4800,151.2000,,161.0000,162.0000,162.9300
002853SZ,2026-03-13 15:00:00,27.1600,down,下跌趋势,33.7400,27.0300,29.1200,29.4700,31.3600,27.2500,29.1600,27.5900,28.2500,24.0000
002839SZ,2026-03-13 15:00:00,4.6100,up_secondary,次级回撤,4.9300,3.9300,4.2700,4.5000,4.9000,4.1800,4.4000,4.4900,4.1400,4.6300
002857SZ,2026-03-13 15:00:00,26.1900,down_natural,自然回升,24.6100,20.5100,21.8700,26.6300,24.1800,19.6600,21.8900,21.3500,21.2200,21.9700
002859SZ,2026-03-13 15:00:00,42.6200,up_rally,回升,45.8000,27.4500,40.9000,31.2600,43.4500,29.2600,,31.0500,28.5000,32.1500
002860SZ,2026-03-13 15:00:00,13.4100,down_natural,自然回升,16.4000,12.7300,14.4500,13.9400,15.4500,13.3600,14.4500,15.0800,14.0300,10.0800
002856SZ,2026-03-13 15:00:00,13.6500,up_secondary,次级回撤,16.5500,9.4300,13.0600,10.8500,14.7900,9.9100,13.4300,10.8300,11.3000,11.1600
002863SZ,2026-03-13 15:00:00,5.9000,down_natural,自然回升,6.2600,5.6000,5.8300,6.1100,6.2000,5.6400,5.8300,5.9900,5.7200,6.1900
002861SZ,2026-03-13 15:00:00,18.4100,down_secondary,次级回升,20.4700,16.9400,17.5300,21.7500,19.4300,17.4900,17.5400,21.4900,17.0400,15.7500
002858SZ,2026-03-13 15:00:00,15.3800,up_secondary,次级回撤,17.9700,13.6000,14.8600,15.2100,16.5900,14.2100,15.3200,15.2000,14.8600,15.3500
002870SZ,2026-03-13 15:00:00,37.2200,down_natural,自然回升,43.6800,35.6600,37.0500,39.2300,41.5500,34.2800,37.1900,39.2000,36.0000,39.6900
002862SZ,2026-03-13 15:00:00,16.8900,down_rally,回撤,26.9900,16.1600,17.3200,19.0900,25.1000,16.8900,17.3300,17.9300,16.8400,22.5000
002871SZ,2026-03-13 15:00:00,19.0200,down,下跌趋势,22.7000,18.9900,20.1200,16.0800,22.1900,15.0500,20.1400,16.0400,19.5300,16.5500
002865SZ,2026-03-13 15:00:00,82.8900,down_rally,回撤,116.6800,81.3400,92.5700,95.7200,104.7000,82.7600,92.6000,93.3000,89.8600,45.5000
002866SZ,2026-03-13 15:00:00,19.7500,up_secondary,次级回撤,20.9800,16.4200,18.1100,19.7600,20.3900,17.8200,18.2000,19.6000,18.1100,19.8000
002868SZ,2026-03-13 15:00:00,40.5100,up_break,破碎,44.7000,32.5300,39.8000,40.5000,43.7000,34.6000,40.0000,40.2200,39.7000,41.6000
002882SZ,2026-03-13 15:00:00,30.2600,down_natural,自然回升,37.6200,29.4500,34.8700,31.5700,37.2700,30.6600,34.9100,31.7800,33.9000,33.7900
002864SZ,2026-03-13 15:00:00,33.4100,up_natural,自然回撤,38.8200,34.1100,32.9300,36.8000,,35.6800,,37.9300,34.7000,37.9800
002869SZ,2026-03-13 15:00:00,23.0000,down_natural,自然回升,26.2000,20.6000,22.3700,24.1500,23.7600,22.2800,22.3700,24.2900,21.7000,24.9900
002885SZ,2026-03-13 15:00:00,29.7000,down,下跌趋势,33.7700,29.2200,30.9400,26.9500,33.4800,25.6500,30.9500,27.3600,30.0400,27.6400
002867SZ,2026-03-13 15:00:00,12.2200,down_rally,回撤,14.8900,11.7600,13.3100,14.2800,14.1900,11.7900,13.3200,13.4000,12.9200,14.2000
002872SZ,2026-03-13 15:00:00,5.2800,up_secondary,次级回撤,5.8100,3.4700,4.6600,4.4800,5.6300,4.2900,5.2600,4.5500,4.2400,4.5700
002878SZ,2026-03-13 15:00:00,16.6000,down_rally,回撤,22.5600,16.3700,20.8800,17.8400,22.4300,16.5200,20.8900,16.6600,20.4200,20.5400
002884SZ,2026-03-13 15:00:00,18.2700,up_rally,回升,18.7900,14.1000,16.6200,17.0600,18.6200,15.4000,17.3800,17.0500,16.6200,17.4300
002877SZ,2026-03-13 15:00:00,9.6900,down_rally,回撤,12.0000,8.8600,9.7200,11.6000,11.4300,9.6300,10.0100,11.2000,9.4400,10.9100
002888SZ,2026-03-13 15:00:00,20.0800,up_secondary,次级回撤,22.0500,17.7200,19.7000,20.9700,21.1900,20.1500,19.8000,21.3600,18.4400,21.4800
002886SZ,2026-03-13 15:00:00,23.4300,up_secondary,次级回撤,26.5600,18.5200,21.9400,20.2100,24.4700,18.7500,22.9800,20.2000,22.4300,20.8000
002880SZ,2026-03-13 15:00:00,30.4500,up_secondary,次级回撤,33.7900,25.0300,27.8300,30.9800,32.1900,26.9000,28.1000,30.8800,27.8300,31.7100
002876SZ,2026-03-13 15:00:00,27.9200,down_break,破碎,28.4800,22.4400,24.5800,29.3800,26.2700,24.9100,24.6400,29.3600,23.8800,29.5000
002873SZ,2026-03-13 15:00:00,10.4000,down_secondary,次级回升,15.1900,9.5700,13.8800,10.7100,14.7700,9.6800,13.8800,10.6100,13.4700,11.2200
002883SZ,2026-03-13 15:00:00,10.3000,down_secondary,次级回升,16.7900,9.8300,13.6000,11.2300,14.6500,9.9000,13.6100,10.5600,13.6000,11.9200
002881SZ,2026-03-13 15:00:00,44.7800,up_secondary,次级回撤,53.9600,39.6000,43.2100,51.4700,50.2000,41.3700,44.6700,51.3700,43.2100,52.1700
002875SZ,2026-03-13 15:00:00,19.2100,up,上升趋势,20.1000,15.2600,17.6200,18.3800,20.1000,16.3300,,18.3000,16.9900,18.9300
002887SZ,2026-03-13 15:00:00,11.9600,up,上升趋势,12.4500,8.3200,11.0300,9.7700,11.9700,9.0600,11.2100,9.7200,11.0300,9.9300
002879SZ,2026-03-13 15:00:00,23.0700,up_natural,自然回撤,24.9100,15.4300,22.8900,18.0100,23.7800,16.8700,21.1300,18.2900,20.0900,18.5500
002892SZ,2026-03-13 15:00:00,11.8100,down_natural,自然回升,17.6000,11.4700,12.0800,12.1700,13.7700,13.6500,12.0900,15.1700,11.7200,15.5900
002895SZ,2026-03-13 15:00:00,42.3600,up_rally,回升,46.0200,33.2900,40.0200,39.8400,43.9000,37.0300,40.4200,39.8000,40.0200,40.9100
002891SZ,2026-03-13 15:00:00,43.4200,down,下跌趋势,61.1000,43.1100,49.0200,56.8000,52.4700,51.8900,49.0300,56.7800,47.5900,58.3200
002890SZ,2026-03-13 15:00:00,16.2300,up_rally,回升,17.8800,13.8500,15.2100,16.9900,16.7700,15.9500,,16.9200,14.2200,17.4600
002893SZ,2026-03-13 15:00:00,11.5100,up_rally,回升,14.5600,11.6200,10.9800,13.1500,11.7700,12.2200,11.1500,12.9800,10.9800,13.2000
002899SZ,2026-03-13 15:00:00,32.3600,down_natural,自然回升,34.7800,28.2300,31.8400,33.0500,34.2500,30.6600,32.0000,30.6600,31.0000,23.0000
002897SZ,2026-03-13 15:00:00,64.8700,up_natural,自然回撤,76.2000,41.4100,64.7100,53.3500,73.7700,43.3800,63.7000,52.9500,63.4000,54.4800
002889SZ,2026-03-13 15:00:00,14.1300,down_rally,回撤,39.6500,13.8500,36.0000,17.4800,38.9500,14.0300,36.0100,17.0300,34.9900,26.2800
002898SZ,2026-03-13 15:00:00,11.5500,down_natural,自然回升,17.4900,10.5000,14.2600,11.8100,15.8200,10.8600,14.2800,12.2600,13.8500,14.8200
002900SZ,2026-03-13 15:00:00,11.9000,down_natural,自然回升,15.6100,11.3500,12.4400,12.2000,14.0000,11.6100,12.8500,11.9400,12.1500,14.3800
002902SZ,2026-03-13 15:00:00,22.0800,down_natural,自然回升,24.2500,19.4200,20.9500,22.7600,24.3800,19.9500,20.9600,21.2200,20.3300,23.1500
002896SZ,2026-03-13 15:00:00,76.9100,down_natural,自然回升,109.3500,73.4000,91.9700,81.5000,97.7900,78.2600,91.9700,91.0000,91.9700,94.0000
002906SZ,2026-03-13 15:00:00,30.2700,up_secondary,次级回撤,34.9200,28.0100,29.9800,31.3800,32.2000,29.0100,30.1600,31.3500,29.9800,32.2000
002905SZ,2026-03-13 15:00:00,9.9000,down,下跌趋势,15.0400,9.8300,11.9000,11.6200,12.6600,10.7600,11.9000,11.6100,11.9000,11.9500
002903SZ,2026-03-13 15:00:00,31.0300,up_rally,回升,33.4100,18.2000,27.1900,20.7400,31.0300,19.3300,22.6600,20.7300,20.2100,21.0700
002901SZ,2026-03-13 15:00:00,44.9900,down,下跌趋势,59.9900,43.6900,55.6600,52.8600,59.5000,46.9100,55.7100,52.0000,54.1500,53.2100
002920SZ,2026-03-13 15:00:00,117.2400,down_natural,自然回升,142.7900,110.6100,131.5000,119.6900,140.2100,118.7300,131.5100,119.3000,127.6600,134.0500
002907SZ,2026-03-13 15:00:00,14.1000,down,下跌趋势,21.5200,13.8400,17.5600,15.9000,19.3200,14.6200,17.5800,15.8000,17.0700,16.1200
002909SZ,2026-03-13 15:00:00,7.2600,down_secondary,次级回升,8.9700,6.7600,7.8000,7.6900,8.4700,6.9700,7.8200,7.5300,7.7700,7.7400
002908SZ,2026-03-13 15:00:00,9.5300,down_secondary,次级回升,13.2900,8.9500,11.2900,11.2500,12.3100,9.2800,11.3000,9.9400,10.9700,11.5200
002913SZ,2026-03-13 15:00:00,47.9000,up_natural,自然回撤,54.5000,32.5500,46.9500,43.9600,54.5000,39.4000,,43.8100,37.2700,44.8900
002910SZ,2026-03-13 15:00:00,11.7500,up_rally,回升,13.3000,11.0300,11.2300,12.8800,12.2500,11.2200,,12.8600,13.5200,13.1000
002912SZ,2026-03-13 15:00:00,30.0800,up_secondary,次级回撤,35.5600,20.2500,27.7000,25.1000,35.0000,21.8500,29.2900,24.8000,27.7000,25.8500
002916SZ,2026-03-13 15:00:00,250.2300,up_secondary,次级回撤,295.6600,221.7500,240.6600,254.7400,267.7500,233.3700,243.5000,254.7000,231.0000,258.5000
002915SZ,2026-03-13 15:00:00,22.2200,down_natural,自然回升,26.1000,21.1800,21.9600,22.8300,24.2600,21.4600,22.0100,23.2500,21.5000,23.9900
002917SZ,2026-03-13 15:00:00,14.0300,down_secondary,次级回升,18.7600,12.5200,13.3600,15.0100,14.4300,13.4400,13.3700,14.3700,12.9600,16.7800
002918SZ,2026-03-13 15:00:00,13.0600,down,下跌趋势,17.7800,12.7500,13.2200,14.5000,14.0600,13.8100,13.2200,14.6900,12.8500,14.8000
002919SZ,2026-03-13 15:00:00,23.0400,up_rally,回升,27.9000,14.2900,21.9200,18.5300,23.6100,17.0300,20.6600,18.4900,15.5500,19.0300
002922SZ,2026-03-13 15:00:00,40.8100,down_natural,自然回升,49.3800,39.6400,44.5000,42.0900,48.8700,39.1200,44.5100,45.0300,43.1700,46.3800
002921SZ,2026-03-13 15:00:00,25.2200,down,下跌趋势,28.5000,25.1000,26.0700,27.5000,27.8400,25.1500,26.0800,25.8300,25.3300,28.1000
002923SZ,2026-03-13 15:00:00,15.9400,up_natural,自然回撤,16.8300,12.3700,15.8200,13.7000,16.8300,12.7900,14.9900,13.6900,13.8000,14.1000
002911SZ,2026-03-13 15:00:00,15.3800,up_rally,回升,17.8000,12.0300,14.7100,13.3800,15.9000,12.4100,14.9000,13.2000,14.7100,13.7800
002925SZ,2026-03-13 15:00:00,21.9100,up_rally,回升,24.3000,19.2000,21.2200,22.5400,23.2900,19.6000,,22.4500,19.9000,23.0600
002929SZ,2026-03-13 15:00:00,50.2000,up_natural,自然回撤,54.5500,38.0100,49.8600,50.0600,53.2200,43.6000,49.3600,49.9400,47.7000,51.4300
002927SZ,2026-03-13 15:00:00,20.5700,up_break,破碎,23.0000,18.1700,20.8600,20.1700,22.3000,18.3800,20.8600,20.1500,20.5000,20.5800
002928SZ,2026-03-13 15:00:00,9.3100,down_rally,回撤,12.4800,8.8200,9.7200,10.0500,11.9600,9.0900,9.7300,9.4400,9.4600,7.4600
002926SZ,2026-03-13 15:00:00,8.7600,down,下跌趋势,11.2800,8.6000,9.4600,9.0100,10.5800,8.1600,9.4700,8.9900,9.1800,9.2600
002932SZ,2026-03-13 15:00:00,18.7100,up_secondary,次级回撤,20.8700,18.2800,17.3100,19.9800,20.7200,18.5600,17.7600,19.9600,20.9500,20.4200
002931SZ,2026-03-13 15:00:00,81.5800,down_natural,自然回升,118.1000,73.7300,98.8500,81.5800,110.9600,76.7000,98.9200,80.6800,96.0000,23.8200
002941SZ,2026-03-13 15:00:00,16.6000,up_rally,回升,18.3500,15.7500,15.6500,16.7900,17.1000,15.7400,,16.7800,18.2800,17.2900
002942SZ,2026-03-13 15:00:00,21.6900,up_rally,回升,23.7700,18.7200,20.5500,21.3800,22.2800,20.0500,21.0000,21.3100,20.8200,22.0000
002933SZ,2026-03-13 15:00:00,34.2400,up_secondary,次级回撤,38.3800,31.4900,32.9800,34.9800,35.8100,33.0400,33.4000,35.1100,35.5000,35.7000
002930SZ,2026-03-13 15:00:00,14.0400,up_natural,自然回撤,14.9000,9.4200,13.9000,10.4600,14.9000,9.5200,10.4500,10.4300,10.1700,10.7300
002939SZ,2026-03-13 15:00:00,9.3900,down,下跌趋势,14.0700,9.2500,12.7000,10.7400,14.0300,9.8600,12.7200,10.6600,12.3800,12.0800
002946SZ,2026-03-13 15:00:00,17.9100,up_natural,自然回撤,20.2000,16.3400,17.1800,18.4800,20.1800,16.3500,,18.4600,17.0600,18.9900
002948SZ,2026-03-13 15:00:00,5.3500,down_rally,回撤,5.4900,4.1900,4.6900,5.6900,5.3100,5.2100,4.7000,5.3400,4.5500,5.3700
002947SZ,2026-03-13 15:00:00,48.1600,down_secondary,次级回升,57.1800,43.8100,48.5000,51.6600,52.4700,44.5000,48.5100,49.0800,47.0500,47.2700
002937SZ,2026-03-13 15:00:00,26.9800,up_natural,自然回撤,30.0000,22.1800,26.4600,26.1500,29.2500,24.1700,,26.0800,22.4800,26.8300
002936SZ,2026-03-13 15:00:00,1.9300,down,下跌趋势,2.2800,1.8700,1.9800,2.1900,2.1000,2.0400,1.9800,2.1800,1.9300,2.2500
002935SZ,2026-03-13 15:00:00,19.2800,down,下跌趋势,27.7000,19.2300,21.4800,20.5500,23.2600,19.3000,21.4900,19.3000,20.8600,14.3100
002949SZ,2026-03-13 15:00:00,14.5100,down,下跌趋势,16.7000,14.3200,15.2300,17.2400,16.1900,14.7500,15.2300,16.2000,14.8000,16.5100
002943SZ,2026-03-13 15:00:00,54.2400,down,下跌趋势,88.9500,53.9800,68.6800,60.3900,76.2900,56.3200,69.0000,56.7000,67.0300,37.8000
002945SZ,2026-03-13 15:00:00,16.2900,down,下跌趋势,21.2200,16.2800,17.6400,15.9500,19.1500,14.9800,17.8000,16.4400,17.1200,16.8600
002938SZ,2026-03-13 15:00:00,51.1300,down_rally,回撤,63.9800,48.3800,54.6600,53.8500,63.3000,49.9800,54.6700,50.5800,53.5000,53.4000
002940SZ,2026-03-13 15:00:00,30.5000,down,下跌趋势,48.9000,29.4200,37.8900,41.7500,40.9600,31.4600,38.1300,39.0000,37.0000,43.1900
002951SZ,2026-03-13 15:00:00,16.5400,down_rally,回撤,19.4800,14.2500,15.9000,17.8800,17.1400,16.4000,15.9600,16.7000,15.4300,16.9900
002966SZ,2026-03-13 15:00:00,8.3000,up_secondary,次级回撤,9.4800,6.0900,7.8800,7.7300,8.6500,7.0200,7.9300,7.7200,6.8800,7.9600
002952SZ,2026-03-13 15:00:00,27.1600,up_secondary,次级回撤,28.5000,21.9800,24.5400,26.5000,27.4600,24.7500,25.0700,26.6500,22.3200,27.5600
002956SZ,2026-03-13 15:00:00,25.2300,down,下跌趋势,29.7800,24.9700,26.7300,27.2100,28.8500,25.1000,26.7400,25.5600,25.9300,29.3000
002953SZ,2026-03-13 15:00:00,12.8000,up_rally,回升,14.4400,11.0500,12.1100,13.2700,13.4600,12.4500,12.4000,13.2700,12.1100,13.9000
002960SZ,2026-03-13 15:00:00,10.8300,down_rally,回撤,14.1900,9.9000,11.9500,11.6800,12.7300,10.5800,11.9500,11.6700,11.6000,11.9500
002958SZ,2026-03-13 15:00:00,3.1700,up_rally,回升,3.9200,2.8100,3.0300,3.1900,3.2400,2.8800,3.1100,3.1800,3.0300,3.2800
002950SZ,2026-03-13 15:00:00,11.3000,down_secondary,次级回升,10.9700,9.1600,9.7000,13.9800,10.3400,10.1800,9.7100,11.3000,9.4300,9.2700
002955SZ,2026-03-13 15:00:00,25.9600,up_rally,回升,31.3900,25.6100,25.1600,29.9700,27.1900,27.5000,,29.9300,27.9700,30.7800
002965SZ,2026-03-13 15:00:00,33.0500,down,下跌趋势,49.8200,32.2300,46.2300,36.6000,49.2800,33.7500,46.2300,34.4000,45.2600,37.8800
002968SZ,2026-03-13 15:00:00,12.4800,down_natural,自然回升,14.6200,12.1600,13.0500,13.0700,14.3100,11.6500,13.0700,12.4200,12.6700,12.8700
002963SZ,2026-03-13 15:00:00,15.8100,up_rally,回升,17.1600,13.7700,14.5300,15.6400,16.4700,14.4300,,15.4300,14.6300,16.0400
002959SZ,2026-03-13 15:00:00,44.9900,down_natural,自然回升,56.4100,40.7200,49.2500,45.7000,54.0000,42.0000,49.4800,45.6900,47.7800,55.1500
002976SZ,2026-03-13 15:00:00,27.0700,up_secondary,次级回撤,35.3600,15.6500,26.0000,29.0300,31.3400,22.7300,26.2000,29.0000,20.2000,29.4900
002967SZ,2026-03-13 15:00:00,22.1000,down_natural,自然回升,26.6600,21.7700,22.9700,23.2900,24.4000,17.1000,22.9700,18.9900,22.3000,19.6300
002961SZ,2026-03-13 15:00:00,26.1000,up_natural,自然回撤,27.9400,23.4700,25.5800,26.6600,,24.5600,,26.6000,26.5600,27.3000
002957SZ,2026-03-13 15:00:00,26.2500,down_rally,回撤,31.9700,25.5600,27.4100,29.6100,31.6700,26.1900,27.4800,27.8300,27.4100,27.7300
002979SZ,2026-03-13 15:00:00,38.5300,up_secondary,次级回撤,56.3900,45.0500,33.4200,53.1600,54.3700,49.8700,36.0400,53.1000,45.4600,54.3300
002970SZ,2026-03-13 15:00:00,72.2200,up_secondary,次级回撤,84.9400,42.0900,71.7000,50.3000,83.1800,48.0200,72.0000,51.0700,71.7000,51.6700
002972SZ,2026-03-13 15:00:00,12.3100,down_break,破碎,13.1600,11.0900,11.7100,12.5500,13.0500,11.6300,11.7200,12.5000,11.3600,12.9100
002978SZ,2026-03-13 15:00:00,37.6600,up_secondary,次级回撤,43.4000,27.7300,34.9400,31.9900,43.3800,30.4000,37.3900,32.2600,30.1200,32.9000
002977SZ,2026-03-13 15:00:00,28.6800,down_rally,回撤,45.8500,28.3000,38.9100,30.5900,44.3000,28.6100,39.2300,28.7300,38.9100,37.0100
002975SZ,2026-03-13 15:00:00,75.0600,down_rally,回撤,91.0000,71.5600,74.8800,81.7800,87.9300,75.0100,75.0500,76.8500,72.6800,84.6800
002962SZ,2026-03-13 15:00:00,15.4100,up_secondary,次级回撤,16.4800,12.0600,14.0800,14.6000,15.9500,13.8000,14.4600,14.8700,14.0800,15.0000
002973SZ,2026-03-13 15:00:00,13.8000,down,下跌趋势,16.0000,13.7300,14.3000,14.5700,15.8100,13.8100,14.3200,14.9900,13.9000,15.3100
002971SZ,2026-03-13 15:00:00,31.4800,up_natural,自然回撤,34.6800,28.8600,30.8500,31.7800,33.5000,29.7000,,31.8000,35.4000,32.6200
002969SZ,2026-03-13 15:00:00,26.4700,up_rally,回升,28.1900,19.9500,23.5000,25.0000,26.4700,22.6000,24.1000,24.9000,23.5000,25.5800
002987SZ,2026-03-13 15:00:00,17.6700,down,下跌趋势,22.6100,17.4400,18.7100,21.8000,20.1500,20.0200,18.7200,21.6300,18.1500,22.4500
002982SZ,2026-03-13 15:00:00,14.9600,up_natural,自然回撤,15.9500,13.3400,14.9100,15.0600,,14.0400,,14.9300,13.9600,15.5100
002992SZ,2026-03-13 15:00:00,52.9800,up_secondary,次级回撤,58.2000,46.8600,50.9500,52.5000,57.3600,48.2400,52.5100,52.1700,46.4000,54.0000
002989SZ,2026-03-13 15:00:00,28.1500,down_rally,回撤,33.6000,26.6000,29.7300,32.5000,33.5000,28.0800,29.8800,31.4500,28.9100,28.2800
002988SZ,2026-03-13 15:00:00,33.7000,down_natural,自然回升,52.5000,30.9000,41.3000,34.7300,47.3500,32.0000,41.7000,32.8000,40.0800,42.4600
002991SZ,2026-03-13 15:00:00,52.9300,down,下跌趋势,78.0000,52.1700,73.1500,63.3000,77.8100,53.7800,73.1500,63.1000,71.0000,64.5000
002990SZ,2026-03-13 15:00:00,26.3200,down_natural,自然回升,34.9500,25.2200,30.6200,27.3800,33.7200,26.3000,30.6400,31.8500,29.7600,33.3600
002993SZ,2026-03-13 15:00:00,47.6900,down_rally,回撤,55.6800,43.5000,46.8200,51.7000,50.1700,47.5100,46.8800,48.5800,45.4800,45.5000
002995SZ,2026-03-13 15:00:00,22.5200,down,下跌趋势,37.7300,22.4500,35.0100,28.4600,37.2700,26.6600,35.0300,26.7300,33.9600,21.8200
002996SZ,2026-03-13 15:00:00,8.0100,down_secondary,次级回升,8.7400,6.9100,7.3000,8.9000,7.9500,7.6600,7.3100,8.3700,7.0900,9.1600
002984SZ,2026-03-13 15:00:00,19.1000,down,下跌趋势,23.0900,18.8700,20.5800,21.7600,22.3800,19.8000,20.5900,20.4200,19.9700,22.3800
002980SZ,2026-03-13 15:00:00,35.1400,up_natural,自然回撤,38.8700,23.0200,35.0000,25.9700,35.5000,24.2900,32.5300,25.9300,31.4700,26.1200
002986SZ,2026-03-13 15:00:00,16.3800,up_natural,自然回撤,18.1300,15.5800,16.3000,17.2700,,16.0100,,17.1300,16.0800,17.7700
002983SZ,2026-03-13 15:00:00,25.6300,up_rally,回升,27.9700,14.0200,22.9600,20.3700,26.1000,19.1000,22.8600,20.6200,21.5400,20.9000
002985SZ,2026-03-13 15:00:00,38.1200,down,下跌趋势,46.9700,37.8800,41.8500,40.7000,45.2900,37.9700,41.9500,38.2000,40.9000,32.9900
002997SZ,2026-03-13 15:00:00,32.6700,down_secondary,次级回升,49.9500,31.0300,42.0200,43.3600,49.1800,31.5500,42.0400,33.6300,40.8000,43.8500
002998SZ,2026-03-13 15:00:00,9.0600,up_rally,回升,9.5000,7.1600,8.1100,7.9700,9.5000,7.4600,8.4300,7.9600,7.9300,8.2000
002999SZ,2026-03-13 15:00:00,7.8200,up_rally,回升,7.9800,6.1900,7.3900,7.6000,7.9400,6.4000,,7.5900,6.4100,7.7900
600000SH,2026-03-27 14:59:00,10.0300,down_natural,自然回升,14.8000,9.4300,12.5800,10.4600,14.2900,11.1500,12.5900,11.7300,12.2100,10.8700
600006SH,2026-03-27 14:59:00,6.3800,down,下跌趋势,8.9400,6.1800,6.8500,7.1200,8.9400,6.5800,6.8600,6.6900,6.6500,8.3100
600004SH,2026-03-27 14:59:00,8.9800,up_natural,自然回撤,10.4100,8.3400,8.6700,9.7300,10.1500,9.0300,,9.7200,14.0800,10.0200
600008SH,2026-03-27 14:59:00,3.2100,up_secondary,次级回撤,3.4000,2.9000,2.9600,3.2800,3.2900,2.9800,3.0800,3.2700,3.0800,3.3700
600009SH,2026-03-27 14:59:00,27.7000,down,下跌趋势,34.9200,27.2000,30.5600,33.4900,34.1600,31.0700,30.5700,33.4200,29.7800,34.4300
600007SH,2026-03-27 14:59:00,20.1300,down_rally,回撤,25.2000,18.5600,20.8700,21.0500,23.2500,19.2900,21.2000,20.6100,20.2800,24.6900
002981SZ,2026-03-13 15:00:00,25.3600,down,下跌趋势,41.2200,25.2800,36.0000,35.8300,38.9800,27.6700,36.0200,31.1800,35.0000,35.3200
600010SH,2026-03-27 14:59:00,2.5500,down_natural,自然回升,3.4100,2.4400,2.9500,2.5900,3.2500,2.2600,2.9600,3.0500,2.8700,3.1600
600011SH,2026-03-27 14:59:00,7.4900,down_secondary,次级回升,8.4900,6.7900,7.5700,8.0000,8.1300,7.2800,7.5800,7.8500,7.3500,7.3200
600012SH,2026-03-27 14:59:00,15.5100,down_break,破碎,18.5800,12.7300,16.6000,15.8000,17.6800,13.7700,16.6000,15.7800,16.2000,15.8900
600015SH,2026-03-27 14:59:00,7.1400,up_rally,回升,8.7200,4.7700,6.3100,6.5000,7.2900,5.2700,6.4400,6.4800,6.3100,6.6800
600018SH,2026-03-27 14:59:00,5.0600,down_rally,回撤,6.2900,4.8800,5.3000,5.2500,5.9200,4.9300,5.3300,4.9300,5.1500,5.5600
600017SH,2026-03-27 14:59:00,3.1800,down_rally,回撤,3.4800,2.9300,3.0300,3.3200,3.4000,3.1200,3.0400,3.3100,2.9400,3.3500
600016SH,2026-03-27 14:59:00,3.8400,down_rally,回撤,4.3500,3.7000,3.8600,4.0200,4.2800,3.7100,3.8700,3.7700,3.7500,4.1100
600020SH,2026-03-27 14:59:00,3.9000,down_natural,自然回升,5.1300,3.7800,4.7700,4.0100,5.1200,3.9800,4.7800,3.9800,4.6300,3.8000
600019SH,2026-03-27 14:59:00,6.4300,down,下跌趋势,7.8300,6.2100,6.9200,6.9500,7.3500,6.5800,6.9200,6.9900,6.7200,7.1400
600021SH,2026-03-27 14:59:00,19.2200,down_natural,自然回升,24.8500,18.1500,20.0000,19.6600,22.3600,20.7800,20.0100,22.3300,19.4100,22.8300
600022SH,2026-03-27 14:59:00,1.5300,down_natural,自然回升,1.8300,1.4500,1.6300,1.5600,1.8000,1.5700,1.6400,1.6700,1.5900,1.6900
600023SH,2026-03-27 14:59:00,5.7100,down_break,破碎,5.9000,4.8900,5.2400,5.6800,5.6700,5.2200,5.2500,5.6700,5.0900,5.7300
600026SH,2026-03-27 14:59:00,23.7300,up_rally,回升,27.1700,11.1900,22.7000,14.8500,24.2900,13.8500,22.8800,14.8200,24.0100,15.2500
600025SH,2026-03-27 14:59:00,10.1500,up_natural,自然回撤,10.6600,8.4600,9.9800,9.4100,10.2500,8.8200,,9.4000,8.9400,9.6900
600032SH,2026-03-27 14:59:00,11.7100,up_secondary,次级回撤,14.1000,7.2200,11.4800,8.3900,12.3400,7.2200,11.5100,8.3800,8.5600,8.6400
600031SH,2026-03-27 14:59:00,19.1700,down_natural,自然回升,24.2900,18.4500,20.8300,19.8600,22.3400,15.1300,20.8500,17.4600,20.2100,17.4900
600038SH,2026-03-27 14:59:00,33.3600,down,下跌趋势,41.5000,32.2000,34.4300,39.1800,39.3000,36.1700,34.4400,39.1700,33.6600,40.3500
600036SH,2026-03-27 14:59:00,39.4900,down_natural,自然回升,48.5500,37.3100,39.7000,40.3600,43.7900,35.8400,40.0000,39.8400,38.5100,41.0000
600035SH,2026-03-27 14:59:00,3.8400,down,下跌趋势,4.8800,3.7000,4.0700,4.0500,4.5900,3.8000,4.0800,3.8000,3.9500,4.8500
600033SH,2026-03-27 14:59:00,3.7200,down_natural,自然回升,5.0100,3.4600,4.5700,3.8700,4.9900,3.6500,4.5800,3.6500,4.4600,3.9500
600028SH,2026-03-27 14:59:00,5.9100,down,下跌趋势,8.1100,5.7900,7.0400,7.4500,7.8100,6.9400,7.1800,7.0000,6.8300,6.2000
600027SH,2026-03-27 14:59:00,5.1000,down_rally,回撤,6.1200,4.8100,5.6700,5.4400,6.1000,5.0600,5.6800,5.4300,5.5000,5.5200
600037SH,2026-03-27 14:59:00,7.4800,down_natural,自然回升,8.6200,6.9500,7.4300,7.4800,8.1000,7.7200,7.4600,8.3200,7.2100,8.5700
600029SH,2026-03-27 14:59:00,5.7700,down_natural,自然回升,8.2800,5.3800,7.3300,5.9300,8.1700,6.0800,7.3400,6.2800,7.1200,6.4500
600059SH,2026-03-27 14:59:00,8.8500,down,下跌趋势,11.7400,8.5800,9.4700,10.8900,10.5500,8.9300,9.4800,10.6900,9.1900,9.8100
600030SH,2026-03-27 14:59:00,24.2600,down,下跌趋势,32.5300,24.0100,28.1400,30.2500,31.4900,27.0200,28.1700,28.4200,27.3000,28.5200
600039SH,2026-03-27 14:59:00,9.9600,up_rally,回升,10.6500,7.9000,9.3100,10.0500,10.0100,9.6200,9.4800,10.2000,9.3100,10.3000
600053SH,2026-03-27 14:59:00,15.3000,down,下跌趋势,26.2500,14.7700,21.0500,24.6800,22.9900,21.6000,21.2100,24.5500,20.4300,25.2200
600052SH,2026-03-27 14:59:00,4.1000,down_natural,自然回升,5.9000,3.7200,5.1500,4.1600,5.7200,4.1800,5.2000,4.1900,5.0000,4.2600
600060SH,2026-03-27 14:59:00,21.3800,down_rally,回撤,25.8800,20.5600,21.9300,25.9800,25.3300,20.9700,22.2500,23.1000,21.2900,26.0300
600050SH,2026-03-27 14:59:00,4.4900,down,下跌趋势,5.9500,4.4400,5.3400,5.1200,5.9500,4.7800,5.3500,4.8000,5.1800,5.7200
600056SH,2026-03-27 14:59:00,10.1400,down,下跌趋势,12.4800,9.7500,10.8800,11.5100,12.0600,10.2500,10.8900,10.8100,10.6000,12.0500
600054SH,2026-03-27 14:59:00,13.3200,up_secondary,次级回撤,14.7600,9.2800,12.2500,14.2100,14.3500,10.5000,12.3800,14.1200,12.5600,14.5500
600058SH,2026-03-27 14:59:00,11.5000,down_natural,自然回升,16.5800,10.5900,15.1300,11.7700,16.1700,12.3200,15.1400,12.4200,14.6800,9.7200
600055SH,2026-03-27 14:59:00,14.5800,down_secondary,次级回升,18.4600,13.7500,16.3200,19.2800,18.2000,13.7700,16.3400,14.7500,15.8400,15.6300
600057SH,2026-03-27 14:59:00,7.9800,down_natural,自然回升,9.3000,7.4800,8.0800,8.3200,8.7200,7.5000,8.0900,8.6900,7.8500,8.8300
600048SH,2026-03-27 14:59:00,5.9000,up_natural,自然回撤,7.2900,6.0800,5.8100,6.6400,7.2200,6.1600,,6.6300,9.3700,6.8000
600051SH,2026-03-27 14:59:00,7.6700,up_rally,回升,8.3500,6.5900,6.8600,7.5600,7.7700,6.7900,,7.5500,7.5500,7.7400
600061SH,2026-03-27 14:59:00,6.8800,down,下跌趋势,8.7600,6.7500,7.2600,7.3300,8.0100,6.8600,7.2700,7.3200,7.0900,7.5400
600078SH,2026-03-27 14:59:00,11.7500,down_natural,自然回升,14.5400,10.4700,12.1900,11.9500,12.9800,10.5600,12.1900,10.5600,11.8800,11.3900
600069SH,2020-08-26 15:00:00,0.2800,up_secondary,次级回撤,1.0000,0.7000,0.1800,0.9500,0.2900,0.8600,0.2600,0.9400,0.8700,0.9800
600073SH,2026-03-27 14:59:00,5.9400,down,下跌趋势,8.5800,5.6200,8.0000,7.0800,8.5600,6.3400,8.0100,6.6300,7.7800,8.4200
600076SH,2026-03-27 14:59:00,3.6900,down_natural,自然回升,4.4000,3.1100,3.9100,3.7700,4.3000,3.6300,3.9200,3.8700,3.8000,3.9800
600075SH,2026-03-27 14:59:00,7.2900,down_break,破碎,8.1300,6.5100,6.8200,7.3600,7.6000,6.8700,6.8600,7.3500,6.6500,7.3700
600074SH,2020-06-02 15:00:00,0.1700,down_rally,回撤,0.2000,0.1700,0.1800,0.1900,0.2000,0.1700,0.1800,0.1700,0.1800,0.1900
600063SH,2026-03-27 14:59:00,6.9100,up_rally,回升,8.1500,5.6600,6.3300,6.2300,6.9800,5.7400,6.8200,6.2200,5.9700,6.4100
600064SH,2026-03-27 14:59:00,8.3100,up_break,破碎,9.4700,6.5500,8.1100,8.1500,9.2300,7.6400,8.1200,8.1400,7.9000,8.3800
600068SH,2021-09-10 15:00:00,9.9300,up,上升趋势,10.1300,8.6900,,9.6800,,9.0900,,9.6600,9.0600,9.9700
600071SH,2026-03-27 14:59:00,18.8000,down_natural,自然回升,25.6600,17.8100,23.3000,18.9100,25.5900,19.6700,23.3100,19.7100,22.7300,20.0300
600067SH,2026-03-27 14:59:00,4.1000,down_natural,自然回升,5.1500,3.6700,3.8300,4.1100,4.9400,2.1400,3.8800,2.2800,3.7200,2.3500
600062SH,2026-03-27 14:59:00,18.5000,up_secondary,次级回撤,24.1300,15.9400,17.1900,20.3000,23.5200,18.4900,17.3400,20.2900,17.5900,20.8700
600077SH,2023-07-24 15:00:00,0.4100,down,下跌趋势,3.3600,0.4100,2.6200,0.9000,2.7900,0.7800,2.6200,0.8400,2.5500,2.9900
600070SH,2025-04-29 15:00:00,0.4200,down,下跌趋势,1.5600,0.4200,1.4200,1.0000,1.5100,0.9200,1.4200,0.9300,1.4200,1.4900
600072SH,2026-03-27 14:59:00,12.8300,up_rally,回升,14.0800,11.1100,12.1200,13.3300,13.1000,12.6200,,13.3800,11.5300,13.5700
600089SH,2026-03-27 14:59:00,28.2500,up_rally,回升,33.2800,26.3500,27.3300,29.5900,29.2600,27.1100,,29.5200,27.6000,30.4600
600066SH,2026-03-27 14:59:00,32.4800,up,上升趋势,33.0700,29.2000,,31.2400,,29.9400,,31.8000,30.3000,32.1400
600086SH,2021-03-16 15:00:00,0.1600,down_secondary,次级回升,1.4700,0.1600,1.2600,0.1800,1.4500,0.1600,1.2700,0.1700,1.2300,0.9900
600088SH,2026-03-27 14:59:00,14.1900,up_rally,回升,20.0100,15.6000,13.5400,17.7800,14.4400,15.8600,17.2000,17.7400,17.2000,18.2000
600079SH,2026-03-27 14:59:00,18.6300,down_rally,回撤,23.6600,16.7300,20.4900,19.7000,21.7600,17.9500,20.4900,19.6900,19.9000,20.2800
600094SH,2026-03-27 14:59:00,4.1000,down_natural,自然回升,5.9200,3.7200,3.9700,4.1700,5.6300,5.0600,4.0000,5.4800,3.8600,5.6200
600091SH,2022-06-20 15:00:00,0.7600,up_break,破碎,0.8200,0.6900,0.7500,0.7900,0.8100,0.7000,0.7600,0.7800,0.7400,0.8100
600082SH,2026-03-27 14:59:00,3.6200,up_rally,回升,4.5300,3.8300,3.3300,4.3700,3.6700,4.0300,3.4000,4.3600,3.3300,4.4800
600085SH,2026-03-27 14:59:00,28.2800,down,下跌趋势,48.7700,27.7800,37.5100,32.4900,39.9600,29.7500,37.5300,30.5200,36.3900,46.7500
600084SH,2026-03-27 14:59:00,7.1100,down_natural,自然回升,8.0100,6.4100,7.3700,7.1200,7.9000,6.6100,7.4200,6.6500,7.1500,5.6700
600090SH,2022-07-06 15:00:00,0.2700,down_secondary,次级回升,1.4600,0.2700,1.3200,0.2900,1.4200,0.2700,1.3300,0.2900,1.3200,1.1200
600080SH,2026-03-27 14:59:00,8.6000,up_secondary,次级回撤,9.3500,6.2300,7.3600,7.4400,9.3000,6.7100,7.6700,7.4000,7.3600,7.5400
600083SH,2025-03-04 15:00:00,0.9200,down,下跌趋势,2.7000,0.9200,2.4400,2.0300,2.6500,1.8800,2.4800,1.8800,2.4100,2.4300
600096SH,2026-03-27 14:59:00,34.7800,down_natural,自然回升,45.6200,33.1000,39.9700,35.3300,45.1000,35.8100,39.9800,35.8100,39.1000,36.9100
600081SH,2026-03-27 14:59:00,11.1800,down_natural,自然回升,16.6000,10.5000,12.1200,11.3800,14.9700,11.2200,12.1300,11.5300,11.7600,13.2600
600097SH,2026-03-27 14:59:00,11.1700,down_natural,自然回升,15.7200,10.0700,14.4800,11.1900,15.7200,11.2200,14.5100,12.4500,14.1900,12.6500
600093SH,2022-06-22 15:00:00,0.5000,up,上升趋势,0.5100,0.3700,0.4500,0.4000,0.4900,0.3700,0.3900,0.4000,2.7800,0.4100
600095SH,2026-03-27 14:59:00,9.4100,down,下跌趋势,14.5700,9.1200,11.9700,12.0800,13.6700,10.9300,12.2300,11.8700,11.9700,12.3400
600098SH,2026-03-27 14:59:00,7.9800,up_natural,自然回撤,8.5000,4.9100,7.9000,7.1400,8.2800,6.4600,,7.1300,5.7700,7.3300
600099SH,2026-03-27 14:59:00,10.6300,down_natural,自然回升,12.1800,9.6300,10.0100,10.7800,11.5500,9.6600,10.0300,11.5400,9.7100,11.8000
600101SH,2026-03-27 14:59:00,10.9400,up_rally,回升,11.6400,8.8100,9.9700,10.5300,11.2000,9.6700,,10.4800,11.1600,10.8400
600104SH,2026-03-27 14:59:00,14.4000,down_natural,自然回升,20.6300,13.7300,14.7000,14.6200,15.9700,13.7700,14.7300,13.9200,14.2600,17.8300
600100SH,2026-03-27 14:59:00,7.9800,down_rally,回撤,10.2700,7.7400,8.4500,8.3200,9.3700,7.7600,8.4600,7.8200,8.3300,7.3700
600103SH,2026-03-27 14:59:00,3.5000,down_natural,自然回升,4.6900,3.2800,3.8700,3.5800,4.1400,3.5200,3.8800,3.5200,3.7600,3.9100
600106SH,2026-03-27 14:59:00,5.4800,down_natural,自然回升,7.3000,5.2200,5.8600,5.5800,6.8000,6.0600,5.8700,6.6300,5.6900,6.7900
600105SH,2026-03-27 14:59:00,25.5600,down_secondary,次级回升,31.5000,24.1100,25.5000,26.4600,29.5000,24.1900,25.5100,26.1000,24.8600,29.2900
600109SH,2026-03-27 14:59:00,8.3600,down,下跌趋势,10.6400,8.2100,9.5000,9.7700,10.5600,9.0600,9.5100,9.1800,9.2200,10.5700
600114SH,2026-03-27 14:59:00,27.7100,down_natural,自然回升,37.2200,25.6600,30.7800,28.1500,36.2000,29.4800,30.8800,31.0000,29.9000,32.4100
600121SH,2026-03-27 14:59:00,5.1700,down_secondary,次级回升,5.6000,4.8400,4.9900,5.6100,5.3400,5.1400,5.0000,5.5400,4.9900,5.4700
600107SH,2026-03-27 14:59:00,6.3500,down_natural,自然回升,7.4800,5.0500,5.5800,6.6800,5.9800,5.9700,5.6000,6.4400,5.5800,6.6700
600110SH,2026-03-27 14:59:00,8.6600,up_rally,回升,8.8100,6.5000,7.0600,7.5300,8.6600,6.5000,7.6500,7.4900,7.0600,7.6900
600118SH,2026-03-27 14:59:00,77.7500,down_rally,回撤,127.7700,75.9200,112.5000,81.5000,123.3300,76.5400,112.6600,76.5400,110.0000,45.5000
600115SH,2026-03-27 14:59:00,4.3600,down_natural,自然回升,6.4800,4.0200,5.2700,4.4900,5.6300,4.5400,5.2800,4.5400,5.1200,4.2200
600120SH,2026-03-27 14:59:00,5.6400,down,下跌趋势,7.7000,5.4300,6.5700,6.8000,6.9900,6.2600,6.5700,6.3900,6.3800,6.9900
600113SH,2026-03-27 14:59:00,50.1800,down_natural,自然回升,68.8800,48.0700,60.7100,51.9000,64.5600,53.0900,60.7100,53.2800,58.9000,68.8600
600116SH,2026-03-27 14:59:00,7.1900,down_secondary,次级回升,7.6200,6.2600,6.5500,7.6100,6.9700,6.3500,6.5500,7.3000,6.3600,7.5400
600122SH,2023-06-21 15:00:00,0.3800,down,下跌趋势,1.8200,0.3800,1.2600,1.7500,1.6000,1.6100,1.2700,1.7400,1.2600,1.8000
600112SH,2024-08-12 15:00:00,0.7300,down,下跌趋势,1.0000,0.7300,0.8500,0.9200,0.9200,0.8600,0.8500,0.9500,0.8500,0.9600
600117SH,2026-03-27 14:59:00,2.6200,down_natural,自然回升,5.1800,2.4500,4.7400,2.6400,5.0500,2.7100,4.7400,2.9800,4.6000,3.0500
600108SH,2026-03-27 14:59:00,4.8400,down,下跌趋势,7.1700,4.6700,6.2600,5.2100,6.7900,4.7400,6.2700,4.8800,6.1000,5.9700
600119SH,2026-03-27 14:59:00,5.9900,down_natural,自然回升,9.9000,5.4800,8.1000,6.0300,9.0000,6.0800,8.1200,6.0800,7.9100,9.1900
600111SH,2026-03-27 14:59:00,47.2700,down_natural,自然回升,63.5700,44.0200,53.6600,47.8200,57.9300,51.6700,53.8000,51.8100,52.1500,50.0800
600125SH,2026-03-27 14:59:00,6.8600,up,上升趋势,7.0800,5.2500,6.1200,6.0900,6.9200,5.5700,6.1600,6.0500,5.4900,6.1800
600131SH,2026-03-27 14:59:00,19.5300,up_break,破碎,24.1300,16.8000,19.4500,18.7700,21.0600,17.0200,19.4800,18.6600,18.8900,19.3200
600129SH,2026-03-27 14:59:00,16.1200,down_natural,自然回升,25.5100,15.0900,23.6400,16.1500,25.4700,17.3800,23.6600,18.9400,22.9700,21.2800
600128SH,2026-03-27 14:59:00,10.8200,down_natural,自然回升,13.1000,9.8500,10.8600,10.8600,11.7200,10.0800,10.8800,11.4200,10.5500,11.7700
600130SH,2026-03-27 14:59:00,4.3700,up_rally,回升,4.8400,3.7700,3.9900,4.5200,4.4300,4.1500,,4.5100,3.7900,4.6200
600127SH,2026-03-27 14:59:00,6.8300,up_rally,回升,7.8000,6.5300,6.3700,7.4100,6.8800,6.9100,,7.4000,6.9500,7.5700
600135SH,2026-03-27 14:59:00,10.0500,up_rally,回升,12.5900,8.6300,9.3400,11.5700,10.1000,10.8800,,11.8100,11.7500,12.4000
600123SH,2026-03-27 14:59:00,7.0000,up_rally,回升,7.6000,5.8100,6.6600,6.5000,7.1000,5.9400,6.7500,6.4500,6.6600,6.6900
600133SH,2026-03-27 14:59:00,8.9100,down_secondary,次级回升,13.9300,7.6000,12.8800,14.2700,13.8600,8.0200,12.9000,11.7500,12.5100,10.6600
600126SH,2026-03-27 14:59:00,8.2500,down_rally,回撤,9.9800,7.7200,8.7200,8.7200,9.4300,7.8900,8.7300,8.1700,8.5000,9.6200
600139SH,2023-03-24 15:00:00,0.7400,up_natural,自然回撤,0.9800,0.6900,0.7400,0.9500,,0.8800,,0.9600,1.9600,0.9700
600136SH,2026-03-27 14:59:00,2.0900,up,上升趋势,2.1300,1.7200,,1.9100,,1.7900,,1.9000,1.7600,1.9300
600141SH,2026-03-27 14:59:00,33.7100,down_natural,自然回升,45.4900,30.4800,37.8700,34.1000,42.6800,30.8200,37.9000,31.1600,36.7400,23.2500
600137SH,2026-03-27 14:59:00,22.3500,down_secondary,次级回升,17.4700,12.3400,14.3800,27.2000,15.3200,17.3200,14.3900,23.7000,14.1000,15.3800
600138SH,2026-03-27 14:59:00,9.2000,down,下跌趋势,11.4400,8.8800,9.2400,10.1500,11.2700,9.5100,9.2700,10.1400,8.9800,10.4500
600145SH,2022-04-27 15:00:00,0.3400,up_rally,回升,0.3500,0.2800,0.3200,0.3000,0.3400,0.2900,,0.3100,0.2900,0.3200
600148SH,2026-03-27 14:59:00,18.2700,down_natural,自然回升,21.6800,16.7000,19.9000,18.7500,21.4000,18.7500,19.9300,18.7500,19.3600,20.5700
600150SH,2026-03-27 14:59:00,30.8600,up_natural,自然回撤,39.4500,32.4800,30.0000,36.6600,,33.0500,,36.5900,34.4600,37.6700
600153SH,2026-03-27 14:59:00,9.0500,down,下跌趋势,11.7100,8.6700,9.8800,9.7800,10.9800,8.6800,9.9000,9.7200,9.6000,9.8800
600146SH,2022-06-29 15:00:00,0.2200,down,下跌趋势,2.3200,0.2200,1.9400,0.2400,2.1600,0.2200,1.9500,0.2400,1.9000,2.2200
600159SH,2026-03-27 14:59:00,3.1600,up_rally,回升,3.3800,2.6700,2.7800,2.9000,3.1700,2.7000,,2.8900,2.7500,2.9800
600143SH,2026-03-27 14:59:00,17.0100,down_rally,回撤,22.0100,15.9800,17.9700,17.9400,19.8800,16.6100,17.9800,16.8300,17.5000,20.9200
600149SH,2026-03-27 14:59:00,7.0500,down_break,破碎,7.6600,5.4300,6.6200,7.0000,7.1900,6.3800,6.6300,6.9900,6.4800,7.1300
600156SH,2026-03-27 14:59:00,8.0900,down_secondary,次级回升,10.6600,7.4500,9.6900,8.7800,10.4000,7.5100,9.7200,8.3800,9.4000,8.8400
600152SH,2026-03-27 14:59:00,10.4000,up,上升趋势,10.6600,8.6300,9.8500,9.5500,10.6300,8.8000,,9.4400,9.0100,9.8400
600151SH,2026-03-27 14:59:00,13.0300,down_natural,自然回升,22.8000,12.3900,18.4600,13.4000,20.9100,13.6600,18.6000,13.9200,17.9300,17.5000
600132SH,2026-03-27 14:59:00,57.0300,down_secondary,次级回升,68.9400,51.7000,53.6700,59.8500,60.5000,54.5800,53.6800,58.0000,52.1000,65.3600
600163SH,2026-03-27 14:59:00,7.8200,up_natural,自然回撤,8.8200,5.4200,7.7700,6.2600,7.2100,5.6800,6.3500,6.2500,5.4400,6.4400
600155SH,2026-03-27 14:59:00,6.3300,down,下跌趋势,8.0900,6.1900,7.1000,7.2100,7.9800,6.4900,7.1100,6.9300,6.8900,6.9800
600161SH,2026-03-27 14:59:00,15.1000,down,下跌趋势,23.6100,14.7100,18.8900,17.5800,22.0800,16.0600,18.9000,16.5100,18.3400,21.9900
600160SH,2026-03-27 14:59:00,35.0500,down_natural,自然回升,43.9200,33.7300,40.7500,36.0100,43.2000,32.9900,40.7500,36.2800,39.6100,37.4300
600169SH,2026-03-27 14:59:00,2.4000,down_rally,回撤,3.0200,2.1800,2.7700,2.5700,2.9400,2.2800,2.7700,2.5600,2.7400,2.7900
600168SH,2026-03-27 14:59:00,5.2900,up_secondary,次级回撤,6.6500,4.8100,3.8000,6.0700,6.7900,5.5700,4.8600,5.9500,3.8000,6.1900
600165SH,2026-03-27 14:59:00,3.4800,down,下跌趋势,4.4400,3.3600,3.6200,4.2800,4.0100,3.9800,3.6300,4.2900,3.5400,4.4000
600162SH,2026-03-27 14:59:00,1.8300,down_natural,自然回升,1.9800,1.6700,1.7800,1.8800,1.9700,1.8000,1.7900,1.9100,1.7300,1.9700
600171SH,2026-03-27 14:59:00,27.5800,down,下跌趋势,47.4700,27.0300,33.1900,39.8000,40.9900,27.3000,33.3000,32.4400,33.1900,39.9600
600158SH,2026-03-27 14:59:00,10.8500,up_natural,自然回撤,11.9500,8.1600,10.4200,9.4700,11.7800,8.3800,,9.2500,8.3800,9.7300
600177SH,2026-03-27 14:59:00,7.6500,down_natural,自然回升,9.9600,6.8900,9.2300,8.0000,9.9000,7.2000,9.2700,7.4300,9.1700,7.3400
600172SH,2026-03-27 14:59:00,7.9000,down_natural,自然回升,11.5900,7.5300,9.8100,8.0000,10.4300,7.7900,9.8100,8.0800,9.5300,8.2900
600176SH,2026-03-27 14:59:00,24.9100,down_rally,回撤,28.8900,21.5900,26.2500,25.5700,28.1500,23.7800,26.3000,23.8600,26.0000,13.5600
600166SH,2026-03-27 14:59:00,2.8600,down_natural,自然回升,3.3200,2.6600,2.8800,2.9000,3.3200,2.7100,2.8900,2.8800,2.8000,2.9700
600167SH,2026-03-27 14:59:00,7.2900,down_rally,回撤,10.5600,6.4900,9.5000,7.6800,10.4200,7.2100,9.5100,7.2100,9.2200,9.7000
600170SH,2026-03-27 14:59:00,2.7500,down_secondary,次级回升,3.8800,2.5800,3.0100,3.2200,3.5800,2.6600,3.0200,2.8500,2.9200,3.2600
600175SH,2020-08-14 15:00:00,0.2100,down_secondary,次级回升,0.2200,0.1700,0.1900,0.2100,0.2100,0.1900,0.1900,0.2100,0.1900,0.2000
600157SH,2026-03-27 14:59:00,1.9700,up_rally,回升,2.1000,1.2500,1.7900,1.4300,2.0400,1.3100,1.8200,1.4200,1.7900,1.4700
600178SH,2026-03-27 14:59:00,11.3000,down_rally,回撤,15.0000,10.3000,13.8600,11.9000,15.7900,10.9000,13.8800,11.1800,13.4800,16.0000
600183SH,2026-03-27 14:59:00,54.7400,down,下跌趋势,74.5000,53.5800,65.1000,58.8000,69.2300,55.2000,65.1000,55.2500,63.2800,66.3700
600179SH,2026-03-27 14:59:00,4.4700,down_natural,自然回升,6.5500,4.1400,5.9000,4.4800,6.2800,4.9300,5.9000,5.2700,5.9000,5.3400
600180SH,2026-03-27 14:59:00,3.5200,down_natural,自然回升,3.9200,3.2400,3.5100,3.5800,3.9100,3.4600,3.5200,3.7300,3.4600,3.8300
600182SH,2026-03-27 14:59:00,13.7800,down_rally,回撤,19.7700,13.2800,18.3100,17.1300,19.7000,13.4000,18.3500,14.9600,17.8900,18.5400
600173SH,2026-03-27 14:59:00,7.9700,down_natural,自然回升,9.3000,7.3100,7.9300,8.2000,9.1200,7.4000,7.9700,7.4700,7.7000,7.8600
600184SH,2026-03-27 14:59:00,16.4000,down_rally,回撤,23.2500,14.3200,19.9600,17.4400,21.8700,15.6500,20.0000,16.1100,19.4400,21.3400
600185SH,2026-03-27 14:59:00,5.9400,up_natural,自然回撤,8.2800,6.2300,5.7000,7.4500,,6.6000,,7.4300,6.3300,7.6500
600186SH,2026-03-27 14:59:00,7.1400,up_natural,自然回撤,7.4400,5.6800,6.8600,6.6200,7.1600,6.1900,5.5300,6.7500,5.2600,6.7700
600189SH,2026-03-27 14:59:00,7.6100,up_rally,回升,9.1300,6.1200,7.2400,6.6300,7.8600,6.1700,6.9800,6.6200,6.8300,6.8200
600196SH,2026-03-27 14:59:00,26.1300,down_natural,自然回升,33.1000,23.6100,29.8500,26.1800,32.4500,26.3200,29.8600,26.9800,29.0100,26.5500
600198SH,2026-03-27 14:59:00,8.2200,down_natural,自然回升,12.4800,7.7700,9.6800,8.3900,10.8100,8.7700,9.7100,8.9000,9.3900,8.5700
600199SH,2026-03-27 14:59:00,8.1000,down,下跌趋势,11.7500,7.8600,11.0200,9.2900,11.7000,8.6500,11.0200,8.7100,10.7000,11.3000
600201SH,2026-03-27 14:59:00,13.9400,down_natural,自然回升,19.0000,13.1400,17.6000,14.1400,18.9600,14.5000,17.7800,15.0700,17.2400,9.0500
600188SH,2026-03-27 14:59:00,20.4100,up_rally,回升,22.8400,11.9000,19.2100,12.9900,20.7000,12.0000,19.5200,12.8500,19.2100,13.2900
600200SH,2025-12-30 15:00:00,0.2900,down_secondary,次级回升,0.4800,0.2900,0.4400,0.3300,0.4800,0.2900,0.4500,0.3100,0.4400,0.3400
600190SH,2025-07-24 15:00:00,0.6300,down_natural,自然回升,0.6600,0.5900,0.6100,0.6500,0.6600,0.5000,0.6200,0.5500,0.6000,0.5600
600193SH,2026-03-27 14:59:00,4.2100,down_natural,自然回升,4.9800,4.0400,4.5900,4.3500,4.9000,4.1500,4.5900,4.4500,4.4700,4.6100
600192SH,2026-03-27 14:59:00,8.8400,down_rally,回撤,11.9900,8.1600,9.1900,9.4300,10.2600,8.7000,9.2000,8.8600,8.9400,10.9500
600195SH,2026-03-27 14:59:00,7.4600,down_natural,自然回升,9.0300,6.9700,7.6700,7.4700,8.3700,6.7500,7.6800,7.2100,7.5200,7.4200
600197SH,2026-03-27 14:59:00,11.9600,down,下跌趋势,25.7800,11.6700,20.1800,14.7700,21.9000,13.2900,20.1900,13.8700,19.5800,25.1700
600191SH,2026-03-27 14:59:00,12.2000,up_rally,回升,13.7200,11.3300,10.3100,12.7500,12.8600,11.8600,,12.7000,12.4200,13.1300
600202SH,2026-03-27 14:59:00,5.9800,down_natural,自然回升,6.6700,5.3700,5.8800,6.0000,6.2600,5.6200,5.8800,6.4900,5.7300,6.6400
600216SH,2026-03-27 14:59:00,15.9000,down_natural,自然回升,18.5800,14.5700,16.4700,16.0500,18.1400,16.6000,16.5000,17.9400,15.9800,18.3400
600187SH,2026-03-27 14:59:00,1.9700,down_natural,自然回升,4.0800,1.7500,3.4500,2.0200,3.8000,1.9600,3.4600,1.9900,3.3500,2.8100
600206SH,2026-03-27 14:59:00,20.8600,down_natural,自然回升,26.5800,18.8100,21.9600,20.9800,23.9000,20.3600,22.0000,23.7600,21.3100,24.8800
600203SH,2026-03-27 14:59:00,10.8900,down_natural,自然回升,15.6300,10.2800,14.0400,11.0800,15.2700,11.5100,14.0500,11.5100,13.6300,15.1400
600215SH,2026-03-27 14:59:00,6.8200,down_natural,自然回升,9.2000,6.3100,7.5600,6.8600,8.1000,6.9700,7.5600,7.1100,7.5600,8.4600
600208SH,2026-03-27 14:59:00,3.1700,down_rally,回撤,6.0300,3.0700,5.4200,3.2900,5.8000,3.0800,5.4200,3.0900,5.4200,4.9000
600211SH,2026-03-27 14:59:00,40.8200,down,下跌趋势,57.9800,39.0000,44.0000,46.0000,48.9900,40.4500,44.0400,44.5000,42.7100,38.3500
600207SH,2026-03-27 14:59:00,6.7600,up,上升趋势,6.8400,4.6200,5.7400,5.7600,6.2100,5.5000,5.7400,5.8600,5.2000,5.9300
600218SH,2026-03-27 14:59:00,9.4900,down_secondary,次级回升,10.9600,8.9800,9.2800,11.9300,10.1700,9.0600,9.4100,9.6400,9.0100,11.9900
600213SH,2024-08-12 15:00:00,6.1300,down_natural,自然回升,6.1500,5.2900,5.4800,6.1300,6.0000,5.3600,5.5000,5.7600,5.3200,5.9500
600209SH,2022-06-21 15:00:00,1.1800,up_rally,回升,1.3500,0.7200,1.0600,0.8800,1.1900,0.7500,1.0900,0.8700,1.0600,0.9300
600210SH,2026-03-27 14:59:00,6.9100,down_natural,自然回升,8.3300,6.4700,7.4400,6.9500,8.0500,7.0800,7.4500,7.8300,7.2300,7.0200
600220SH,2024-07-09 15:00:00,0.3700,down,下跌趋势,1.8600,0.3700,1.6900,1.5300,1.8500,1.3800,1.7000,1.3800,1.6400,1.6700
600212SH,2026-03-27 14:59:00,7.4600,down_natural,自然回升,10.4200,7.0100,8.2400,7.8400,8.8000,7.1200,8.2600,7.3100,8.0000,9.0000
600217SH,2026-03-27 14:59:00,3.8400,down_rally,回撤,7.5900,3.5700,7.0500,4.0700,7.5000,3.8000,7.0500,3.8000,6.8400,4.4900
600223SH,2026-03-27 14:59:00,6.7300,down,下跌趋势,9.4200,6.3800,8.6100,7.7200,9.2000,7.1600,8.6100,7.2300,8.3600,8.1100
600219SH,2026-03-27 14:59:00,5.9100,down_rally,回撤,8.0000,5.6800,7.2000,6.1400,7.7900,5.7600,7.2500,5.7600,7.0000,7.2900
600221SH,2026-03-27 14:59:00,1.4700,down_natural,自然回升,1.9100,1.3800,1.7500,1.4900,1.8900,1.6500,1.7600,1.6500,1.7000,1.8600
600233SH,2026-03-27 14:59:00,20.8000,up,上升趋势,20.9900,15.8500,18.5300,17.7000,20.9400,16.5700,,17.6800,15.9700,18.1900
600228SH,2026-03-27 14:59:00,5.4700,up_secondary,次级回撤,8.0100,6.1700,4.6200,7.1400,6.4000,6.7000,4.9100,7.1300,6.5500,7.2800
600230SH,2026-03-27 14:59:00,18.2600,down_natural,自然回升,27.2400,16.4900,23.8700,18.5000,26.0000,23.0000,24.3800,23.1800,23.8700,22.9800
600226SH,2026-03-27 14:59:00,4.8100,up_secondary,次级回撤,6.0200,5.2100,4.4400,5.8200,5.0800,5.4000,4.6100,5.7800,6.0000,5.9600
600232SH,2026-03-27 14:59:00,7.9200,down_natural,自然回升,9.6500,7.1200,7.8500,8.0500,8.7800,6.6500,7.8600,7.6300,7.6200,7.8400
600225SH,2025-03-05 15:00:00,0.2900,up_rally,回升,0.3000,0.2100,0.2600,0.2400,0.3000,0.2300,0.2700,0.2500,0.2800,0.2600
600235SH,2026-03-27 14:59:00,6.6200,down_natural,自然回升,7.4200,6.0000,6.8400,6.6500,7.3100,6.6200,6.8500,7.0900,6.6400,7.3000
600229SH,2026-03-27 14:59:00,5.9900,down_natural,自然回升,8.0200,5.6000,6.8800,6.0800,7.4100,5.9600,6.8900,7.2600,6.6900,7.1000
600222SH,2026-03-27 14:59:00,7.1100,down_natural,自然回升,9.4400,6.3500,8.5000,7.1300,9.0900,6.4800,8.5000,7.4000,8.5000,7.5700
600227SH,2026-03-27 14:59:00,4.2700,down_break,破碎,5.4000,3.6800,4.7700,4.1600,5.3500,3.7700,4.8000,4.0600,4.6800,4.2700
600237SH,2026-03-27 14:59:00,8.5400,down_rally,回撤,11.2500,7.9700,9.9200,8.7200,10.9000,8.1700,9.9300,8.1700,9.6800,8.4600
600238SH,2026-03-27 14:59:00,5.0900,down_rally,回撤,6.0900,4.9500,5.2800,5.4700,5.6700,5.0600,5.3000,5.0600,5.1300,6.0200
600239SH,2026-03-27 14:59:00,2.2000,down_natural,自然回升,2.9800,2.0200,2.4900,2.2600,2.6900,2.2000,2.5000,2.2500,2.4200,2.6600
600242SH,2023-06-28 15:00:00,0.2500,down_secondary,次级回升,1.6600,0.2100,1.3800,0.2500,1.5000,0.2300,1.3800,0.2500,1.3600,0.3100
600241SH,2026-03-27 14:59:00,9.7300,up,上升趋势,9.9200,8.0700,8.7700,8.7400,9.5200,8.1200,,8.7200,8.6000,8.8700
600240SH,2020-02-05 15:00:00,0.4100,up,上升趋势,0.4200,,0.3700,,0.4100,,0.3700,,,
600231SH,2026-03-27 14:59:00,2.0400,down_natural,自然回升,2.6200,1.9000,2.2000,2.0900,2.5100,2.3000,2.2100,2.5000,2.1400,2.5600
600234SH,2026-03-27 14:59:00,15.3500,down_rally,回撤,15.8700,12.8500,14.6900,15.7700,15.8500,14.6600,14.7000,14.8100,14.3000,13.2700
600236SH,2026-03-27 14:59:00,9.8600,down_natural,自然回升,11.9400,8.9400,10.8600,10.2300,11.8800,9.7700,10.8600,10.2600,10.8600,6.0100
600247SH,2021-03-19 15:00:00,0.6500,down,下跌趋势,1.0600,0.6500,0.9000,1.0000,0.9700,0.8400,0.9100,0.9900,0.8800,1.0100
600248SH,2026-03-27 14:59:00,3.4500,down_natural,自然回升,5.2200,3.3100,4.2800,3.5200,4.8000,3.5100,4.2900,3.7600,4.1600,5.0900
600249SH,2026-03-27 14:59:00,6.3700,down_natural,自然回升,7.3200,5.2900,6.0600,6.5000,6.5200,5.5600,6.0900,5.8700,5.8800,6.8800
600246SH,2026-03-27 14:59:00,9.9100,down,下跌趋势,14.9000,9.7200,12.7400,10.4400,14.0900,9.7500,12.7500,9.7500,12.3900,14.3800
600251SH,2026-03-27 14:59:00,11.7400,down_natural,自然回升,12.1100,9.7800,10.7500,11.9200,11.5000,10.7000,10.7500,11.5600,10.4900,11.8700
600250SH,2026-03-27 14:59:00,12.9000,up,上升趋势,13.0000,10.6200,,11.8300,,11.0300,,12.2000,14.5000,12.3600
600243SH,2026-03-27 14:59:00,3.0800,down,下跌趋势,5.5000,3.0600,4.7500,3.3200,5.3600,3.0900,4.7600,3.0900,4.6100,5.2800
600255SH,2026-03-27 14:59:00,3.3500,down_natural,自然回升,4.3900,3.0400,3.6600,3.3700,4.0000,3.4900,3.6700,3.4900,3.5600,4.2100
600257SH,2026-03-27 14:59:00,6.6500,down_natural,自然回升,8.0000,5.7600,6.9900,6.8100,7.6800,5.7100,7.0200,6.8800,6.7900,7.0800
600261SH,2026-03-27 14:59:00,3.7200,up_rally,回升,4.0700,2.6800,3.3800,3.5100,3.8200,3.1100,3.6100,3.4600,3.2700,3.5500
600268SH,2026-03-27 14:59:00,14.9900,up_rally,回升,17.4400,12.2300,13.3900,14.2900,14.9900,13.2000,13.5500,14.2800,12.6800,14.6700
600267SH,2026-03-27 14:59:00,10.2300,down_natural,自然回升,13.0600,9.4100,11.8400,10.2700,12.9800,9.8600,11.8700,10.7300,11.4900,9.2700
600272SH,2026-03-27 14:59:00,12.9500,down_natural,自然回升,18.4000,11.7700,16.9500,12.9700,18.0000,13.5600,16.9500,14.8800,16.4500,15.1700
600275SH,2022-06-21 15:00:00,0.4100,down_secondary,次级回升,0.4200,0.3300,0.3700,0.4400,0.4000,0.3500,0.3700,0.4200,0.3600,0.4500
600271SH,2026-03-27 14:59:00,8.5200,down,下跌趋势,13.9900,8.2900,10.4900,9.8900,11.1900,9.2800,10.5000,9.2900,10.1800,8.8500
600252SH,2026-03-27 14:59:00,2.5100,down_natural,自然回升,3.2300,2.3000,2.6300,2.5200,3.1000,2.4800,2.6400,2.5000,2.5600,2.7800
600262SH,2026-03-27 14:59:00,25.2600,down_natural,自然回升,35.2200,22.8100,28.6600,25.7800,33.4700,26.9000,28.6700,27.0500,27.9100,26.7300
600256SH,2026-03-27 14:59:00,7.0400,up_secondary,次级回撤,7.8500,4.9100,6.5900,5.8700,7.3000,5.2700,6.6400,5.8500,7.1300,5.9600
600265SH,2026-03-27 14:59:00,20.6600,up_natural,自然回撤,21.7900,18.6100,19.8500,20.9800,,19.2000,,20.7200,19.0300,21.5500
600259SH,2026-03-27 14:59:00,78.7100,down_natural,自然回升,112.2900,73.7500,105.0000,80.3800,112.2900,74.3800,105.2000,74.3800,102.0100,58.3600
600258SH,2026-03-27 14:59:00,16.1400,up_secondary,次级回撤,18.2200,13.5400,15.6000,14.6900,16.8300,13.7400,15.6800,14.6700,15.6000,15.1300
600260SH,2023-02-14 15:00:00,0.4700,down,下跌趋势,2.9700,0.4700,2.2800,0.5200,2.5100,0.4700,2.3000,0.4700,2.2200,2.6900
600266SH,2026-03-27 14:59:00,5.0800,down_secondary,次级回升,5.6600,4.4200,5.2400,7.3000,5.5600,4.7700,5.2400,5.1100,5.2400,7.5000
600273SH,2026-03-27 14:59:00,9.2600,down_natural,自然回升,12.2500,8.5700,10.6500,9.3200,11.3200,8.1100,10.6500,9.2500,10.3700,9.4800
600269SH,2026-03-27 14:59:00,4.8100,up_rally,回升,5.5900,4.6300,4.5800,5.4000,4.9200,4.7600,,5.3700,4.8200,5.5500
600277SH,2024-07-17 15:00:00,0.3800,down,下跌趋势,2.5900,0.3800,2.2300,1.0500,2.3900,0.9700,2.2400,0.9800,2.1700,2.4800
600276SH,2026-03-27 14:59:00,55.2100,down_natural,自然回升,74.0400,51.1100,63.6800,55.4800,68.5000,52.6900,63.7700,53.9300,61.7800,44.6200
600288SH,2026-03-27 14:59:00,14.2300,down_natural,自然回升,16.8800,13.5500,14.6500,14.5900,16.0300,15.1900,14.6600,16.1700,14.2800,16.6600
600278SH,2026-03-27 14:59:00,7.4700,down_natural,自然回升,9.2300,6.9300,8.4700,7.5500,9.0400,6.9600,8.4700,8.2600,8.2200,8.3800
600283SH,2026-03-27 14:59:00,9.3400,down_natural,自然回升,11.1500,8.8200,10.1200,9.4500,11.0000,8.9000,10.1300,9.2400,9.8200,10.9900
600280SH,2026-03-27 14:59:00,3.2800,down_natural,自然回升,5.3900,3.0400,4.4500,3.3200,4.7500,3.3300,4.4600,3.3800,4.4500,4.7200
600285SH,2026-03-27 14:59:00,22.3300,down_secondary,次级回升,24.9400,20.3000,21.7800,22.8800,23.5000,21.1500,21.7900,22.5500,21.1300,22.9000
600284SH,2026-03-27 14:59:00,6.9000,down_natural,自然回升,9.5400,6.5600,7.6800,6.9900,8.2400,7.4300,7.6900,7.5600,7.4500,8.7100
600282SH,2026-03-27 14:59:00,5.3500,down_natural,自然回升,6.0500,4.9900,5.6000,5.3800,6.0300,5.3900,5.6100,5.4500,5.4400,4.9200
600287SH,2026-03-27 14:59:00,5.7800,down_natural,自然回升,6.3100,5.1900,5.7800,5.8300,6.3500,5.4500,5.7900,6.0900,5.6100,6.2200
600290SH,2024-01-15 15:00:00,0.3700,down,下跌趋势,1.5700,0.3700,1.2800,1.2500,1.5300,1.1400,1.2900,1.2500,1.2500,1.2800
600291SH,2022-06-13 15:00:00,0.8900,down_rally,回撤,0.9100,0.7400,0.8200,0.9800,0.8700,0.8800,0.8200,0.9200,0.8000,0.7500
600289SH,2026-03-27 14:59:00,7.4100,up_break,破碎,8.7900,5.8000,7.4700,6.9300,8.1100,5.9700,7.6200,6.7000,7.3200,7.0400
600281SH,2026-03-27 14:59:00,5.4800,down_natural,自然回升,6.7700,4.8800,6.2300,5.5000,6.7200,5.8200,6.3000,6.3500,6.0500,6.6800
600297SH,2024-08-12 15:00:00,0.7800,down,下跌趋势,1.0100,0.7800,0.9200,0.8100,1.0000,0.7400,0.9300,0.8000,0.9000,0.8200
600298SH,2026-03-27 14:59:00,41.0800,down_natural,自然回升,46.0000,38.6300,42.7400,41.4800,45.8700,41.2800,42.8000,42.0000,41.6000,31.2000
600292SH,2026-03-27 14:59:00,13.8700,up_secondary,次级回撤,18.5500,11.0200,12.2500,14.7000,16.6400,13.3600,13.4200,14.6900,12.2500,14.7400
600293SH,2026-03-27 14:59:00,3.3000,down_rally,回撤,3.9900,3.0400,3.3800,3.4000,3.7600,3.1800,3.3900,3.1800,3.2800,3.5500
600295SH,2026-03-27 14:59:00,14.8600,down,下跌趋势,18.0600,14.5400,16.4500,9.6800,17.7800,8.4900,16.4900,9.6500,15.9700,9.9600
600279SH,2026-03-27 14:59:00,5.2100,down_natural,自然回升,7.0300,4.8000,5.5100,5.2800,6.0100,5.0100,5.5400,5.7800,5.3500,6.7000
600299SH,2026-03-27 14:59:00,13.9500,down_natural,自然回升,16.4800,12.9100,13.8800,14.5500,14.8500,13.5800,13.8900,13.7200,13.4800,10.4400
600301SH,2026-03-27 14:59:00,49.0500,up,上升趋势,51.5000,44.7800,,49.8900,,46.1600,,49.7200,62.0000,50.2200
600300SH,2026-03-27 14:59:00,3.4900,down_natural,自然回升,4.4900,3.2000,3.9900,3.5000,4.4400,3.2300,4.0000,3.7800,3.8800,3.8300
600303SH,2026-03-27 14:59:00,3.1900,down_rally,回撤,3.5700,2.8900,3.1900,3.3400,3.4900,3.1300,3.2000,3.1300,3.1000,3.5300
600306SH,2024-06-25 15:00:00,0.2900,down_secondary,次级回升,0.4600,0.2800,0.3900,0.3200,0.4200,0.2800,0.3900,0.3100,0.3900,0.3600
600307SH,2026-03-27 14:59:00,2.1200,up_rally,回升,2.2800,2.0100,1.9800,2.2100,2.1300,2.0300,,2.2000,2.2800,2.2500
600310SH,2026-03-27 14:59:00,6.6000,up,上升趋势,6.6000,3.6900,5.2000,4.0500,5.8800,3.7900,4.9900,4.0400,5.0900,4.1700
600305SH,2026-03-27 14:59:00,7.5800,down,下跌趋势,8.7400,7.2300,7.7500,8.2500,8.4900,7.4900,7.7600,8.2400,7.5200,8.4500
600313SH,2026-03-27 14:59:00,8.1300,up_secondary,次级回撤,9.8000,7.2100,7.2300,8.8900,8.4200,8.3100,7.7300,8.8900,7.8000,9.1600
600318SH,2026-03-27 14:59:00,7.7900,down,下跌趋势,10.2300,7.4600,8.6800,9.3500,9.2400,8.5400,8.6800,9.3400,8.4300,9.6300
600316SH,2026-03-27 14:59:00,40.3100,down_natural,自然回升,47.6600,35.2200,40.6400,42.1800,43.5600,39.0300,40.6600,43.6100,39.6000,43.7600
600319SH,2026-03-27 14:59:00,7.7000,down_natural,自然回升,9.6000,6.9400,8.6000,7.7600,9.5000,6.9700,8.6200,6.9700,8.3500,8.5400
600302SH,2026-03-27 14:59:00,11.5100,down_secondary,次级回升,14.6500,10.1500,12.1000,12.2000,12.9500,10.6200,12.1400,11.9300,11.8800,11.2000
600311SH,2023-03-24 15:00:00,0.6100,down,下跌趋势,1.5500,0.6100,1.4400,0.9700,1.5300,0.8200,1.4400,0.9100,1.4000,1.2800
600309SH,2026-03-27 14:59:00,79.9800,down_natural,自然回升,97.0000,73.3600,84.6800,80.8900,90.3000,62.2600,84.7800,69.1200,82.5300,71.2300
600312SH,2026-03-27 14:59:00,21.0400,up_secondary,次级回撤,25.6500,15.3800,20.5000,18.0000,21.8800,16.5700,20.5100,17.9400,15.7000,18.4900
600308SH,2026-03-27 14:59:00,3.8100,up_rally,回升,4.3800,3.6800,3.5500,4.1000,3.8300,3.8400,,4.0800,4.1300,4.2200
600323SH,2026-03-27 14:59:00,31.1700,up,上升趋势,31.8000,14.1500,28.6000,16.7500,31.5800,15.5200,28.9100,16.7200,28.6000,17.2000
600317SH,2021-01-28 15:00:00,2.6000,down_natural,自然回升,3.0700,2.4600,2.7600,2.6400,2.9700,2.5200,2.7700,2.7700,2.6800,
600320SH,2026-03-27 14:59:00,4.7100,down_natural,自然回升,5.6500,4.3400,5.2300,4.8200,5.6000,4.1200,5.2400,4.6300,5.0800,4.8000
600321SH,2024-06-26 15:00:00,0.5000,down,下跌趋势,1.0300,0.5000,0.9400,0.9800,1.0200,0.8700,0.9500,0.9400,0.9200,0.9900
600322SH,2026-03-27 14:59:00,2.5500,up,上升趋势,2.6100,2.1800,,2.5000,,2.2800,,2.4900,2.6200,2.5600
600315SH,2026-03-27 14:59:00,20.5900,down_rally,回撤,29.7500,19.2700,26.3500,22.2900,27.9800,20.2200,26.3500,20.9200,25.6900,25.3300
600326SH,2026-03-27 14:59:00,9.2900,down_natural,自然回升,12.0500,8.7700,10.5400,9.3800,11.8400,10.8600,10.5800,11.6900,10.2600,11.8200
600325SH,2026-03-27 14:59:00,3.6300,down,下跌趋势,4.7400,3.5600,4.2700,4.4800,4.6000,3.9900,4.2900,4.4200,4.1500,4.6000
600329SH,2026-03-27 14:59:00,44.0300,up_rally,回升,50.9700,28.5300,40.3000,35.2300,44.8500,31.6800,40.7100,35.1600,40.3000,35.9300
600332SH,2026-03-27 14:59:00,22.9800,down,下跌趋势,33.4800,22.6000,27.6100,27.4200,30.2300,24.8600,27.6200,27.4000,26.8000,27.5000
600331SH,2026-03-27 14:59:00,14.3300,down_rally,回撤,22.7800,13.7400,19.7600,15.0800,21.2300,13.8100,19.7700,14.1500,19.1700,11.3800
600337SH,2026-03-27 14:59:00,2.6800,down_natural,自然回升,2.8700,2.3000,2.4200,2.6900,2.8100,2.3200,2.4700,2.3200,2.3600,2.7800
600338SH,2026-03-27 14:59:00,17.4800,down_natural,自然回升,22.1200,14.5900,17.2500,17.4800,18.6500,16.5500,17.2600,19.2900,17.1400,16.3500
600333SH,2026-03-27 14:59:00,5.8700,down_natural,自然回升,8.2500,5.2500,5.9800,5.8800,6.5700,5.4700,5.9900,6.5100,5.8600,6.7000
600328SH,2026-03-27 14:59:00,9.6800,down_natural,自然回升,10.6400,9.1600,9.7700,9.8900,10.6300,9.2500,9.7800,9.3900,9.4800,9.4300
600327SH,2026-03-27 14:59:00,3.9800,down_natural,自然回升,5.8800,3.6600,5.1100,4.0000,5.8400,3.9500,5.1200,3.9500,4.9600,5.6000
600330SH,2026-03-27 14:59:00,16.8100,down_secondary,次级回升,19.0000,14.8000,17.5100,20.1400,18.5800,14.9800,17.5100,17.2600,17.0300,18.5700
600335SH,2026-03-27 14:59:00,5.9200,up_secondary,次级回撤,7.2700,5.2900,5.5000,6.3700,7.2500,5.4500,5.5900,6.3500,5.5000,6.5000
600346SH,2026-03-27 14:59:00,21.4000,down_natural,自然回升,27.2600,19.8100,23.2600,21.8600,27.0000,21.3000,23.2800,23.2000,22.5800,16.8500
600348SH,2026-03-27 14:59:00,9.1900,down,下跌趋势,10.5800,8.9100,9.7600,7.0900,10.4200,6.5500,9.7700,7.0500,9.4700,7.3000
600339SH,2026-03-27 14:59:00,4.1200,down_natural,自然回升,5.5400,3.8900,4.5900,4.1900,5.1200,4.3100,4.7300,4.3100,4.5900,3.7300
600340SH,2026-03-27 14:59:00,1.4400,down_natural,自然回升,1.9100,1.3700,1.4900,1.4800,1.7300,1.5400,1.5000,1.6800,1.4500,1.7100
600345SH,2026-03-27 14:59:00,39.2300,down_rally,回撤,47.5000,34.4000,42.4600,40.6700,46.8200,37.7700,42.8000,38.1900,41.2000,35.9300
600336SH,2026-03-27 14:59:00,6.9300,down_natural,自然回升,9.6300,6.5600,8.5800,7.0900,9.2400,7.3000,8.6000,7.7300,8.3800,6.9400
600352SH,2026-03-27 14:59:00,13.3100,down_natural,自然回升,17.1100,12.4300,15.3900,13.5400,16.6800,14.7300,15.4500,15.3600,14.9400,11.2800
600366SH,2026-03-27 14:59:00,11.7400,down_natural,自然回升,16.2000,11.0900,12.6500,11.8300,13.7800,12.7000,12.6600,14.0400,12.3100,14.2400
600367SH,2026-03-27 14:59:00,22.8600,down_natural,自然回升,29.0000,21.2600,23.2300,23.5500,24.8500,23.1200,23.2500,24.6600,22.5400,25.3500
600363SH,2026-03-27 14:59:00,50.5500,down_natural,自然回升,78.7600,47.8900,68.8900,51.5000,74.2100,56.6300,68.9300,56.6300,67.0000,60.4700
600362SH,2026-03-27 14:59:00,43.8800,down_natural,自然回升,70.7000,42.2000,54.4600,45.3700,60.8700,49.6400,54.4700,49.9000,54.4600,60.3000
600353SH,2026-03-27 14:59:00,13.9600,down,下跌趋势,19.9600,13.6200,16.5500,14.5900,18.2900,13.6500,16.5700,13.6500,16.0700,17.7700
600351SH,2026-03-27 14:59:00,6.5100,down_natural,自然回升,8.6800,6.0900,7.4100,6.5200,7.9200,6.4000,7.4200,6.9600,7.1900,8.3200
600350SH,2026-03-27 14:59:00,10.5400,up,上升趋势,10.6600,8.4700,9.3800,9.7400,10.4200,8.9800,,9.7300,10.0200,9.9800
600355SH,2026-03-27 14:59:00,0.7500,down_secondary,次级回升,4.0500,0.7000,3.6000,0.9000,3.9100,0.7500,3.6100,0.8300,3.5000,1.3800
600356SH,2026-03-27 14:59:00,8.6500,up_rally,回升,10.2200,8.2700,7.8700,9.3900,8.7700,8.7200,,9.3500,8.8000,9.6600
600354SH,2026-03-27 14:59:00,6.8200,down_rally,回撤,8.3400,6.2300,7.3700,7.1300,8.0900,6.7000,7.4200,6.7000,7.1500,7.8000
600358SH,2026-03-27 14:59:00,6.3900,down_natural,自然回升,6.7600,5.6000,6.2200,6.4300,6.6400,5.6100,6.2400,6.3800,6.0400,6.5900
600360SH,2026-03-27 14:59:00,8.8300,up_break,破碎,9.7500,7.8500,8.6700,8.6600,9.6300,7.9800,8.7000,8.5800,8.4100,8.9100
600343SH,2026-03-27 14:59:00,29.6200,down,下跌趋势,39.3900,28.4100,33.5000,31.0000,37.2600,28.6000,33.8800,28.6000,32.5300,37.2700
600359SH,2026-03-27 14:59:00,6.9300,down_natural,自然回升,8.4500,6.3100,7.6700,7.0000,8.2600,6.6600,7.6800,7.4000,7.4900,7.6100
600361SH,2026-03-27 14:59:00,4.1400,down_natural,自然回升,5.1600,3.9600,4.3300,4.2000,5.0400,4.1000,4.3400,4.4200,4.2500,4.4400
600365SH,2026-03-27 14:59:00,3.1400,up_rally,回升,3.4100,2.9700,2.9600,3.2300,3.1800,3.0300,,3.2200,3.0100,3.3100
600369SH,2026-03-27 14:59:00,4.2700,down_secondary,次级回升,4.3700,3.4600,3.6500,5.5500,4.0800,3.8600,3.6600,5.1900,3.5700,4.2300
600370SH,2026-03-27 14:59:00,2.6100,down_natural,自然回升,3.8600,2.4700,3.1400,2.6400,3.3700,2.5300,3.1400,2.5400,3.0500,2.6000
600368SH,2026-03-27 14:59:00,3.9200,down,下跌趋势,4.7000,3.7500,4.1800,4.1300,4.4400,3.8500,4.1800,3.8700,4.0600,4.6300
600372SH,2026-03-27 14:59:00,12.9700,down,下跌趋势,16.9700,12.5000,14.8800,16.8800,15.7900,14.3200,14.8800,16.1200,14.4500,16.8900
600375SH,2026-03-27 14:59:00,5.0900,down_natural,自然回升,6.5500,4.8700,5.8900,5.2800,6.3300,5.2900,5.9000,5.4700,5.7200,6.3500
600376SH,2026-03-27 14:59:00,5.1900,up_natural,自然回撤,6.1900,4.9000,5.0000,5.8000,,5.1300,,5.7900,5.8400,5.9000
600373SH,2026-03-27 14:59:00,8.4800,down,下跌趋势,12.0900,8.1700,9.1900,10.8000,10.5500,10.0100,9.2000,10.7900,8.9200,11.1100
600378SH,2026-03-27 14:59:00,31.3900,down_natural,自然回升,40.3300,29.7000,34.5600,31.7300,39.1800,28.9000,34.5700,33.3100,33.5300,34.2900
600377SH,2026-03-27 14:59:00,12.1000,down_natural,自然回升,16.3900,11.4700,12.3900,12.5600,14.2800,8.0200,12.4000,8.5400,12.0200,8.8000
600380SH,2026-03-27 14:59:00,10.9800,down_natural,自然回升,14.2100,10.3000,12.4500,11.0000,13.2700,10.7200,12.4600,10.7200,12.0800,12.8400
600379SH,2026-03-27 14:59:00,11.5900,up_rally,回升,14.2600,11.1300,10.7000,12.0800,11.9400,11.4300,12.4500,12.1400,11.9600,12.4400
600381SH,2026-03-27 14:59:00,2.8600,down_rally,回撤,5.8400,2.4800,4.5800,3.3300,5.0000,2.8100,4.6000,3.1500,4.4500,4.9400
600385SH,2022-07-06 15:00:00,1.2000,up,上升趋势,1.2000,1.0600,,1.1300,,1.0600,,1.1400,1.1600,1.1600
600382SH,2026-03-27 14:59:00,8.8500,down_natural,自然回升,9.8700,7.3200,9.0400,8.9000,9.8000,8.2500,9.0400,8.7300,9.0400,8.2500
600383SH,2026-03-27 14:59:00,2.7600,down,下跌趋势,4.5600,2.7100,3.0300,4.1600,3.6500,3.6800,3.0400,4.1200,2.9600,4.2800
600387SH,2025-07-10 15:00:00,0.9400,down_natural,自然回升,3.4800,0.8200,3.1400,0.9700,3.3400,0.8300,3.1400,0.8300,3.1400,3.4700
600386SH,2026-03-27 14:59:00,4.0500,down_natural,自然回升,5.4000,3.7200,4.1800,4.1000,4.7600,4.4600,4.1900,4.9700,4.0600,5.1100
600371SH,2026-03-27 14:59:00,8.5300,down_natural,自然回升,12.8000,7.8600,11.6800,8.6300,12.7000,8.5500,11.6800,10.2200,11.3600,8.5500
600406SH,2026-03-27 14:59:00,27.1300,up_natural,自然回撤,32.0600,21.0800,26.5000,24.1400,26.9400,22.6200,24.2400,24.1000,23.2400,24.8200
600389SH,2026-03-27 14:59:00,28.4000,up_break,破碎,33.3000,27.6300,27.7500,31.4800,29.5600,28.3600,27.7600,31.3600,27.4800,32.3800
600388SH,2026-03-27 14:59:00,18.2300,down_natural,自然回升,21.1100,17.0000,19.0700,19.0300,20.2400,11.2700,19.0700,12.1000,18.5000,12.4700
600390SH,2026-03-27 14:59:00,5.4000,down_natural,自然回升,6.8900,5.1700,5.7700,5.5000,6.1200,5.3100,5.7700,5.8000,5.6000,6.4000
600391SH,2026-03-27 14:59:00,40.1500,down_natural,自然回升,55.5200,36.9900,45.5500,41.2000,52.2500,48.9000,46.0000,52.5000,44.2200,54.3400
600396SH,2026-03-27 14:59:00,9.0000,up_rally,回升,9.4900,2.8300,8.8100,3.9000,9.3500,3.6200,8.6000,3.8800,3.4100,3.9700
600393SH,2023-07-17 15:00:00,0.3700,down,下跌趋势,1.8000,0.3700,1.3700,1.3100,1.4900,1.2300,1.3800,1.2300,1.3300,2.2000
600395SH,2026-03-27 14:59:00,6.1800,up_natural,自然回撤,6.4400,4.4100,6.0200,4.7700,6.3600,4.4600,5.8800,4.7600,5.7500,4.8900
600392SH,2026-03-27 14:59:00,22.4700,down_secondary,次级回升,33.6800,20.9000,26.3800,22.9000,28.0300,21.3800,26.3800,22.7700,25.6400,32.0300
600397SH,2026-03-27 14:59:00,15.1900,down_secondary,次级回升,21.0000,14.3300,18.8000,16.3500,19.9600,14.3500,18.8000,15.5700,18.3100,20.3600
600398SH,2026-03-27 14:59:00,6.1000,down_natural,自然回升,8.1800,5.6900,7.4900,6.2400,8.0000,5.9800,7.5000,6.3800,7.2800,6.5400
600399SH,2026-03-27 14:59:00,5.9300,down_natural,自然回升,8.2600,5.6700,7.0000,6.0500,7.6700,4.9500,7.0200,5.4500,6.8000,5.6000
600400SH,2026-03-27 14:59:00,2.1600,down_natural,自然回升,3.8400,1.9800,3.4500,2.2000,3.7500,2.1700,3.4500,2.1900,3.4500,3.1200
600405SH,2026-03-27 14:59:00,5.8900,up_rally,回升,6.2400,4.9300,5.3700,5.8100,6.0500,5.4500,,5.8000,6.3500,5.9500
600410SH,2026-03-27 14:59:00,24.7200,down_rally,回撤,34.3100,23.8900,27.2300,26.1800,29.8000,24.0000,27.2500,24.5700,26.7500,23.8500
600418SH,2026-03-27 14:59:00,45.2800,down_natural,自然回升,58.7900,43.6900,48.6800,46.6500,51.7800,47.3300,48.6800,51.3800,47.2900,52.9800
600419SH,2026-03-27 14:59:00,9.2000,down_natural,自然回升,11.8000,8.5600,9.6600,9.2000,10.5500,9.3500,9.6700,9.7900,9.3900,10.5300
600420SH,2026-03-27 14:59:00,10.3700,down_natural,自然回升,11.8000,9.7200,11.0500,10.3800,11.7800,10.0900,11.0500,10.4000,10.7200,11.3700
600421SH,2026-03-27 14:59:00,7.0300,down_natural,自然回升,8.5700,6.8700,7.2800,7.2900,8.0400,6.6100,7.3100,7.0500,7.0900,7.2500
600422SH,2026-03-27 14:59:00,11.4100,down,下跌趋势,18.4000,11.0800,16.8200,13.5500,17.8500,12.2400,16.8200,12.7300,16.3200,16.0300
600423SH,2026-03-27 14:59:00,3.7600,down_natural,自然回升,4.6400,3.3700,3.7900,3.8200,4.2800,3.4400,3.8000,3.4400,3.6800,3.8900
600416SH,2026-03-27 14:59:00,12.8400,down_natural,自然回升,17.6900,12.1300,15.5500,12.9500,16.8800,13.7500,15.5600,14.0900,15.1100,15.1900
600426SH,2026-03-27 14:59:00,36.3600,down_natural,自然回升,44.1000,33.9600,36.6500,36.8500,38.9000,34.8700,36.6500,35.0100,35.5700,38.6200
600428SH,2026-03-27 14:59:00,8.9800,up,上升趋势,9.1000,7.6900,,8.5900,,7.8000,,8.5800,7.8000,8.7600
600429SH,2026-03-27 14:59:00,5.8900,down_secondary,次级回升,5.1100,4.5400,4.7800,7.2800,5.1000,4.9300,4.7900,5.9100,4.6400,4.4700
600403SH,2026-03-27 14:59:00,6.2100,down_natural,自然回升,7.8800,5.8200,6.6200,6.2800,7.1000,6.0000,6.6200,6.0000,6.4400,7.0400
600409SH,2026-03-27 14:59:00,7.2800,down_secondary,次级回升,9.5000,6.6200,8.6300,7.3100,9.1600,6.8700,8.6300,7.3500,8.3900,7.1900
600415SH,2026-03-27 14:59:00,13.1700,up_natural,自然回撤,19.0100,15.5800,12.7100,16.8300,,15.7800,,16.7600,20.6800,17.3000
600433SH,2026-03-27 14:59:00,3.6800,up_natural,自然回撤,3.9500,2.8700,3.6400,3.5500,3.9000,3.3600,,3.5700,3.3700,3.6200
600436SH,2026-03-27 14:59:00,152.9800,down,下跌趋势,259.8900,151.3300,193.1600,175.6000,218.5700,153.3000,193.5200,164.7900,193.1600,246.7700
600435SH,2026-03-27 14:59:00,14.7800,down_natural,自然回升,22.5500,13.6600,18.3300,15.0200,19.6800,16.1300,18.3400,18.8400,17.8200,14.8500
600425SH,2026-03-27 14:59:00,4.1500,down_rally,回撤,5.0900,3.9800,4.1200,4.3600,4.8100,4.0800,4.1300,4.0900,4.0000,4.9500
600408SH,2026-03-27 14:59:00,3.9100,down_natural,自然回升,4.5600,3.7100,4.0100,3.9500,4.4900,3.8800,4.1000,3.9300,3.8900,4.1600
600439SH,2026-03-27 14:59:00,2.5900,down_natural,自然回升,4.4200,2.4200,3.4900,2.6400,3.7300,2.6300,3.4900,2.6400,3.4900,3.0400
600438SH,2026-03-27 14:59:00,16.9800,down,下跌趋势,27.7500,16.4600,24.0500,19.5800,27.2000,17.8000,24.2000,19.5000,23.3500,19.8700
600452SH,2026-03-27 14:59:00,12.4000,down_rally,回撤,16.8000,11.9300,15.6300,13.2500,16.7500,12.1700,15.6700,12.3200,15.2000,13.2100
600458SH,2026-03-27 14:59:00,12.9100,down_natural,自然回升,16.9800,12.6400,15.9400,13.4000,16.9700,12.7600,15.9400,15.0100,15.5600,15.5000
600448SH,2026-03-27 14:59:00,3.3400,down_natural,自然回升,4.1100,2.9000,3.2300,3.3700,3.4800,3.0000,3.2400,3.4600,3.1400,3.5600
600444SH,2026-03-27 14:59:00,17.1300,down_natural,自然回升,20.0100,15.9800,18.4500,17.2500,19.5800,17.9800,18.4500,19.0700,17.9000,19.7000
600446SH,2026-03-27 14:59:00,12.8500,down,下跌趋势,18.2800,12.3200,13.7900,15.9800,14.6600,15.0500,13.7900,15.9700,13.3800,16.4300
600449SH,2026-03-27 14:59:00,13.0100,up_secondary,次级回撤,17.8100,9.7400,11.8000,15.6400,15.1500,12.3800,12.1300,15.4800,13.8000,15.9300
600455SH,2026-03-27 14:59:00,26.5200,down_natural,自然回升,30.2600,24.4300,25.7600,27.1600,27.4000,24.5600,25.7600,29.5000,25.1200,29.9700
600462SH,2025-07-18 15:00:00,0.2100,up_rally,回升,0.2100,0.1500,0.1900,0.1600,0.2100,0.1500,0.1600,0.1600,0.1700,0.1700
600456SH,2026-03-27 14:59:00,33.5500,down_natural,自然回升,45.4000,31.0200,37.9400,33.6700,40.5600,30.3300,37.9400,32.2500,37.0000,33.1800
600461SH,2026-03-27 14:59:00,10.0300,down_secondary,次级回升,12.4400,8.7200,11.2900,10.3200,12.0500,8.7600,11.3100,10.1700,10.9600,8.0300
600466SH,2023-06-05 15:00:00,0.4000,down,下跌趋势,1.4900,0.4000,1.3700,0.6600,1.4900,0.5900,1.3800,0.6400,1.3300,1.4000
600460SH,2026-03-27 14:59:00,26.1500,down,下跌趋势,34.9800,25.5200,29.2000,29.5900,33.0000,27.6600,29.2100,27.8100,28.6800,29.7900
600463SH,2026-03-27 14:59:00,10.0000,down_natural,自然回升,12.7200,9.3000,11.9500,10.2000,12.7300,10.6900,11.9500,11.8500,11.6000,12.3500
600459SH,2026-03-27 14:59:00,19.4000,down_natural,自然回升,28.1900,18.0400,25.3400,19.5300,27.7900,20.2700,25.9000,23.3300,25.3400,23.2500
600467SH,2026-03-27 14:59:00,2.4900,down_natural,自然回升,3.3100,2.2500,2.6700,2.5000,2.9700,2.5200,2.6800,2.6600,2.5900,2.4600
600469SH,2026-03-27 14:59:00,6.7100,down_rally,回撤,8.2200,6.3200,7.4800,6.9200,7.9800,6.5000,7.5000,6.5000,7.2600,5.9100
600476SH,2026-03-27 14:59:00,10.8800,down_natural,自然回升,22.4500,10.0000,20.5100,11.1400,22.0800,12.6600,20.5200,12.6800,19.9000,14.7300
600475SH,2026-03-27 14:59:00,18.1200,down_rally,回撤,23.8000,16.8300,18.8200,19.3000,19.9500,17.6000,18.8200,18.1400,18.2600,23.1800
600470SH,2026-03-27 14:59:00,7.4300,up,上升趋势,7.4300,6.5300,,7.1100,,6.6700,,7.1200,8.5300,7.3000
600468SH,2026-03-27 14:59:00,9.2200,up_natural,自然回撤,10.4000,7.0600,8.9300,8.2100,9.6400,7.9200,8.9400,8.4800,8.1400,8.5300
600478SH,2026-03-27 14:59:00,7.5500,down_natural,自然回升,8.5500,6.7500,7.9700,7.5800,8.4600,7.3400,7.9700,7.5400,7.7400,8.1000
600477SH,2026-03-27 14:59:00,3.2300,down_natural,自然回升,4.7300,3.0600,3.2500,3.3100,4.4900,2.4200,3.2600,3.1000,3.1700,3.2000
600481SH,2026-03-27 14:59:00,6.9500,up_break,破碎,7.5800,6.7400,7.0000,7.3000,7.4700,6.8500,7.0100,7.2900,6.8500,7.4000
600480SH,2026-03-27 14:59:00,9.8400,down_natural,自然回升,15.5500,9.4100,12.9000,10.0700,15.1500,11.2300,12.9100,11.9400,12.5200,12.6300
600482SH,2026-03-27 14:59:00,31.5300,down_secondary,次级回升,39.2600,29.1000,36.6800,33.0100,38.9600,30.2800,36.6800,32.2800,35.5800,33.4800
600479SH,2026-03-27 14:59:00,10.3600,down,下跌趋势,11.4400,9.8600,10.6600,11.5300,11.3000,10.1000,10.6600,10.8300,10.3500,11.1900
600485SH,2020-05-14 15:00:00,1.3900,down_natural,自然回升,1.8600,1.2200,1.5700,1.3900,1.6700,1.3800,1.5700,1.5000,1.5300,1.7000
600483SH,2026-03-27 14:59:00,10.8500,up,上升趋势,11.3000,8.7900,10.0500,10.0900,11.2600,9.5800,,10.1700,10.5600,10.3900
600486SH,2026-03-27 14:59:00,74.0800,down_natural,自然回升,89.1500,68.2500,83.5500,75.3200,89.1500,77.2800,83.5700,84.3000,81.1500,72.5700
600487SH,2026-03-27 14:59:00,48.9500,down_break,破碎,52.1900,40.9200,45.9900,49.8800,51.8800,46.5200,47.3300,49.8000,45.4500,50.2100
600491SH,2026-03-27 14:59:00,2.9300,down_natural,自然回升,3.3800,2.6700,3.0200,3.0200,3.3600,2.8800,3.0300,3.1600,2.9300,3.2600
600488SH,2026-03-27 14:59:00,4.3300,down_break,破碎,4.7900,3.6800,3.9900,4.3200,4.6300,4.0100,4.0000,4.2800,3.9100,4.3300
600490SH,2026-03-27 14:59:00,7.5400,down_secondary,次级回升,8.6400,6.7800,7.8200,7.7100,8.3000,7.1300,7.8200,7.6300,7.6000,7.8900
600489SH,2026-03-27 14:59:00,25.5900,down_rally,回撤,35.5000,23.6500,30.1600,26.3700,32.3600,24.6000,30.1600,24.6000,29.2800,31.9800
600493SH,2026-03-27 14:59:00,7.3000,down_natural,自然回升,8.6000,6.4800,7.5000,7.3400,8.1100,7.1100,7.5100,7.8200,7.2800,8.1000
600498SH,2026-03-27 14:59:00,45.9800,down_secondary,次级回升,60.2100,41.5800,54.0000,48.0500,59.6100,43.4000,54.5000,46.9400,52.4000,44.0000
600496SH,2026-03-27 14:59:00,4.0000,up_rally,回升,4.7900,2.2900,3.7900,3.3300,4.1400,2.9400,4.0600,3.3200,3.6700,3.4100
600497SH,2026-03-27 14:59:00,7.9500,down_natural,自然回升,11.9300,7.4500,10.6500,8.0600,11.4800,7.4600,10.6500,7.4600,10.3500,7.7500
600499SH,2026-03-27 14:59:00,16.8000,up_rally,回升,18.5300,16.0100,14.8500,17.5600,17.2900,16.3600,,17.5500,16.1000,18.0800
600503SH,2026-03-27 14:59:00,2.4600,down_natural,自然回升,3.9900,2.2500,3.6200,2.5100,3.8700,2.4500,3.6200,2.5500,3.5200,2.8300
600502SH,2026-03-27 14:59:00,4.6500,down_secondary,次级回升,6.7200,3.9800,5.4400,5.3300,5.8700,4.4300,5.4500,4.8000,5.2800,5.3900
600505SH,2026-03-27 14:59:00,15.3000,down_natural,自然回升,15.9100,13.5500,14.0500,15.7800,15.1800,12.5900,14.0900,13.5300,13.6400,13.9500
600506SH,2026-03-27 14:59:00,21.1300,down_natural,自然回升,29.5000,19.9400,23.8600,21.5800,29.0800,20.0100,23.9600,20.0100,23.8600,28.4200
600507SH,2026-03-27 14:59:00,5.6700,up_natural,自然回撤,7.3900,5.1700,5.5000,6.4000,6.7000,5.5000,,6.3500,5.4300,6.5800
600508SH,2026-03-27 14:59:00,14.2400,up,上升趋势,14.8600,10.9400,11.7700,11.7900,14.8600,11.0700,12.8300,11.7800,12.5900,12.1400
600510SH,2026-03-27 14:59:00,8.4300,down_rally,回撤,10.8000,7.4900,8.8600,8.7800,9.5500,8.2400,8.8800,8.2500,8.6000,9.3900
600495SH,2026-03-27 14:59:00,4.4500,down_natural,自然回升,6.2000,4.0700,5.2800,4.5000,5.6200,4.7000,5.2800,4.7800,5.1300,5.4500
600509SH,2026-03-27 14:59:00,9.0500,down_natural,自然回升,10.2600,8.0600,8.7700,9.3000,9.3600,8.0800,8.7700,9.1000,8.6400,9.3700
600500SH,2026-03-27 14:59:00,4.4600,up_secondary,次级回撤,5.0300,3.7500,4.1300,4.7200,4.5500,4.4500,4.2700,4.7200,4.1700,4.8300
600501SH,2026-03-27 14:59:00,22.0400,down,下跌趋势,39.9700,21.3100,32.0000,28.2800,33.9600,26.1800,32.0000,26.5200,31.2200,30.9000
600512SH,2026-03-27 14:59:00,2.4200,down_natural,自然回升,2.7100,2.2100,2.3300,2.4900,2.6500,2.2900,2.3700,2.5500,2.2700,2.6300
600511SH,2026-03-27 14:59:00,28.9300,down_rally,回撤,36.7200,27.5700,33.2600,31.5500,35.8800,27.9900,33.3300,31.1800,32.4400,35.5000
600519SH,2026-03-27 14:59:00,1417.0200,up_secondary,次级回撤,2077.0000,1593.0000,1322.0100,1770.0000,1568.0000,1604.0000,1383.2000,1769.5000,1322.0100,1821.0100
600513SH,2026-03-27 14:59:00,25.6100,up,上升趋势,25.6100,18.0400,20.2500,21.6800,24.4900,20.6600,21.3500,21.9100,18.3500,22.0900
600516SH,2026-03-27 14:59:00,5.8200,up_rally,回升,7.2900,5.4100,5.6000,6.5900,5.9500,6.1100,,6.5800,6.5300,6.7800
600520SH,2026-03-27 14:59:00,24.1800,down_natural,自然回升,38.6900,23.5000,32.8100,24.9700,36.4100,24.4500,32.8800,28.7500,31.8800,31.7200
600527SH,2026-03-27 14:59:00,2.6200,up_secondary,次级回撤,2.7300,2.0500,2.0900,2.2900,2.6800,2.1800,2.5100,2.3200,2.0900,2.3500
600515SH,2026-03-27 14:59:00,3.6800,down,下跌趋势,5.9000,3.5200,5.1900,5.7600,5.5400,4.4500,5.1900,5.4300,5.0400,4.4000
600517SH,2026-03-27 14:59:00,6.6000,up_rally,回升,7.7900,4.4500,6.3100,5.1300,6.7900,4.7700,5.5700,5.1200,5.6700,5.2800
600522SH,2026-03-27 14:59:00,27.0500,down_secondary,次级回升,31.8200,24.6500,27.8800,28.0800,29.5900,25.9100,27.8800,27.6100,27.2200,31.7400
600523SH,2026-03-27 14:59:00,13.8800,down_natural,自然回升,17.0000,13.0400,15.3000,13.9400,16.4100,14.4000,15.3100,15.4400,14.8500,15.3600
600526SH,2026-03-27 14:59:00,5.4800,down_secondary,次级回升,5.9400,5.0000,5.2300,6.1800,5.5500,5.0000,5.2300,5.6100,5.0800,5.1700
600518SH,2026-03-27 14:59:00,1.7600,down,下跌趋势,2.2700,1.6900,1.9900,2.0300,2.1600,1.9000,2.0000,1.9000,1.9400,2.0700
600528SH,2026-03-27 14:59:00,7.7700,down_secondary,次级回升,8.9800,7.1300,7.9600,12.0000,8.6300,7.4100,7.9700,7.9400,7.7300,8.5700
600531SH,2026-03-27 14:59:00,13.1000,down_rally,回撤,24.7900,12.2100,22.2900,13.5900,24.7900,12.5100,22.3100,12.7700,22.2900,12.3700
600529SH,2026-03-27 14:59:00,18.3400,down,下跌趋势,32.3300,18.0700,27.4200,21.7300,29.3600,19.9100,27.4300,20.4100,26.6000,28.3400
600536SH,2026-03-27 14:59:00,36.8100,down,下跌趋势,56.7400,35.8100,46.6000,51.8600,56.0900,42.9100,46.8000,51.2500,45.3000,52.9700
600533SH,2026-03-27 14:59:00,2.5300,down_rally,回撤,2.8300,2.2700,2.5000,2.6100,2.7800,2.4500,2.5100,2.4500,2.4500,2.7900
600540SH,2026-03-27 14:59:00,4.8500,down_natural,自然回升,5.7100,4.4100,5.0800,4.9700,5.6800,4.5100,5.0900,5.0700,4.9300,5.2200
600525SH,2026-03-27 14:59:00,5.4600,up_secondary,次级回撤,6.1100,3.1300,5.0900,3.9300,5.5600,3.4200,5.1700,3.9200,3.4000,4.0400
600532SH,2023-06-27 15:00:00,0.7200,up,上升趋势,0.7200,0.5800,,0.6200,,0.5800,,0.6500,0.7000,0.6900
600535SH,2026-03-27 14:59:00,14.5300,down_natural,自然回升,17.6900,13.4500,15.5500,14.6500,16.5000,14.9200,15.5500,14.9200,15.0900,15.9400
600538SH,2026-03-27 14:59:00,6.5800,up,上升趋势,6.7400,5.8100,,6.4900,,5.9100,,6.4800,6.2200,6.6800
600521SH,2026-03-27 14:59:00,15.8200,down_natural,自然回升,27.9700,14.3700,22.1600,15.8800,25.5700,15.1900,22.1900,15.1900,21.5000,16.6300
600530SH,2026-03-27 14:59:00,5.4000,down_natural,自然回升,7.3000,4.9700,6.1500,5.6200,6.7800,6.3200,6.1600,6.7600,5.9700,6.9800
600537SH,2026-03-27 14:59:00,3.8800,up_secondary,次级回撤,4.4600,3.7600,2.6100,4.3300,4.0600,4.0200,3.0500,4.3200,4.5400,4.4500
600545SH,2026-03-27 14:59:00,3.7100,down_rally,回撤,4.6900,3.5000,4.3200,4.0300,4.6100,3.6000,4.3200,3.7800,4.2000,4.2500
600546SH,2026-03-27 14:59:00,11.8200,up_rally,回升,12.8900,8.4900,11.3300,10.7900,12.1600,9.5100,11.4600,10.7500,11.3300,11.0500
600547SH,2026-03-27 14:59:00,38.6200,down_rally,回撤,53.5000,36.6000,43.0300,40.9100,45.6700,37.0200,43.0300,38.4200,41.7400,49.8700
600539SH,2026-03-27 14:59:00,14.2100,down_natural,自然回升,12.8900,10.6100,11.6600,14.2100,12.5700,10.3300,11.7000,10.9700,11.3300,11.4500
600543SH,2026-03-27 14:59:00,4.8700,down_secondary,次级回升,6.9700,4.4200,6.1500,4.9300,6.5200,4.6200,6.1500,4.9000,6.1100,4.7000
600548SH,2026-03-27 14:59:00,9.2200,down_rally,回撤,13.7700,8.6700,11.3400,9.5800,12.2900,8.9600,11.3700,9.0000,11.0000,11.2000
600550SH,2026-03-27 14:59:00,15.5400,down,下跌趋势,19.5800,15.0000,16.5700,16.2400,17.5800,15.2200,16.5700,15.2600,16.0800,17.0800
600555SH,2022-07-12 15:00:00,0.2600,down,下跌趋势,1.5800,0.2500,1.3500,0.2800,1.5200,0.2600,1.3600,0.2600,1.3100,1.4400
600551SH,2026-03-27 14:59:00,7.9200,down,下跌趋势,10.2000,7.6300,8.0400,8.9600,9.0000,8.1200,8.0700,8.9500,7.8000,9.1800
600557SH,2026-03-27 14:59:00,13.4500,down,下跌趋势,20.2000,13.0200,16.5600,14.8600,18.1900,13.7200,16.5800,13.9500,16.4500,16.6800
600549SH,2026-03-27 14:59:00,58.7200,down_break,破碎,80.0000,51.0000,73.9900,60.2800,79.5200,55.8000,74.3000,59.6800,73.9900,60.3500
600556SH,2026-03-27 14:59:00,6.0500,down_natural,自然回升,8.4500,5.6500,7.2600,6.1300,8.4100,6.2400,7.2700,6.3800,7.1100,8.1700
600569SH,2026-03-27 14:59:00,2.2700,down_rally,回撤,2.8500,2.1500,2.5500,2.3500,2.8300,2.2000,2.5600,2.2000,2.4800,2.5000
600552SH,2026-03-27 14:59:00,12.1200,down_natural,自然回升,16.7700,11.4000,14.9800,12.3400,15.9800,12.6600,15.0000,13.5000,14.5700,13.8500
600558SH,2026-03-27 14:59:00,5.5700,down_natural,自然回升,6.9500,5.2600,6.0800,5.6500,6.6900,5.3600,6.0900,6.4700,5.9000,6.6400
600562SH,2026-03-27 14:59:00,24.9000,down_rally,回撤,34.9700,24.2300,28.0100,25.8900,31.1700,24.2600,28.0300,24.2900,27.2300,28.6000
600559SH,2026-03-27 14:59:00,13.5100,down,下跌趋势,25.0400,13.2500,16.2200,17.1700,18.9800,15.3100,16.2300,16.0500,15.7400,16.9900
600560SH,2026-03-27 14:59:00,14.4300,down_natural,自然回升,18.3300,13.7800,15.6800,14.7200,18.6200,15.1300,15.6900,16.7200,15.2300,15.9100
600561SH,2026-03-27 14:59:00,6.6200,up,上升趋势,6.7000,5.8100,,6.2800,,5.8600,,6.3200,6.1800,6.4100
600565SH,2024-08-06 15:00:00,0.8500,down_rally,回撤,1.0500,0.7800,0.9500,1.0200,1.0300,0.8500,0.9600,0.9500,0.9500,0.9900
600571SH,2026-03-27 14:59:00,13.3700,down,下跌趋势,20.5100,12.9700,18.4100,15.3000,19.7800,14.1800,18.4200,14.3600,17.8600,19.0900
600575SH,2026-03-27 14:59:00,4.0300,down_secondary,次级回升,4.2400,3.3200,3.8900,4.2900,4.1600,3.9300,3.9000,4.2000,3.8000,3.7500
600572SH,2026-03-27 14:59:00,4.3400,down_natural,自然回升,5.5400,4.0400,4.9400,4.3500,5.5400,4.0900,4.9600,4.8700,4.8000,5.2300
600573SH,2026-03-27 14:59:00,12.0100,down_natural,自然回升,15.5900,10.8300,14.3700,12.1600,15.3900,11.7300,14.4000,11.9800,14.0300,12.3300
600566SH,2026-03-27 14:59:00,25.6300,down_secondary,次级回升,45.1800,24.2000,39.6100,28.4300,42.5800,25.3400,39.6200,27.1100,38.5200,29.1000
600577SH,2026-03-27 14:59:00,12.1100,down_natural,自然回升,16.4100,11.3500,13.4300,12.2700,15.5800,6.1000,13.4400,6.5600,13.0300,6.7600
600578SH,2026-03-27 14:59:00,5.5700,up_rally,回升,5.9600,4.3900,5.0700,5.4300,5.7800,5.0700,,5.4200,4.6000,5.5700
600567SH,2026-03-27 14:59:00,1.5600,down,下跌趋势,2.1000,1.5000,1.7500,1.7900,1.9000,1.6000,1.7600,1.7700,1.7000,1.8500
600580SH,2026-03-27 14:59:00,37.9800,down_rally,回撤,51.4000,37.0000,45.3900,39.6800,49.1800,37.2400,45.4000,37.2700,44.0400,44.6500
600583SH,2026-03-27 14:59:00,6.7200,down_natural,自然回升,8.7200,6.3300,7.8500,6.8200,8.5200,7.0300,7.8500,7.1000,7.8500,7.1700
600568SH,2026-03-27 14:59:00,2.7500,up_rally,回升,3.2700,2.4200,2.6900,2.8000,2.8700,2.6000,,2.7900,2.5400,2.8700
600579SH,2026-03-27 14:59:00,8.0200,down_secondary,次级回升,8.5800,7.1500,7.4300,11.1300,7.8800,7.3500,7.4300,8.1500,7.2100,7.2900
600581SH,2026-03-27 14:59:00,2.6500,down_rally,回撤,4.8400,2.5100,4.4300,2.7200,4.7500,2.5500,4.4300,2.5500,4.3000,3.6200
600570SH,2026-03-27 14:59:00,25.4200,down,下跌趋势,40.2200,24.5600,36.2100,36.1800,39.3300,28.1200,36.2200,33.9900,35.1400,35.5200
600576SH,2026-03-27 14:59:00,6.1400,down_natural,自然回升,7.0200,5.7600,6.0700,6.2000,6.5700,5.6800,6.0800,6.0800,5.8900,6.3000
600563SH,2026-03-27 14:59:00,142.6600,up,上升趋势,143.0300,99.6500,119.2700,118.3000,132.0000,111.6100,,118.3400,111.7300,121.7300
600582SH,2026-03-27 14:59:00,5.8000,up_secondary,次级回撤,8.0500,4.8400,5.5800,5.8600,6.7800,5.2500,5.6600,5.8500,5.2100,6.0100
600586SH,2026-03-27 14:59:00,6.0600,down_rally,回撤,7.9700,5.6800,7.2500,6.4300,7.7000,5.8900,7.2500,6.0400,7.0700,7.4500
600585SH,2026-03-27 14:59:00,23.0500,down_secondary,次级回升,27.8800,21.3400,23.2500,28.0000,25.0500,21.7300,23.2600,26.9300,22.6000,25.9800
600588SH,2026-03-27 14:59:00,11.7900,down,下跌趋势,17.9900,11.4100,15.9800,19.0100,16.9500,12.4000,15.9800,14.0500,15.5100,16.7600
600587SH,2026-03-27 14:59:00,14.3100,down,下跌趋势,18.6200,13.8600,15.6700,17.2700,17.1600,14.2800,15.7200,15.5500,15.2000,15.9700
600590SH,2026-03-27 14:59:00,12.9800,down_natural,自然回升,17.2000,12.4400,13.9000,13.2800,16.0600,12.6600,13.9100,12.6600,13.5000,9.8800
600584SH,2026-03-27 14:59:00,39.5400,down_rally,回撤,54.6300,38.3900,46.1500,41.2600,51.4000,38.6000,46.2100,38.6600,44.8800,50.3300
600589SH,2026-03-27 14:59:00,10.7400,down_secondary,次级回升,11.8700,8.7100,9.8500,15.2500,10.8800,9.5100,9.8900,11.4500,9.5800,11.1000
600595SH,2026-03-27 14:59:00,7.1500,down_rally,回撤,9.5300,6.7100,8.1000,7.2900,9.3000,6.8300,8.1100,6.8300,7.9000,8.9800
600592SH,2026-03-27 14:59:00,19.6200,down_natural,自然回升,29.7800,19.0300,26.2200,20.2500,28.0900,21.5000,26.3300,21.5100,25.4400,25.7500
600597SH,2026-03-27 14:59:00,7.5500,down,下跌趋势,9.9600,7.3200,7.6600,9.0400,9.2500,8.0100,7.6700,8.9800,7.4400,9.2800
600596SH,2026-03-27 14:59:00,10.9900,down_natural,自然回升,14.0400,10.4800,12.5500,11.2200,13.6500,10.3600,12.5700,12.9500,12.1800,13.2900
600599SH,2026-03-27 14:59:00,6.4900,down_natural,自然回升,11.0000,4.1800,8.9600,6.4900,9.7900,7.0600,8.9900,7.3800,8.9600,8.4000
600598SH,2026-03-27 14:59:00,16.1300,up_rally,回升,18.3500,14.1400,15.3800,15.5000,16.4900,14.3700,16.3600,15.4800,17.7800,15.8900
600593SH,2026-03-27 14:59:00,38.1900,up_rally,回升,41.2100,35.7800,34.4400,39.4800,39.3200,36.0000,,38.9600,44.8000,39.7600
600594SH,2026-03-27 14:59:00,3.8400,down_natural,自然回升,4.4700,3.4400,3.9500,3.8500,4.2700,3.8200,3.9600,3.8200,3.8500,4.4000
600600SH,2026-03-27 14:59:00,62.5100,down_rally,回撤,88.0200,60.0000,63.5000,64.5200,82.5000,60.2000,63.5200,60.6200,61.6200,77.0000
600601SH,2026-03-27 14:59:00,9.8900,down_natural,自然回升,13.8600,9.2600,12.0800,10.1500,12.9800,10.1800,12.1200,10.3300,11.7400,13.0000
600603SH,2026-03-27 14:59:00,7.3200,down_natural,自然回升,8.2700,7.0000,7.6500,7.4600,8.2000,6.1600,7.6600,6.6600,7.4300,6.8700
600604SH,2026-03-27 14:59:00,5.5100,up_rally,回升,5.7000,5.0600,5.2000,5.5000,5.6200,5.0600,,5.4900,5.2100,5.6500
600615SH,2026-03-27 14:59:00,11.5200,down_natural,自然回升,14.2400,10.5800,12.8800,11.7900,13.7900,10.7100,12.8800,13.0600,12.8800,13.1200
600612SH,2026-03-27 14:59:00,40.8300,down,下跌趋势,57.7200,39.1700,48.2600,52.1600,51.8000,44.0000,48.2600,48.8800,46.8300,53.5300
600613SH,2026-03-27 14:59:00,6.0200,down_secondary,次级回升,6.8800,5.1100,6.2900,8.8700,6.8200,5.2200,6.3000,7.5300,6.1100,5.5900
600602SH,2026-03-27 14:59:00,21.2000,down_secondary,次级回升,23.6900,18.6600,21.7100,24.4900,23.3200,20.0200,21.7300,23.3000,21.0600,22.9700
600611SH,2026-03-27 14:59:00,4.7700,up_rally,回升,6.6000,5.3100,4.6500,6.0000,4.9300,5.3800,,5.9500,5.7100,6.1600
600616SH,2026-03-27 14:59:00,5.0000,down_natural,自然回升,7.3200,4.6500,5.1600,5.0800,5.4800,5.1300,5.1600,5.7000,5.0500,5.9000
600618SH,2026-03-27 14:59:00,12.8800,down_natural,自然回升,18.1900,12.1500,15.2600,12.9900,16.1800,14.1700,15.2600,15.8000,14.9200,16.3900
600614SH,2021-07-20 15:00:00,0.2600,down_secondary,次级回升,2.1100,0.2100,1.8500,0.2500,2.0700,0.2400,1.8700,0.2600,1.8000,0.2600
600617SH,2026-03-27 14:59:00,4.3300,up_natural,自然回撤,4.6200,3.8500,4.2800,4.1600,4.3600,3.8800,,4.1500,4.0400,4.2800
600606SH,2026-03-27 14:59:00,1.5300,down_natural,自然回升,2.9000,1.4800,2.6400,1.5700,2.8100,1.5700,2.6400,1.7500,2.5700,2.4000
600610SH,2026-03-27 14:59:00,9.2800,down_break,破碎,13.4900,8.7900,11.8100,9.3500,12.5800,8.7800,11.8200,9.3700,11.8100,9.4100
600605SH,2026-03-27 14:59:00,28.4200,down_secondary,次级回升,36.2800,25.6500,30.9300,31.5100,34.9500,26.2400,31.0200,28.9100,30.1000,35.8700
600609SH,2026-03-27 14:59:00,4.1000,down_natural,自然回升,5.9900,3.8900,5.3800,4.1800,5.7800,4.4600,5.3900,5.1400,5.2200,5.1900
600608SH,2026-03-27 14:59:00,2.9900,down_rally,回撤,4.0100,2.7000,3.3800,3.2600,3.5900,2.9600,3.3800,3.1500,3.3100,3.8800
600624SH,2026-03-27 14:59:00,4.6300,down_natural,自然回升,7.8500,4.3200,7.0000,4.6900,7.6600,4.8300,7.0100,5.2800,6.8000,7.2700
600622SH,2026-03-27 14:59:00,2.5800,down_natural,自然回升,3.3600,2.4700,2.9100,2.6200,3.1300,2.7500,2.9200,2.7500,2.8300,2.9800
600619SH,2026-03-27 14:59:00,16.3200,down,下跌趋势,28.5000,15.8200,24.0000,18.9600,26.2000,17.4100,24.4000,17.7800,23.2900,24.6900
600630SH,2026-03-27 14:59:00,7.9700,down_natural,自然回升,11.2800,7.4300,10.4000,8.0200,11.1100,8.7700,10.4200,9.3800,10.1000,9.6700
600623SH,2026-03-27 14:59:00,9.9900,up_secondary,次级回撤,12.2600,7.1500,9.8500,10.2800,10.4800,9.1500,9.8500,9.7400,8.1000,10.5800
600628SH,2026-03-27 14:59:00,7.2900,down_natural,自然回升,9.7700,6.8800,7.8100,7.3900,8.6600,7.3800,7.8200,8.7600,7.5900,8.5800
600620SH,2026-03-27 14:59:00,6.2400,down_natural,自然回升,8.4200,5.7900,7.6200,6.3500,8.1100,5.8500,7.6200,6.7700,7.6200,5.3700
600634SH,2021-07-20 15:00:00,0.2800,down_secondary,次级回升,0.3500,0.2700,0.3200,0.3100,0.3500,0.2800,0.3200,0.3000,0.3200,0.3200
600621SH,2026-03-27 14:59:00,14.1700,up_natural,自然回撤,18.3800,14.8700,13.9000,16.8800,,15.7300,,16.8500,15.0000,17.2400
600626SH,2026-03-27 14:59:00,4.0300,down,下跌趋势,5.8600,3.8500,5.0400,4.2800,5.4600,3.9000,5.0500,4.0200,4.8900,5.4500
600635SH,2026-03-27 14:59:00,5.8600,down,下跌趋势,7.3600,5.6100,6.4600,7.3800,7.1100,6.1600,6.4700,7.3500,6.2700,7.1100
600633SH,2026-03-27 14:59:00,12.2600,down_natural,自然回升,16.5500,11.8700,13.7400,12.6800,15.9800,12.2600,14.1800,13.5500,13.3300,15.1500
600629SH,2026-03-27 14:59:00,20.5800,down_break,破碎,23.4000,19.0100,20.8100,20.5800,22.5000,19.3400,20.8200,20.5500,20.2200,20.7400
600636SH,2026-03-27 14:59:00,7.8700,down_natural,自然回升,9.6800,7.4200,8.1900,7.9400,8.7700,8.1500,8.2000,8.9400,7.9600,9.2000
600638SH,2026-03-27 14:59:00,6.0300,down_natural,自然回升,7.6200,5.6700,6.9200,6.1200,7.3800,6.3700,6.9200,6.3700,6.7200,7.5900
600639SH,2026-03-27 14:59:00,10.9400,down_secondary,次级回升,14.1000,9.1600,12.2300,14.8300,13.6400,9.5200,12.2400,12.1400,11.9200,15.1400
600640SH,2026-03-27 14:59:00,11.7700,down,下跌趋势,15.2900,11.3100,13.3400,16.5000,15.1100,12.1300,13.4100,13.1800,12.9500,12.5500
600644SH,2026-03-27 14:59:00,13.1700,down_rally,回撤,13.9900,11.8500,12.9900,13.6500,13.9400,12.7500,13.0700,12.7600,12.6900,12.3800
600642SH,2026-03-27 14:59:00,9.2200,up,上升趋势,9.3800,7.5800,,8.5300,,7.7600,,8.5200,8.1200,8.7800
600641SH,2026-03-27 14:59:00,18.7000,down_secondary,次级回升,23.8000,15.6600,18.9800,19.8900,20.2500,16.7500,18.9900,19.7900,18.4300,20.0400
600643SH,2026-03-27 14:59:00,5.1200,up_secondary,次级回撤,5.7000,4.5000,4.9300,5.4000,5.2700,5.0400,4.9300,5.4100,6.3100,5.5000
600637SH,2026-03-27 14:59:00,9.5300,down_rally,回撤,10.8600,9.0000,9.7500,16.1200,10.4000,9.2300,9.7600,12.1100,9.4900,9.3700
600652SH,2022-06-20 15:00:00,1.1900,down_secondary,次级回升,1.2100,1.0200,1.0600,1.3600,1.2100,1.0800,1.0700,1.1900,1.0600,0.7700
600647SH,2024-07-02 15:00:00,1.5200,down_secondary,次级回升,13.7900,1.0300,9.7000,2.1400,10.4700,1.1500,9.8000,2.0300,9.5300,12.3500
600653SH,2026-03-27 14:59:00,1.8300,down_natural,自然回升,2.5400,1.6700,2.0100,1.8700,2.2200,1.8700,2.0200,1.8700,1.9500,2.1300
600660SH,2026-03-27 14:59:00,57.6300,down,下跌趋势,74.5800,54.7500,63.3000,60.4900,69.0600,56.8300,63.3100,56.8300,61.4900,61.3500
600662SH,2026-03-27 14:59:00,5.0400,down,下跌趋势,6.3900,4.8600,5.2300,6.8800,5.5700,4.9900,5.2300,6.4500,5.0800,5.0900
600663SH,2026-03-27 14:59:00,7.6500,down_natural,自然回升,9.8600,7.3100,8.6000,7.7600,9.6700,7.7500,8.6100,8.3900,8.3500,8.6800
600650SH,2026-03-27 14:59:00,13.0600,down_natural,自然回升,18.0500,12.5600,15.7800,13.3500,17.1000,14.9200,15.8200,14.9200,15.3200,15.9800
600645SH,2026-03-27 14:59:00,31.8700,up_rally,回升,32.9900,23.1500,28.8000,26.5000,32.8800,24.4700,30.1800,26.3200,24.8500,27.2600
600648SH,2026-03-27 14:59:00,10.2300,down_rally,回撤,13.4000,9.8200,11.5600,10.9700,12.3100,9.8700,11.5600,10.6700,11.2200,11.1900
600649SH,2026-03-27 14:59:00,4.5300,down_natural,自然回升,5.7800,4.3300,5.0900,4.7100,5.7700,4.6900,5.1500,4.8400,4.9400,5.7500
600651SH,2026-03-27 14:59:00,7.1600,down_natural,自然回升,10.2000,6.5600,8.4700,7.3200,9.0600,7.1200,8.5000,7.6700,8.2200,8.5800
600665SH,2026-03-27 14:59:00,3.4000,down_natural,自然回升,3.7200,3.0500,3.3800,3.4500,3.6600,3.1700,3.3900,3.4400,3.2900,3.5500
600654SH,2026-03-27 14:59:00,3.3400,down_natural,自然回升,4.6400,3.1300,3.7300,3.4000,4.2700,3.3900,3.7400,3.4400,3.6200,4.0900
600658SH,2026-03-27 14:59:00,4.7300,down_natural,自然回升,6.2500,4.4200,5.6600,4.8200,6.0800,5.0900,5.6700,5.1200,5.5100,5.9200
600666SH,2026-03-27 14:59:00,6.0800,up,上升趋势,6.0800,3.1800,5.3400,4.0000,5.8500,3.3900,5.3700,3.9900,5.3400,4.1100
600667SH,2026-03-27 14:59:00,9.8200,up_rally,回升,12.1200,9.2600,9.1500,10.1000,10.0400,9.4100,9.3900,10.0600,9.1500,10.3000
600664SH,2026-03-27 14:59:00,3.4100,down_natural,自然回升,4.1500,3.2000,3.4300,3.4200,3.6700,3.6600,3.4400,3.8800,3.3400,3.9500
600677SH,2020-05-28 15:00:00,3.0100,down,下跌趋势,6.0200,3.0100,5.1200,4.2400,5.5000,3.9200,5.1300,3.9600,5.0300,5.3300
600655SH,2026-03-27 14:59:00,4.6300,down,下跌趋势,6.4100,4.4900,5.6500,6.1500,6.0600,5.0100,5.6600,5.7600,5.4900,6.0600
600671SH,2026-03-27 14:59:00,22.4200,down_natural,自然回升,23.4400,19.0100,20.0000,22.7500,22.3500,16.8000,20.0200,17.8500,19.5000,18.1700
600661SH,2026-03-27 14:59:00,9.6700,down_natural,自然回升,12.5300,8.9600,11.7500,9.8600,12.5300,9.6300,11.7600,10.5400,11.4200,11.3200
600657SH,2026-03-27 14:59:00,3.0100,down_natural,自然回升,3.7200,2.8900,3.1700,3.0800,3.4500,3.2900,3.1800,3.5100,3.1200,3.6100
600673SH,2026-03-27 14:59:00,30.5800,down_rally,回撤,41.5800,28.6000,35.6000,31.8000,38.8200,29.6800,35.6300,29.8000,34.7300,38.8000
600668SH,2026-03-27 14:59:00,10.1900,up_natural,自然回撤,12.2000,10.8300,9.7500,11.8100,,10.8700,,11.7900,13.6300,12.1200
600676SH,2026-03-27 14:59:00,7.6500,down_natural,自然回升,10.1800,6.9800,8.7900,7.8400,9.8300,7.4800,8.8100,8.0700,8.5500,6.2200
600674SH,2026-03-27 14:59:00,15.4200,down_rally,回撤,17.7000,13.5200,14.0800,16.3600,15.2300,15.1800,14.0900,15.3600,13.6600,17.4900
600678SH,2026-03-27 14:59:00,10.6900,down_natural,自然回升,15.6500,9.9200,12.0800,10.7900,13.4500,10.8100,12.1100,11.2100,11.7500,14.3000
600684SH,2026-03-27 14:59:00,4.9100,down_natural,自然回升,5.4900,4.6600,5.0900,5.1200,5.4000,4.7500,5.0900,4.9300,4.9500,5.1000
600675SH,2026-03-27 14:59:00,2.6600,down_natural,自然回升,3.2700,2.5200,2.7800,2.7000,3.2200,2.6900,2.7900,2.9000,2.7000,2.9800
600686SH,2026-03-27 14:59:00,17.6800,down_natural,自然回升,19.3800,15.3100,18.0600,18.2200,19.2500,15.8800,18.0900,16.5300,17.8400,18.5100
600682SH,2026-03-27 14:59:00,6.9600,down_natural,自然回升,9.5800,6.1100,6.9300,7.0800,7.4800,7.5300,6.9400,8.1600,6.7300,8.3800
600685SH,2026-03-27 14:59:00,29.7500,down_natural,自然回升,38.5500,28.3300,34.4500,30.3600,37.2800,30.6100,34.4700,33.1800,33.4400,34.2000
600679SH,2026-03-27 14:59:00,11.8600,down_natural,自然回升,15.2400,11.2700,13.1700,12.1500,14.4800,12.5000,13.1800,13.2600,12.7800,13.7100
600681SH,2026-03-27 14:59:00,4.8600,up_natural,自然回撤,5.3400,3.8900,4.8500,4.4900,5.1500,4.0300,4.3000,4.4500,4.2400,4.6000
600687SH,2021-03-02 15:00:00,0.3000,down_secondary,次级回升,0.3300,0.2600,0.3100,0.2900,0.3300,0.2900,0.3100,0.3100,0.3100,0.3200
600688SH,2026-03-27 14:59:00,2.9800,down_natural,自然回升,3.8900,2.8000,3.4600,2.9800,3.7300,3.2000,3.4900,3.2000,3.3700,3.0000
600691SH,2026-03-27 14:59:00,3.6100,down_natural,自然回升,4.8700,3.3000,4.1000,3.7600,4.7200,3.5000,4.1400,3.5200,4.1000,4.0300
600690SH,2026-03-27 14:59:00,22.2400,down,下跌趋势,28.3100,21.5100,24.8100,25.8700,26.4900,24.1000,24.8100,25.8600,24.1500,26.6300
600683SH,2026-03-27 14:59:00,10.3200,down_rally,回撤,11.3700,9.2700,10.1300,11.2800,10.8100,10.0200,10.1300,11.1100,10.1300,11.3500
600702SH,2026-03-27 14:59:00,45.2800,down_natural,自然回升,68.8500,43.6300,62.2500,46.3100,66.5500,52.7400,62.3300,59.9800,60.4000,61.0700
600689SH,2026-03-27 14:59:00,12.9900,up_rally,回升,15.4200,12.9600,11.5900,14.6600,13.0700,13.2300,,14.5200,14.8200,15.1500
600699SH,2026-03-27 14:59:00,24.3600,down_natural,自然回升,33.5900,22.6800,29.2500,25.0000,31.7500,25.1400,29.2600,25.1400,28.4000,31.7200
600704SH,2026-03-27 14:59:00,5.1500,down_natural,自然回升,6.4400,4.8600,5.5400,5.2600,6.2000,5.3300,5.5500,5.6600,5.3800,5.5300
600706SH,2026-03-27 14:59:00,10.0800,down_natural,自然回升,13.5000,9.0800,10.2800,10.0900,11.6700,9.8600,10.2900,9.8800,10.0100,12.3400
600707SH,2026-03-27 14:59:00,5.7000,down,下跌趋势,7.2000,5.5900,6.3400,6.6000,7.0500,6.0800,6.3500,6.2000,6.1700,6.8500
600698SH,2026-03-27 14:59:00,8.7800,down_secondary,次级回升,11.2800,6.7300,9.7700,9.0000,10.6100,8.0000,9.8000,8.9700,9.4800,10.9900
600705SH,2025-05-26 15:00:00,3.4700,down,下跌趋势,4.0700,3.3400,3.5500,3.7800,3.8400,3.4900,3.6000,3.7300,3.5500,3.8000
600694SH,2026-03-27 14:59:00,16.4900,up_natural,自然回撤,20.3000,17.1200,16.0800,18.5700,19.4400,17.3300,,18.5600,24.1800,19.0800
600692SH,2026-03-27 14:59:00,8.1700,down_secondary,次级回升,8.8200,6.6600,7.0300,8.3000,7.6400,7.1600,7.0400,8.2100,6.8200,8.5200
600693SH,2026-03-27 14:59:00,11.0800,down_natural,自然回升,17.5000,10.3900,15.4600,11.2500,16.4600,12.3000,15.4600,12.4000,15.0000,15.4400
600708SH,2026-03-27 14:59:00,3.3600,down_natural,自然回升,4.7000,3.2000,4.0400,3.4600,4.3400,3.8800,4.0500,3.9200,3.9200,4.0500
600710SH,2026-03-27 14:59:00,12.3800,up_rally,回升,15.2100,7.1000,11.7100,8.3700,12.9400,7.6900,10.0000,9.1000,8.6600,9.2400
600703SH,2026-03-27 14:59:00,12.5700,down,下跌趋势,18.7700,12.1600,16.1000,14.3100,17.6600,13.4300,16.5400,13.4400,16.1000,16.9200
600695SH,2022-06-13 15:00:00,0.5100,down_natural,自然回升,3.7000,0.4800,2.6800,0.5300,3.0300,0.4900,2.7000,0.5300,2.6000,3.3800
600696SH,2026-03-27 14:59:00,1.7000,down_rally,回撤,2.2200,1.5700,1.9200,1.8200,2.2200,1.6500,1.9300,1.7100,1.9000,2.1200
600701SH,2021-04-30 15:00:00,0.4500,up,上升趋势,0.4500,0.3100,0.4000,0.3300,0.4500,0.3100,0.3800,0.3300,0.3600,0.3400
600697SH,2026-03-27 14:59:00,12.0800,down_natural,自然回升,15.8200,11.1800,14.5700,12.2600,15.5100,12.5600,14.5700,12.5700,14.1400,14.3500
600711SH,2026-03-27 14:59:00,12.4200,down_natural,自然回升,17.4400,10.6400,15.9300,12.5000,17.1600,13.7100,15.9500,13.7900,15.4600,16.4500
600712SH,2026-03-27 14:59:00,6.3500,down_natural,自然回升,7.7500,5.7400,6.3500,6.4800,6.8100,5.9300,6.3600,6.2000,6.1600,7.4600
600714SH,2026-03-27 14:59:00,18.6500,down_natural,自然回升,27.1800,17.7600,24.6500,19.5300,26.3600,18.8700,24.6500,19.1100,24.6500,14.2600
600713SH,2026-03-27 14:59:00,5.0900,down_natural,自然回升,5.7900,4.8100,5.3700,5.1200,5.7200,4.4500,5.3700,4.7500,5.2100,4.8900
600717SH,2026-03-27 14:59:00,4.6500,down_natural,自然回升,5.7200,4.3500,4.6000,4.8100,4.9500,4.4100,4.6100,4.8900,4.4700,5.0800
600715SH,2026-03-27 14:59:00,1.9900,up_rally,回升,2.6300,2.1300,1.9000,2.3700,2.0300,2.1900,,2.3500,2.5000,2.4300
600723SH,2021-10-21 15:00:00,8.9300,up_natural,自然回撤,9.4900,7.1100,8.7900,8.6900,,7.7800,,8.6800,7.8300,8.9500
600722SH,2026-03-27 14:59:00,17.5500,up_natural,自然回撤,18.9500,14.8800,17.4500,16.9000,17.9000,14.9900,,16.8400,17.2000,17.2000
600721SH,2026-03-27 14:59:00,10.0000,down_natural,自然回升,12.6000,8.4700,9.3200,10.1300,10.4500,8.5200,9.3500,8.9200,9.0500,10.0000
600730SH,2026-03-27 14:59:00,9.4500,down_natural,自然回升,15.9100,8.2000,11.4100,9.5200,12.3700,9.0000,11.4200,9.0300,11.1200,13.1700
600731SH,2026-03-27 14:59:00,7.2700,up_rally,回升,8.0600,6.6100,6.5400,7.7700,7.3200,7.2600,,7.7600,7.3900,7.9900
600729SH,2026-03-27 14:59:00,22.1400,up_natural,自然回撤,30.1000,24.8000,21.4700,27.8200,,25.8500,,27.6400,29.7100,28.4000
600716SH,2026-03-27 14:59:00,4.6000,down_secondary,次级回升,4.5000,3.5700,4.0700,4.9100,4.3500,4.1400,4.0800,4.6200,3.9500,4.9200
600726SH,2026-03-27 14:59:00,6.6800,up_rally,回升,7.1600,3.9600,6.5100,4.4200,7.0000,4.1300,5.3000,4.3900,4.1000,4.5300
600725SH,2026-03-27 14:59:00,4.4900,down_natural,自然回升,5.5500,4.1800,5.0100,4.5800,5.4000,3.6300,5.0300,3.9600,4.8600,4.0800
600733SH,2026-03-27 14:59:00,7.2300,down,下跌趋势,8.9000,7.0300,8.0200,8.3500,8.5500,7.7500,8.0300,7.8400,7.7800,8.6800
600732SH,2026-03-27 14:59:00,15.1900,up_secondary,次级回撤,15.7700,12.4700,13.8600,14.4000,15.7500,12.9600,14.7500,14.3000,13.8600,14.7400
600727SH,2026-03-27 14:59:00,7.8000,down_natural,自然回升,8.8900,6.6400,7.7000,7.8000,8.6100,6.7300,7.7500,6.7300,7.4800,8.1400
600720SH,2026-03-27 14:59:00,6.7600,down,下跌趋势,10.5400,6.5200,8.2000,9.4000,8.9200,7.5900,8.2000,8.6800,7.9800,8.4200
600728SH,2026-03-27 14:59:00,5.6300,down,下跌趋势,7.5100,5.4600,6.7600,6.6500,7.3300,6.1300,6.7700,6.2500,6.5600,7.2500
600719SH,2026-03-27 14:59:00,7.2700,up_natural,自然回撤,7.7700,5.5100,7.2000,6.6600,7.2700,6.3500,,6.7400,5.8800,6.8400
600724SH,2026-03-27 14:59:00,5.8000,down_natural,自然回升,7.1900,5.4400,6.3100,5.8800,6.8600,5.1600,6.3200,5.9400,6.1300,6.0900
600718SH,2026-03-27 14:59:00,9.0300,down_natural,自然回升,11.8700,8.6200,9.9900,9.1600,10.7400,9.6000,10.0000,10.7300,9.7000,10.7800
600734SH,2026-03-27 14:59:00,3.7900,down_natural,自然回升,6.5200,3.5800,6.0300,3.9200,6.4500,3.9200,6.0300,4.0900,6.0300,5.9300
600741SH,2026-03-27 14:59:00,18.0500,down,下跌趋势,21.5400,17.6200,19.1600,19.5700,20.8800,18.3600,19.1800,18.3800,18.6000,19.8800
600748SH,2026-03-27 14:59:00,5.3700,down_natural,自然回升,6.8000,4.5400,5.8300,5.3700,6.2200,4.8700,5.8300,4.8800,5.6800,6.3500
600754SH,2026-03-27 14:59:00,27.3600,up_rally,回升,28.9000,21.7000,25.5900,25.4000,28.3000,21.7300,26.5000,25.2100,25.6200,26.1400
600745SH,2026-03-27 14:59:00,32.6000,down_secondary,次级回升,50.8000,30.3800,34.5000,33.9800,47.8800,31.0500,35.4600,33.6800,34.5000,34.9400
600737SH,2026-03-27 14:59:00,14.3600,down,下跌趋势,19.0300,13.9700,16.2200,20.3100,18.2200,14.2800,16.3200,15.5100,15.8200,16.8000
600746SH,2026-03-27 14:59:00,8.3900,down_natural,自然回升,9.5400,7.6000,8.4300,8.5500,9.4000,7.9000,8.4400,7.9000,8.3700,8.1100
600755SH,2026-03-27 14:59:00,6.2400,down_natural,自然回升,8.7200,5.9500,7.1600,6.3400,7.7700,6.5100,7.1800,6.5300,6.9600,6.7700
600740SH,2026-03-27 14:59:00,4.7300,down_secondary,次级回升,5.4600,4.4200,4.5900,4.8900,5.2000,4.4600,4.6000,4.8000,4.5000,4.2800
600744SH,2026-03-27 14:59:00,8.4000,down_rally,回撤,9.7700,7.9000,8.6700,9.2000,9.5100,8.2100,8.8100,8.6300,8.4800,7.7500
600736SH,2026-03-27 14:59:00,6.1000,down_natural,自然回升,8.0400,5.7700,6.7300,6.1900,8.0000,6.0400,6.7500,6.4700,6.5300,6.6700
600757SH,2026-03-27 14:59:00,8.7000,up_natural,自然回撤,9.6800,8.2400,8.3800,9.1100,,8.6700,,9.2000,8.8100,9.3700
600751SH,2026-03-27 14:59:00,3.9300,down_natural,自然回升,4.4300,3.5700,4.0800,3.9900,4.3300,3.9000,4.0800,4.1400,3.9600,4.2100
600750SH,2026-03-27 14:59:00,25.8000,up_natural,自然回撤,27.7500,20.0800,25.1200,23.8300,25.0100,20.8300,,23.8100,24.9000,24.5400
600738SH,2026-03-27 14:59:00,4.8100,down_natural,自然回升,5.7400,4.4600,5.0400,4.8700,5.5900,4.8600,5.0500,5.2400,4.8900,5.3700
600743SH,2026-03-27 14:59:00,1.9400,down_natural,自然回升,2.3400,1.7700,2.1200,1.9700,2.3400,1.8700,2.1300,2.0400,2.0600,2.4600
600742SH,2026-03-27 14:59:00,10.2300,down_natural,自然回升,11.4800,9.4400,10.1100,10.4000,10.9000,9.1500,10.1900,9.7300,9.9000,9.9900
600749SH,2026-03-27 14:59:00,16.2100,down_natural,自然回升,27.8600,14.6500,20.4300,16.3000,25.5000,15.6100,20.4400,15.8000,19.9600,19.6900
600753SH,2026-03-27 14:59:00,11.9000,up_secondary,次级回撤,13.4200,6.6800,11.1500,8.7600,12.5000,7.6900,11.6700,8.7200,6.9400,9.0200
600739SH,2026-03-27 14:59:00,11.1000,down,下跌趋势,13.5800,10.7600,11.5500,13.0500,13.0700,11.1700,11.5600,12.4300,11.2100,10.4300
600764SH,2026-03-27 14:59:00,23.9700,down,下跌趋势,34.1800,22.9800,25.7600,32.2200,30.7700,29.0200,25.8100,32.1600,25.2500,33.1000
600756SH,2026-03-27 14:59:00,18.3200,down_break,破碎,25.5100,15.5000,23.1500,18.8800,25.2500,16.0200,23.1600,18.8300,22.5500,19.2400
600765SH,2026-03-27 14:59:00,16.3700,down,下跌趋势,22.0400,15.9500,19.2100,20.0800,20.5500,18.8000,19.2500,20.0600,18.6400,20.6700
600774SH,2026-03-27 14:59:00,8.7900,down_natural,自然回升,11.6400,8.0000,10.2700,8.8400,11.5500,9.2700,10.2900,9.9800,10.2700,9.8100
600759SH,2026-03-27 14:59:00,6.1800,down_rally,回撤,9.0900,5.8500,7.8800,6.2500,9.0600,5.9100,8.3000,6.2600,7.8800,6.3800
600767SH,2023-06-28 15:00:00,0.4200,down_rally,回撤,5.9900,0.3800,5.4500,0.4300,5.8200,0.4200,5.4500,0.4400,5.3800,0.4500
600758SH,2026-03-27 14:59:00,5.5300,up_break,破碎,6.2900,5.2200,5.6700,5.8300,6.2400,5.4600,5.6700,5.8600,5.5300,5.9500
600766SH,2024-07-02 15:00:00,0.4200,up_rally,回升,0.4200,0.3300,0.3900,0.3600,0.4200,0.3400,,0.3700,0.4000,0.3800
600760SH,2026-03-27 14:59:00,47.8200,down_natural,自然回升,67.8800,46.2100,59.1000,49.2000,66.2700,52.9000,59.2800,58.3400,57.3300,46.3000
600771SH,2026-03-27 14:59:00,16.9100,down_natural,自然回升,21.9500,15.5100,20.5000,17.3400,21.7500,16.2300,20.5000,18.8000,19.9000,18.7500
600773SH,2026-03-27 14:59:00,19.6300,up,上升趋势,20.0500,15.5300,,19.1800,,17.7600,,19.0800,16.0000,19.6800
600763SH,2026-03-27 14:59:00,41.9300,up_natural,自然回撤,52.2200,40.0900,40.0200,47.7400,51.6900,43.9000,,47.7000,43.4300,48.9700
600768SH,2026-03-27 14:59:00,17.0600,down_natural,自然回升,19.5800,14.8800,16.2700,17.2400,18.1700,11.6000,16.2900,12.7800,16.0000,13.1600
600761SH,2026-03-27 14:59:00,18.5800,down_natural,自然回升,24.3900,17.5000,22.5300,18.9800,23.9700,20.1000,22.5300,21.1500,21.9000,23.2500
600769SH,2026-03-27 14:59:00,13.6000,up,上升趋势,13.6000,11.7100,,13.0200,,12.1000,,12.9100,13.6000,13.3800
600770SH,2026-03-27 14:59:00,5.5900,down_rally,回撤,7.2900,5.1800,6.4800,5.7900,7.2200,5.4100,6.4900,5.4100,6.2900,6.9800
600782SH,2026-03-27 14:59:00,3.6100,down_natural,自然回升,4.3700,3.4700,3.9900,3.6900,4.2300,3.7000,3.9900,4.0100,3.9000,4.1400
600779SH,2026-03-27 14:59:00,32.8200,down,下跌趋势,45.8500,32.1000,35.4300,41.5800,37.5600,36.9500,35.4300,41.5000,34.4100,41.9900
600781SH,2023-06-27 15:00:00,0.7700,up_rally,回升,0.8400,0.7000,0.7400,0.7900,0.7900,0.7400,,0.7900,0.7400,0.8100
600775SH,2026-03-27 14:59:00,13.4000,down_rally,回撤,16.9900,13.0000,15.4000,14.0500,16.3600,13.0200,15.4000,13.1600,15.0000,15.3000
600777SH,2026-03-27 14:59:00,5.3900,up_natural,自然回撤,6.1600,3.4700,5.3600,4.5300,6.1500,3.8100,4.7400,4.4500,4.5800,4.6700
600780SH,2026-03-27 14:59:00,7.9900,up_natural,自然回撤,8.4500,4.9100,7.6700,6.7900,7.1000,5.0700,6.5700,6.7800,6.5400,6.9900
600776SH,2026-03-27 14:59:00,14.7600,down_natural,自然回升,27.0900,14.0000,24.7400,15.0600,27.0900,16.1100,24.7400,16.5800,24.7400,14.2700
600778SH,2026-03-27 14:59:00,6.5100,down_natural,自然回升,8.7200,5.9500,7.9800,6.5900,8.5400,6.6200,7.9800,6.7200,7.9800,7.5300
600784SH,2026-03-27 14:59:00,7.3200,down_natural,自然回升,8.0000,6.4300,6.9300,7.4700,7.6800,5.7600,6.9400,6.1800,6.8100,6.3500
600785SH,2026-03-27 14:59:00,17.5100,down_natural,自然回升,27.7600,16.4300,25.1800,17.9000,26.7600,20.0700,25.1800,21.9700,24.4500,22.4200
600790SH,2026-03-27 14:59:00,3.6900,up_rally,回升,4.4800,3.1700,3.4800,3.7800,3.7200,3.5400,3.5200,3.7800,3.4800,4.0000
600789SH,2026-03-27 14:59:00,8.2800,down,下跌趋势,11.4100,7.8700,10.2800,10.7700,11.3700,9.0100,10.3000,9.9300,9.9800,10.8900
600783SH,2026-03-27 14:59:00,20.6800,down_natural,自然回升,25.5300,19.4000,22.7600,21.0200,24.1400,20.7400,22.7600,22.2200,22.4300,39.4400
600787SH,2026-03-27 14:59:00,5.5300,down_natural,自然回升,9.3000,5.1800,7.6400,5.6600,8.3300,5.4400,7.6500,5.9800,7.4400,7.3600
600792SH,2026-03-27 14:59:00,5.1500,up,上升趋势,5.3900,4.4200,,5.0600,,4.6100,,5.0500,4.5300,5.2100
600791SH,2026-03-27 14:59:00,9.7300,down_break,破碎,9.6700,7.9300,8.9000,9.7000,9.6500,8.8000,8.9100,9.6800,8.7000,9.9200
600793SH,2026-03-27 14:59:00,18.5000,down_natural,自然回升,25.5700,17.0300,22.8000,18.6000,24.7600,18.8600,22.8700,19.1000,22.1300,25.3900
600794SH,2026-03-27 14:59:00,3.7600,down_rally,回撤,5.7300,3.5300,4.7800,3.9500,5.0900,3.7100,4.7800,3.7100,4.6500,4.2000
600804SH,2025-07-02 15:00:00,0.1400,down_secondary,次级回升,1.8100,0.1400,1.5200,0.1500,1.7600,0.1400,1.5400,0.1500,1.5200,0.1600
600802SH,2026-03-27 14:59:00,6.0500,down_rally,回撤,9.1200,5.3700,7.9500,6.2700,8.6800,5.8900,8.0000,5.8900,7.7400,6.6900
600801SH,2026-03-27 14:59:00,20.4600,down_natural,自然回升,26.4400,19.3600,24.2600,20.9000,25.8300,22.5200,24.2600,22.6200,23.5400,17.9500
600805SH,2026-03-27 14:59:00,5.5900,up_secondary,次级回撤,6.5300,3.7700,4.8900,4.8600,5.9400,4.5400,5.0200,4.8500,4.0000,4.9900
600803SH,2026-03-27 14:59:00,22.3700,up_secondary,次级回撤,24.5500,17.9200,20.5600,19.3200,24.0000,17.9200,21.2700,19.3000,20.5600,19.8900
600807SH,2026-03-27 14:59:00,3.1700,down_natural,自然回升,3.7900,2.8400,3.2800,3.1900,3.5800,3.1300,3.2900,3.2400,3.1900,3.4900
600796SH,2026-03-27 14:59:00,6.6400,down_natural,自然回升,7.2900,5.9800,6.6600,6.8800,7.2000,6.2300,6.6700,6.6800,6.5000,6.8800
600808SH,2026-03-27 14:59:00,3.7500,down_rally,回撤,4.5400,3.4700,3.7700,3.8600,4.3500,3.5900,3.7800,3.6200,3.7000,3.2400
600809SH,2026-03-27 14:59:00,148.4700,down,下跌趋势,212.5000,146.5500,181.8900,183.9700,203.5800,161.0000,182.0000,172.0200,176.5000,189.5800
600798SH,2026-03-27 14:59:00,3.9000,down_natural,自然回升,4.6400,3.5000,3.9100,4.0000,4.2500,3.5000,3.9200,3.8500,3.8000,3.9100
600795SH,2026-03-27 14:59:00,5.0200,up_secondary,次级回撤,6.0400,4.0700,4.5300,4.6400,5.2800,4.2100,4.8200,4.6300,5.4300,4.7700
600812SH,2026-03-27 14:59:00,5.3400,down_natural,自然回升,7.4600,5.0100,5.7000,5.3400,6.2900,5.4300,5.7100,5.7000,5.5300,6.5700
600815SH,2026-03-27 14:59:00,4.2500,down_natural,自然回升,4.7200,3.8000,4.1400,4.3200,4.4200,3.1900,4.1400,3.3900,4.1400,3.4500
600818SH,2026-03-27 14:59:00,8.8100,down_natural,自然回升,12.0700,8.3100,11.2400,9.0000,11.9500,8.9700,11.2400,8.9800,10.9200,10.6600
600817SH,2026-03-27 14:59:00,10.9200,down_natural,自然回升,14.3000,10.5300,11.1900,11.2100,11.9700,10.5700,11.2000,12.5000,10.8600,12.2600
600819SH,2026-03-27 14:59:00,7.3700,down_natural,自然回升,9.2400,7.0200,8.6700,7.4800,9.2900,7.5600,8.7100,8.3000,8.4200,10.0900
600800SH,2026-03-27 14:59:00,5.1000,up_secondary,次级回撤,5.5500,2.2400,3.9100,2.7600,5.5000,2.5800,5.0900,2.7700,2.9700,2.9900
600797SH,2026-03-27 14:59:00,8.9200,down_rally,回撤,11.6500,8.5500,10.4100,9.3200,11.1200,8.6600,10.4200,8.7000,10.1000,11.1700
600820SH,2026-03-27 14:59:00,6.0500,down,下跌趋势,8.1700,5.8700,6.2300,6.3900,6.8300,5.8700,6.2400,6.3600,6.0600,6.4700
600822SH,2026-03-27 14:59:00,10.1700,down_natural,自然回升,12.2800,9.3000,10.8100,10.2000,11.7800,10.5100,10.8300,11.1800,10.4900,11.5400
600821SH,2026-03-27 14:59:00,10.0800,down,下跌趋势,11.6500,9.8300,10.7100,10.2800,11.7000,9.5800,10.7200,10.4500,10.4100,10.6500
600810SH,2026-03-27 14:59:00,8.0300,down_natural,自然回升,11.8800,7.3300,7.9800,8.1400,9.1000,9.8000,7.9900,10.6000,7.8300,10.8600
600814SH,2026-03-27 14:59:00,7.6300,down_natural,自然回升,11.1800,7.1200,10.2800,7.6900,11.0900,7.9400,10.3900,8.6700,10.2800,8.9100
600811SH,2025-04-29 15:00:00,0.3600,down,下跌趋势,2.3300,0.3500,2.1600,1.1300,2.3100,1.0200,2.1700,1.0200,2.1300,2.2300
600823SH,2024-06-13 15:00:00,0.4300,down,下跌趋势,1.7700,0.4300,1.2200,1.2200,1.3400,0.9900,1.2300,1.0500,1.1900,1.2500
600826SH,2026-03-27 14:59:00,9.7300,up_rally,回升,13.0600,10.2000,9.2200,12.6400,10.0100,11.6500,,12.5300,11.3100,13.0000
600827SH,2026-03-27 14:59:00,8.3500,down,下跌趋势,12.7700,8.0800,10.5900,10.4800,11.6200,8.4600,10.6600,9.7300,10.3700,10.5900
600816SH,2026-03-27 14:59:00,2.5800,down,下跌趋势,3.9100,2.5000,3.5300,3.2100,3.8700,2.7900,3.5800,3.0000,3.5300,2.9700
600824SH,2026-03-27 14:59:00,4.0100,down_natural,自然回升,5.4000,3.7900,4.4800,4.0600,4.9600,4.0000,4.4900,4.8400,4.3500,4.9500
600825SH,2026-03-27 14:59:00,5.6500,up_secondary,次级回撤,8.1000,6.6600,5.2200,7.3600,8.0500,6.9000,5.3600,7.5500,7.0200,7.5800
600828SH,2026-03-27 14:59:00,5.4700,down_natural,自然回升,7.8500,5.3100,7.0000,5.6400,7.6000,5.6300,7.0500,6.1700,6.8000,7.7800
600830SH,2026-03-27 14:59:00,8.9400,down_natural,自然回升,11.9900,8.4000,10.5700,8.9700,11.3600,9.0000,10.5800,9.7400,10.2700,9.2200
600837SH,2025-03-03 15:00:00,10.4100,down_natural,自然回升,13.1900,10.1400,11.1000,10.9500,12.1000,7.9900,11.1100,8.6100,10.7700,8.8300
600839SH,2026-03-27 14:59:00,8.7300,down,下跌趋势,11.2600,8.4400,9.4500,10.4900,10.4600,9.8300,9.4600,10.8400,9.2000,11.0000
600841SH,2026-03-27 14:59:00,8.7400,down_natural,自然回升,11.3200,7.6600,9.9200,8.8400,11.1400,8.7000,9.9300,8.7500,9.8900,7.7000
600844SH,2026-03-27 14:59:00,4.9900,up_rally,回升,4.9900,3.5800,4.6700,4.2400,4.9900,3.8500,,4.2300,3.9300,4.3600
600843SH,2026-03-27 14:59:00,9.3800,down,下跌趋势,13.2100,9.0900,11.8100,11.6500,12.6400,10.9500,11.8200,10.9500,11.5000,11.5700
600846SH,2026-03-27 14:59:00,12.3400,down_natural,自然回升,18.3700,11.6900,15.4700,12.5000,16.4000,12.3600,15.4700,13.2300,15.0100,8.0700
600845SH,2026-03-27 14:59:00,22.1100,down_secondary,次级回升,38.7200,19.6100,31.7000,26.0800,34.9000,20.3400,31.7300,22.4400,30.7600,26.6800
600833SH,2026-03-27 14:59:00,11.9600,down_natural,自然回升,16.0500,11.0500,13.2500,12.0100,14.6400,12.6100,13.3100,13.1300,13.2500,14.0000
600831SH,2026-03-27 14:59:00,3.9100,down_rally,回撤,4.9000,3.5800,4.4600,4.1800,4.7500,3.8500,4.4600,3.9200,4.3400,4.7200
600834SH,2026-03-27 14:59:00,8.2600,down_secondary,次级回升,10.6800,7.0000,8.4200,9.8200,9.3100,7.6600,8.4300,8.3000,8.1700,8.9900
600829SH,2026-03-27 14:59:00,10.0000,down_natural,自然回升,13.1600,9.3000,10.9900,10.0200,11.9800,9.9700,11.0300,9.9700,10.7000,13.0000
600836SH,2024-07-10 15:00:00,0.4500,down,下跌趋势,1.8300,0.4500,1.5100,1.0100,1.7500,0.8600,1.5300,0.9400,1.4800,1.7500
600835SH,2026-03-27 14:59:00,21.6900,down_rally,回撤,33.8000,20.6200,29.6800,22.4800,31.7500,21.0800,29.7100,21.0800,28.8000,27.5600
600838SH,2026-03-27 14:59:00,10.4900,down_natural,自然回升,15.4600,9.6200,13.5700,10.8000,15.0000,10.3600,13.9700,10.7000,13.5700,13.2200
600847SH,2026-03-27 14:59:00,13.8600,down_natural,自然回升,15.6000,12.9200,14.0000,14.1000,15.3600,13.2100,14.0100,13.7100,13.6000,14.1400
600848SH,2026-03-27 14:59:00,9.9900,down,下跌趋势,14.1900,9.6200,11.0000,10.0700,12.6000,9.2800,11.0100,9.8700,10.6800,10.3400
600850SH,2026-03-27 14:59:00,22.8500,down,下跌趋势,35.9800,21.8700,28.5000,27.6900,31.1000,25.7000,28.5100,25.9500,27.8000,28.1900
600851SH,2026-03-27 14:59:00,8.0000,up_secondary,次级回撤,9.1800,6.2900,7.1300,7.3700,8.2300,6.5500,7.7100,7.3500,6.6900,7.5700
600854SH,2026-03-27 14:59:00,5.1500,down_natural,自然回升,5.7400,4.6100,5.2000,5.2100,5.6200,4.8000,5.2100,5.4800,5.0600,5.5200
600855SH,2026-03-27 14:59:00,16.8300,down_natural,自然回升,30.0000,15.9600,23.8100,17.2600,25.3000,18.3600,23.8100,18.3600,23.8100,21.9000
600858SH,2026-03-27 14:59:00,5.8900,down_natural,自然回升,7.7600,5.4300,6.4700,5.9700,7.1800,6.6100,6.4900,7.3300,6.2800,7.5800
600859SH,2026-03-27 14:59:00,12.2800,down,下跌趋势,17.3300,11.8800,16.2000,17.6900,17.2300,12.3400,16.2000,16.9800,15.7300,13.9200
600857SH,2026-03-27 14:59:00,12.1600,down_natural,自然回升,17.9900,11.1100,15.9300,12.2800,17.9900,13.5400,16.4500,13.9600,15.4800,10.5000
600861SH,2026-03-27 14:59:00,16.2400,down,下跌趋势,22.7700,15.7800,20.2000,20.1500,21.5700,17.6200,20.2100,18.9400,19.6200,21.8000
600862SH,2026-03-27 14:59:00,21.3100,down_rally,回撤,27.8100,20.5200,24.4800,28.1700,25.9500,20.6500,24.4800,28.0500,23.7800,28.5000
600865SH,2026-03-27 14:59:00,11.1700,down_natural,自然回升,18.8300,10.5400,13.4400,11.3000,15.8000,16.6000,13.4600,17.8500,13.1100,18.1700
600866SH,2026-03-27 14:59:00,7.3200,up_rally,回升,8.2600,6.5800,6.8900,7.5700,7.4000,7.0800,,7.5600,7.2300,7.7600
600863SH,2026-03-27 14:59:00,5.3300,up_rally,回升,5.5100,3.7000,5.0200,4.0800,5.4400,3.7600,,4.0700,4.2100,4.1900
600864SH,2026-03-27 14:59:00,6.9100,down_natural,自然回升,8.7500,6.1300,7.7200,7.0100,8.3200,6.2400,7.7300,6.3400,7.4900,6.3300
600853SH,2026-03-27 14:59:00,3.9300,down_natural,自然回升,5.0300,3.6600,4.0000,3.9400,4.4100,3.8400,4.0100,4.1000,3.9300,4.2100
600860SH,2026-03-27 14:59:00,11.4400,down,下跌趋势,16.5800,11.2300,14.6300,12.2200,15.8900,11.4500,14.6500,11.4800,14.2200,15.1200
600856SH,2022-06-21 15:00:00,0.2700,down_rally,回撤,0.3000,0.2600,0.2700,0.2800,0.2900,0.2600,0.2700,0.2600,0.2700,0.2900
600868SH,2026-03-27 14:59:00,4.0600,down_rally,回撤,5.4300,3.3400,4.7900,4.2600,5.2500,4.0000,4.8300,4.0000,4.6500,4.1700
600870SH,2022-06-29 15:00:00,0.6000,up_natural,自然回撤,0.6300,0.5200,0.5800,0.5600,,0.5200,,0.5600,0.5700,0.5700
600869SH,2026-03-27 14:59:00,14.1400,up_rally,回升,14.8400,12.8000,11.9400,14.0300,14.4500,12.9800,13.2000,13.8400,11.9400,14.4300
600872SH,2026-03-27 14:59:00,18.8800,down_secondary,次级回升,25.1600,16.7200,19.8800,19.2600,22.2600,17.6500,20.4800,19.0400,19.3200,19.4600
600873SH,2026-03-27 14:59:00,11.5700,down_secondary,次级回升,11.7700,9.9000,10.4200,13.2400,11.6400,10.8900,10.4300,11.7200,10.1300,10.0700
600871SH,2026-03-27 14:59:00,2.9800,down_natural,自然回升,4.4200,2.8000,3.6500,2.9900,4.0400,3.0400,3.7200,3.0400,3.6500,3.2400
600874SH,2026-03-27 14:59:00,6.3200,up_rally,回升,6.7000,4.6000,5.8700,6.3500,6.5000,6.1900,5.9200,6.5700,6.2700,6.5900
600876SH,2026-03-27 14:59:00,10.6700,up_secondary,次级回撤,11.6800,10.0800,10.2200,11.0600,11.5300,10.2800,10.4000,11.0300,11.7000,11.3900
600867SH,2026-03-27 14:59:00,8.8900,up_rally,回升,9.6700,7.0000,8.0300,8.1900,8.9200,7.5600,8.1400,8.1800,8.0300,8.4200
600875SH,2026-03-27 14:59:00,36.1100,down_rally,回撤,45.3800,35.2200,37.1000,39.3800,40.6500,35.6300,37.7500,37.0100,36.4000,25.1000
600877SH,2026-03-27 14:59:00,15.8300,down_natural,自然回升,25.9100,15.1400,23.8700,16.2000,25.6200,17.4500,23.8800,17.4500,23.3900,22.9300
600881SH,2026-03-27 14:59:00,1.6800,down_natural,自然回升,2.2500,1.5400,2.0300,1.7100,2.2000,1.6800,2.0400,1.7100,1.9700,2.0200
600883SH,2026-03-27 14:59:00,8.0200,down_natural,自然回升,9.0300,7.3100,8.1400,8.1800,8.6800,7.5600,8.1400,9.0300,7.9000,8.8700
600886SH,2026-03-27 14:59:00,14.6400,down_secondary,次级回升,16.1500,12.7000,14.6400,15.1500,16.1000,14.0900,14.7500,14.9600,14.2100,15.3500
600890SH,2022-06-20 15:00:00,0.3600,up,上升趋势,0.3600,0.2900,0.3100,0.3200,0.3500,0.2900,,0.3100,0.3300,0.3300
600891SH,2021-05-11 15:00:00,0.3800,down,下跌趋势,0.4500,0.3800,0.4100,0.3900,0.4400,0.3500,0.4100,0.3800,0.4000,0.4000
600888SH,2026-03-27 14:59:00,8.2300,up_rally,回升,10.1500,6.0600,7.7300,8.6600,8.3800,7.8700,8.6600,8.6300,7.5000,8.8600
600887SH,2026-03-27 14:59:00,26.1700,down_rally,回撤,33.8000,23.7700,24.7200,30.4800,26.5800,25.3500,24.7400,27.0500,24.0100,31.1200
600889SH,2026-03-27 14:59:00,14.2700,down,下跌趋势,18.8400,13.7500,15.5800,15.3900,17.3700,14.3700,15.6000,15.3000,15.2300,15.8200
600879SH,2026-03-27 14:59:00,21.2300,down_natural,自然回升,31.4600,20.4000,27.6500,21.8800,29.4500,20.6600,27.6500,20.6600,26.8800,27.2800
600892SH,2026-03-27 14:59:00,3.6000,up_rally,回升,4.0400,3.2000,3.4400,3.4400,3.6500,3.2100,3.5300,3.4200,3.4400,3.5200
600880SH,2026-03-27 14:59:00,4.8500,down_natural,自然回升,7.8300,4.5800,7.1700,4.9200,7.6300,5.0400,7.1700,5.1100,7.0000,6.4300
600882SH,2026-03-27 14:59:00,19.0800,down,下跌趋势,29.9100,18.6600,22.2500,27.5000,23.7000,25.4400,22.2600,27.4000,21.6100,28.3000
600885SH,2026-03-27 14:59:00,28.2000,up_natural,自然回撤,33.5400,27.6200,26.8000,32.4700,33.5300,30.3300,,32.4500,30.1600,33.3600
600884SH,2026-03-27 14:59:00,13.6400,down_secondary,次级回升,14.6900,12.6600,13.1000,16.2800,14.2000,12.7200,13.1200,13.7200,12.8000,14.1000
600897SH,2026-03-27 14:59:00,15.7000,down_natural,自然回升,18.7500,14.9500,16.3400,16.1500,18.3600,15.6700,16.4300,19.4200,15.8500,22.4400
600894SH,2026-03-27 14:59:00,8.7200,down_natural,自然回升,14.8700,8.3400,12.2000,8.9600,13.7900,8.9500,12.2100,9.2800,11.8600,10.9300
600906SH,2026-03-27 14:59:00,6.3700,down,下跌趋势,8.1000,6.1500,7.0100,7.1700,7.4400,6.6500,7.0100,6.7300,6.8000,7.0400
600908SH,2026-03-27 14:59:00,5.8600,down_secondary,次级回升,6.4300,5.2200,5.6700,6.6500,6.0900,5.5500,5.6900,5.9500,5.5000,5.5300
600901SH,2026-03-27 14:59:00,6.4900,up_rally,回升,7.2600,4.5600,4.0200,5.1800,6.6900,4.7100,5.8800,5.1700,5.8800,5.3300
600896SH,2022-07-22 15:00:00,1.1200,up_rally,回升,1.1700,0.8800,0.9800,1.0200,1.1700,0.9300,,1.0000,4.8900,1.0400
600895SH,2026-03-27 14:59:00,34.9100,up_natural,自然回撤,49.3400,37.0300,33.9000,40.3200,44.2300,37.8900,,40.2600,46.1600,40.9900
600898SH,2025-02-07 15:00:00,0.7400,down,下跌趋势,2.1700,0.7400,1.7700,1.5600,1.9000,1.4600,1.7800,1.4600,1.7200,1.1200
600905SH,2026-03-27 14:59:00,4.4300,up,上升趋势,4.6700,4.0500,,4.4600,,4.2300,,4.4900,5.7000,4.5800
600903SH,2026-03-27 14:59:00,6.5200,down,下跌趋势,7.7000,6.2300,6.7800,7.3400,7.3600,6.7200,6.7900,7.3000,6.5800,7.5100
600916SH,2026-03-27 14:59:00,9.4200,down_natural,自然回升,12.4900,8.8500,10.4600,9.5600,11.1300,11.5500,10.4600,12.2500,10.1500,12.2800
600909SH,2026-03-27 14:59:00,5.6200,down,下跌趋势,7.0100,5.4700,6.4800,7.7500,6.9300,6.2400,6.4900,7.6900,6.2900,7.8500
600918SH,2026-03-27 14:59:00,6.1300,down_secondary,次级回升,8.5900,5.3000,7.5500,7.7500,8.3600,5.7500,7.5600,7.4400,7.3400,7.2200
600917SH,2026-03-27 14:59:00,5.5700,down_secondary,次级回升,6.6400,5.1900,5.9200,6.9700,6.5800,5.2700,5.9300,6.5100,5.7500,5.6100
600893SH,2026-03-27 14:59:00,47.8600,up_secondary,次级回撤,63.7800,36.2000,46.3200,45.8800,50.4600,40.1100,46.8000,44.6300,37.8000,46.9600
600919SH,2026-03-27 14:59:00,10.8100,up_rally,回升,12.6400,8.9400,9.6500,9.8000,11.0000,9.0800,9.8700,9.7900,9.6500,10.0900
600900SH,2026-03-27 14:59:00,27.2600,down_natural,自然回升,31.4400,25.3800,26.7800,27.6500,31.1900,18.9000,26.7900,20.2700,25.9800,20.8500
600925SH,2026-03-27 14:59:00,4.8700,down_natural,自然回升,5.6800,4.5100,4.6900,5.0200,5.6300,5.0800,4.7000,5.4900,4.5500,5.6600
600930SH,2026-03-27 14:59:00,6.7700,down,下跌趋势,7.8800,6.7500,7.0300,,7.5400,,7.0300,,6.8300,
600927SH,2026-03-27 14:59:00,13.8400,down,下跌趋势,16.9600,13.6600,15.6700,15.4400,16.9600,14.5100,15.6900,14.5100,15.2000,16.1700
600926SH,2026-03-27 14:59:00,16.6000,up_secondary,次级回撤,17.8500,9.5500,14.9300,11.1000,17.4300,10.3800,16.0500,11.0800,13.5700,11.4300
600928SH,2026-03-27 14:59:00,3.6300,down_natural,自然回升,4.5600,3.4300,3.8400,3.6700,4.2100,3.6100,3.8500,3.7100,3.7300,4.0600
600929SH,2026-03-27 14:59:00,5.9200,up_rally,回升,6.6500,4.7900,5.4800,5.5200,6.0700,5.1500,5.9500,5.4900,5.5500,5.6800
600933SH,2026-03-27 14:59:00,16.9400,down,下跌趋势,20.4000,16.2600,18.5300,18.3700,19.9000,16.6200,18.5600,17.2600,17.9800,24.4900
600935SH,2026-03-27 14:59:00,2.9900,down_secondary,次级回升,3.4400,2.6200,3.1400,3.1000,3.4000,2.9100,3.1500,3.1000,3.0800,2.9200
600955SH,2026-03-27 14:59:00,17.0500,down_natural,自然回升,22.0000,14.8500,19.3400,17.0500,20.7400,18.6100,19.3700,20.7500,18.8500,21.4500
600939SH,2026-03-27 14:59:00,3.0300,down_natural,自然回升,4.8100,2.8100,3.9200,3.1000,4.3000,3.0200,4.0000,3.3200,3.8200,4.2000
600936SH,2026-03-27 14:59:00,3.8400,down_natural,自然回升,5.0600,3.6400,4.1800,3.9400,4.5700,3.8400,4.1900,3.8400,4.0600,4.5800
600956SH,2026-03-27 14:59:00,9.6300,down_rally,回撤,11.2400,9.2000,9.7000,10.6200,10.7000,9.3500,9.7100,9.9400,9.5000,8.3800
600958SH,2026-03-27 14:59:00,9.1100,down_rally,回撤,11.5200,7.1900,9.9100,12.0200,10.6100,8.9600,9.9600,11.4500,9.6200,12.3500
600938SH,2026-03-27 14:59:00,41.0500,up_secondary,次级回撤,44.5400,23.1100,38.6000,27.8600,43.2000,25.4100,39.5200,27.8500,38.6000,28.6700
600941SH,2026-03-27 14:59:00,93.4200,down_natural,自然回升,119.5100,91.5100,104.6000,98.8800,118.6800,,104.8000,,101.5100,
600959SH,2026-03-27 14:59:00,3.8800,down_natural,自然回升,4.8300,3.6400,3.8000,3.9700,4.2000,3.5800,3.8700,3.9200,3.6900,4.0400
600965SH,2026-03-27 14:59:00,5.6300,down_natural,自然回升,6.7000,5.0300,5.9400,5.6600,6.6600,5.6800,5.9500,5.8000,5.7800,6.3500
600960SH,2026-03-27 14:59:00,5.1400,down_rally,回撤,6.3900,4.6800,5.2800,5.3600,5.8900,4.9200,5.2900,5.0300,5.1300,5.9500
600962SH,2026-03-27 14:59:00,19.7300,down_natural,自然回升,25.8000,17.9600,23.3300,19.7500,24.9800,19.4000,23.4700,23.4300,22.6500,25.8900
600963SH,2026-03-27 14:59:00,4.8500,down_natural,自然回升,6.6700,4.4900,5.7200,4.9000,6.3000,5.1800,5.7300,5.1800,5.5700,4.9900
600966SH,2026-03-27 14:59:00,6.7400,down_natural,自然回升,8.9800,6.4300,7.9200,6.8600,8.6900,7.6900,7.9300,8.0500,7.7200,5.3100
600967SH,2026-03-27 14:59:00,14.8900,down_secondary,次级回升,21.4000,13.6200,16.4000,16.0200,18.3700,14.3200,16.4100,15.2000,15.9400,20.5800
600961SH,2026-03-27 14:59:00,17.2200,down_secondary,次级回升,26.2400,15.9600,22.3900,17.4900,23.9900,16.1700,22.4000,17.3900,21.8100,21.5600
600968SH,2026-03-27 14:59:00,4.6500,down_secondary,次级回升,4.9000,4.1200,4.5800,5.7300,4.8700,4.3800,4.5800,4.6900,4.4500,5.8000
600970SH,2026-03-27 14:59:00,10.0300,up_rally,回升,11.6100,8.2500,9.6500,10.0500,10.4200,8.5100,,10.0300,9.4300,10.3500
600969SH,2026-03-27 14:59:00,10.7300,up_rally,回升,11.0800,9.3800,9.6400,10.6100,10.9500,9.9000,,10.5700,11.5500,10.9100
600971SH,2026-03-27 14:59:00,7.8000,up,上升趋势,8.2000,6.2000,7.3100,7.2300,8.1800,6.4800,7.4300,7.2200,6.8300,7.4200
600978SH,2021-03-19 15:00:00,0.5200,down,下跌趋势,1.0300,0.5200,0.9000,0.9700,1.0000,0.8600,0.9100,0.9500,0.8900,0.9900
600973SH,2026-03-27 14:59:00,6.6700,down_natural,自然回升,9.3800,6.0700,7.4300,6.7400,7.9300,6.7700,7.4500,7.2200,7.2100,4.7300
600976SH,2026-03-27 14:59:00,33.3400,down_natural,自然回升,48.1400,31.0300,44.4400,33.6900,47.5200,33.5400,44.4400,33.7100,43.1500,43.7200
600980SH,2026-03-27 14:59:00,21.6900,down_natural,自然回升,27.0500,20.0500,23.1300,21.7800,24.6500,23.3600,23.1300,25.6000,22.4400,26.4000
600983SH,2026-03-27 14:59:00,10.3200,down_natural,自然回升,12.8200,9.9800,11.3300,10.6400,12.7000,10.0200,11.3400,10.7400,11.0100,11.0800
600985SH,2026-03-27 14:59:00,14.0100,up_secondary,次级回撤,14.6700,11.0200,13.2000,12.7600,14.5300,11.8000,13.6200,12.7500,11.8500,13.1200
600986SH,2026-03-27 14:59:00,9.7000,down_natural,自然回升,16.4800,9.2600,14.5300,9.8500,15.5100,10.5900,14.5400,10.7600,14.4000,14.4200
600988SH,2026-03-27 14:59:00,39.8000,down_break,破碎,51.5000,33.0800,45.6000,39.6000,49.9500,36.6500,45.6000,39.4900,45.6000,40.1300
600989SH,2026-03-27 14:59:00,30.0300,down,下跌趋势,36.4900,29.1700,30.9200,15.0000,33.4800,14.0200,31.0800,15.1600,30.5900,15.2600
600987SH,2026-03-27 14:59:00,7.2900,down_natural,自然回升,8.8400,6.8800,7.8500,7.3800,8.4900,7.6000,7.9100,7.6800,7.6200,7.8400
600990SH,2026-03-27 14:59:00,22.5600,down_rally,回撤,38.2800,21.7600,26.2800,23.8000,28.6400,22.0100,26.3000,22.3600,25.5100,34.1900
600975SH,2026-03-27 14:59:00,5.3900,down,下跌趋势,7.0500,5.1800,5.6400,6.7000,6.0400,6.1700,5.6500,6.6700,5.5100,6.9000
600992SH,2026-03-27 14:59:00,12.1700,down_natural,自然回升,17.3000,11.5000,13.5000,12.2600,15.8600,12.4200,13.5600,14.7400,13.1000,15.0700
600977SH,2026-03-27 14:59:00,13.2200,down_natural,自然回升,20.7600,12.4000,19.0000,13.2600,20.3000,16.7000,19.0100,16.7000,18.6700,17.6800
600981SH,2026-03-27 14:59:00,3.1500,down_natural,自然回升,3.5500,2.8800,3.2600,3.2100,3.5100,3.0800,3.2700,3.2000,3.1700,3.4400
600982SH,2026-03-27 14:59:00,7.3500,up_rally,回升,7.4000,4.2800,6.2800,5.0400,7.3500,4.2800,,5.0300,4.7700,5.1500
600984SH,2026-03-27 14:59:00,4.0500,down_natural,自然回升,5.3100,3.7100,4.4800,4.0800,4.8700,4.3500,4.4900,4.4400,4.3800,4.7700
600979SH,2026-03-27 14:59:00,5.6100,up_natural,自然回撤,5.9900,4.3600,5.5000,4.7500,5.9900,4.4200,5.1800,4.7400,4.6100,4.8800
600993SH,2026-03-27 14:59:00,25.4600,down,下跌趋势,30.1800,24.6100,26.9500,29.2500,28.7900,26.7900,26.9600,29.2400,26.1500,30.0900
600997SH,2026-03-27 14:59:00,6.6700,up_secondary,次级回撤,7.5400,5.6200,5.6600,6.2900,7.1000,5.9100,6.2400,6.2700,5.9100,6.4600
600995SH,2026-03-27 14:59:00,15.3100,up_secondary,次级回撤,17.0000,8.7700,14.6500,10.4800,16.8600,9.6200,15.2100,10.4700,12.1300,10.7600
600996SH,2026-03-27 14:59:00,10.0200,up,上升趋势,10.0200,8.6600,8.8800,9.2700,10.0200,8.6900,9.0600,9.2600,10.6400,9.5300
600999SH,2026-03-27 14:59:00,15.3200,down,下跌趋势,20.2500,14.9300,16.7100,17.8400,17.7400,16.2000,16.7100,16.7600,16.2100,19.2800
601003SH,2026-03-27 14:59:00,4.5600,down_natural,自然回升,5.8000,4.2800,5.1100,4.6300,5.7300,4.8800,5.1200,5.2500,4.9600,5.4000
600998SH,2026-03-27 14:59:00,5.0900,down_secondary,次级回升,8.9500,4.4000,7.7000,6.0000,8.6200,4.5700,7.7100,5.8400,7.4700,7.4900
601008SH,2026-03-27 14:59:00,4.9800,up_rally,回升,6.2400,5.0300,4.6200,5.5300,5.0500,5.1400,,5.4700,5.7300,5.6900
601009SH,2026-03-27 14:59:00,11.2200,up_secondary,次级回撤,12.2000,7.0300,10.2900,10.5300,11.5900,9.3600,10.8400,10.5200,10.2900,10.8400
601012SH,2026-03-27 14:59:00,18.5200,down_secondary,次级回升,23.5700,17.1000,20.2200,20.0500,23.1100,17.5800,20.2400,19.6000,19.6500,19.4500
601016SH,2026-03-27 14:59:00,4.9300,up_break,破碎,5.7300,3.9500,5.0100,4.6800,5.6900,4.1600,5.0400,4.6500,4.8600,4.8200
601015SH,2026-03-27 14:59:00,5.0100,down,下跌趋势,5.8800,4.9500,5.4100,5.6100,5.8300,5.0000,5.4100,5.5000,5.4100,5.5500
601005SH,2026-03-27 14:59:00,1.4400,down_natural,自然回升,1.7900,1.3700,1.5800,1.4600,1.6800,1.4100,1.5800,1.6300,1.5500,1.6800
601001SH,2026-03-27 14:59:00,16.7200,up_natural,自然回撤,19.1300,13.1000,16.4100,14.9000,18.9800,13.7800,,14.8800,13.3000,15.2900
601000SH,2026-03-27 14:59:00,4.2700,up_rally,回升,4.4500,3.7700,4.1400,4.1300,4.4500,3.7800,,4.1200,4.1700,4.2500
601007SH,2026-03-27 14:59:00,8.1300,down_natural,自然回升,8.6300,7.1800,7.7000,8.2700,8.3600,7.6100,7.7100,8.1200,7.4700,8.1700
601006SH,2026-03-27 14:59:00,5.3300,down_natural,自然回升,7.8200,4.9500,7.2300,5.4300,7.7000,6.1500,7.2300,6.8500,7.0300,7.7000
601002SH,2026-03-27 14:59:00,5.4300,down_natural,自然回升,5.7900,4.8100,5.1700,5.6500,5.6800,5.0600,5.2100,5.4900,5.0300,5.6300
601011SH,2026-03-27 14:59:00,3.7400,down_natural,自然回升,4.1100,3.3300,3.4700,3.8500,3.9800,3.3900,3.5300,3.4000,3.3800,3.6700
601010SH,2026-03-27 14:59:00,2.2500,down_natural,自然回升,3.2100,2.1000,2.8000,2.2900,3.1300,2.7000,2.8100,2.7800,2.7200,3.0700
601026SH,2026-03-27 14:59:00,19.6600,down,下跌趋势,23.1600,19.2200,21.3000,,22.9100,,21.3100,,20.7000,
601019SH,2026-03-27 14:59:00,8.6900,down,下跌趋势,9.5400,8.2200,8.9000,9.1700,9.4400,8.6100,8.9000,8.6100,8.6500,9.1000
601022SH,2026-03-27 14:59:00,9.1700,down_natural,自然回升,11.2400,8.5200,9.6400,9.3200,10.2900,9.3000,9.6500,10.0700,9.3700,10.3900
601018SH,2026-03-27 14:59:00,4.1200,up_rally,回升,4.3500,3.3800,3.9200,4.2100,4.2100,4.0200,,4.2800,3.4100,4.3000
601021SH,2026-03-27 14:59:00,46.4700,down_natural,自然回升,60.4800,43.0800,52.0100,47.1900,60.3700,46.6000,52.0600,47.1800,50.5600,56.8000
601033SH,2026-03-27 14:59:00,16.1800,up_rally,回升,17.2300,,14.7800,,16.6300,,15.2900,,15.1300,
601038SH,2026-03-27 14:59:00,12.8600,up_break,破碎,15.8400,12.3500,12.5200,14.6700,13.3500,12.4700,12.5400,14.6600,12.3800,15.0900
601058SH,2026-03-27 14:59:00,13.2900,down_natural,自然回升,18.0500,12.6100,15.8100,13.7000,16.8800,13.9200,15.8500,13.9200,15.3500,16.9300
601077SH,2026-03-27 14:59:00,7.0000,up,上升趋势,7.2000,6.0200,,6.8200,,6.4100,,6.8100,6.8800,7.0200
601066SH,2026-03-27 14:59:00,21.6000,down,下跌趋势,29.3700,21.3000,25.4500,27.6400,27.2000,24.6100,25.4600,25.9800,24.7000,25.5400
601068SH,2026-03-27 14:59:00,5.7100,down_natural,自然回升,7.1100,5.2700,6.3200,5.8400,6.9500,5.5400,6.4700,6.6200,6.1800,6.1500
601020SH,2026-03-27 14:59:00,28.1300,down_secondary,次级回升,42.3000,25.8100,37.1500,28.4000,40.8400,26.6100,37.6200,28.3900,37.1500,41.5400
601083SH,2026-03-27 14:59:00,12.0800,up_rally,回升,13.8100,10.8100,11.3100,11.8500,12.3000,10.9600,,11.8900,12.6200,12.1500
601059SH,2026-03-27 14:59:00,16.4400,down,下跌趋势,21.6900,16.1500,18.2800,19.2800,20.8400,17.5100,18.3000,17.9000,17.7700,18.3600
601065SH,2026-03-27 14:59:00,8.5000,down_rally,回撤,11.4000,8.0100,9.2500,9.0500,10.6300,8.2000,9.2700,8.9900,8.9800,9.2800
601069SH,2026-03-27 14:59:00,30.3300,down_rally,回撤,43.1200,28.6700,36.9100,31.4600,39.4900,28.9600,36.9400,29.5400,36.0400,36.9000
601086SH,2026-03-27 14:59:00,8.8300,down_natural,自然回升,12.1000,8.1500,9.8400,8.9300,10.5500,8.9700,9.8500,9.0700,9.5500,11.6600
601028SH,2025-05-26 15:00:00,12.8300,up_secondary,次级回撤,13.9100,10.9000,11.1400,11.6900,13.2000,10.9100,11.7600,11.6600,11.1400,11.9900
601061SH,2026-03-27 14:59:00,11.6800,down,下跌趋势,17.4900,11.3600,13.5600,12.3000,16.1600,11.4200,13.5800,11.5600,13.2000,15.5000
601088SH,2026-03-27 14:59:00,47.5800,up_natural,自然回撤,50.3800,34.7800,46.6000,39.6700,49.8300,37.0900,39.5300,39.6500,36.8000,40.8500
601096SH,2026-03-27 14:59:00,5.7900,up_secondary,次级回撤,7.3600,5.0400,5.5800,5.5400,5.9700,5.1300,5.5800,5.5300,5.1800,5.7000
601127SH,2026-03-27 14:59:00,95.4300,down,下跌趋势,174.6600,92.8100,154.6600,105.3000,165.3300,96.1800,154.7000,98.6100,152.0500,141.5900
601100SH,2026-03-27 14:59:00,95.5200,down_natural,自然回升,125.9800,89.1000,103.0100,98.3400,116.8800,74.3400,103.0300,80.4900,100.0000,83.2000
601106SH,2026-03-27 14:59:00,4.2800,down_natural,自然回升,6.6000,4.1000,4.8300,4.3800,6.1700,4.5600,4.8400,4.7300,4.6900,3.7600
601101SH,2026-03-27 14:59:00,8.8000,up_rally,回升,9.4400,6.6000,8.2200,7.6700,8.9800,6.8700,8.3800,7.6500,8.2200,7.8800
601099SH,2026-03-27 14:59:00,3.7700,down,下跌趋势,5.2200,3.6300,4.4300,4.6600,4.7600,4.0200,4.4400,4.3800,4.3000,3.9900
601111SH,2026-03-27 14:59:00,6.8900,down_natural,自然回升,9.6000,6.3800,6.7100,7.0100,9.4500,8.2700,6.7600,8.8000,6.5100,8.9500
601116SH,2026-03-27 14:59:00,14.1000,down_natural,自然回升,18.6600,13.2000,16.9000,14.2900,18.3000,13.6200,16.9100,15.5600,16.5100,16.4400
601089SH,2026-03-27 14:59:00,23.3100,down_natural,自然回升,30.8000,21.2000,26.4400,23.4900,28.9800,22.7500,26.4800,22.7500,25.8100,27.4400
601107SH,2026-03-27 14:59:00,6.3500,down_secondary,次级回升,6.5600,5.4700,5.9600,6.5700,6.4300,5.9500,5.9700,6.5400,5.8300,6.5800
601108SH,2026-03-27 14:59:00,7.6800,up_natural,自然回撤,9.9000,6.2400,7.4800,9.5600,,6.9600,,9.3800,7.8900,9.7200
601113SH,2026-03-27 14:59:00,4.3100,down_natural,自然回升,5.0400,4.1100,4.4400,4.3700,4.9100,4.2000,4.4500,4.6200,4.3500,4.7500
601098SH,2026-03-27 14:59:00,10.8300,down_natural,自然回升,15.4700,10.3800,12.8500,11.0800,14.1400,10.4400,12.8600,10.5600,12.4700,13.4400
601117SH,2026-03-27 14:59:00,9.0900,up_rally,回升,10.4800,6.5700,8.4700,8.1600,9.4700,7.4000,,8.1500,7.5600,8.3800
601121SH,2026-03-27 14:59:00,7.6900,down_natural,自然回升,9.2800,6.9900,7.5700,7.7700,9.0700,8.0900,7.5800,8.9000,7.5700,8.9200
601112SH,2026-03-27 14:59:00,19.8900,up_break,破碎,22.9800,19.1000,19.6600,20.9700,20.9800,19.6200,19.6600,21.1200,19.4100,21.5400
601118SH,2026-03-27 14:59:00,6.8500,up_secondary,次级回撤,8.5300,5.2800,6.4200,6.4500,6.9800,5.5800,6.4900,6.3600,6.5500,6.5500
601126SH,2026-03-27 14:59:00,45.7900,down_natural,自然回升,55.6600,40.3400,44.7700,46.9900,48.5800,44.8800,44.8200,48.9700,43.4400,50.3900
601128SH,2026-03-27 14:59:00,7.0900,down_secondary,次级回升,7.8500,6.6200,7.2800,8.0400,7.7500,6.7700,7.2800,7.4500,7.1000,7.5400
601133SH,2026-03-27 14:59:00,18.2500,up_natural,自然回撤,19.6600,15.0200,17.5800,17.2400,18.3100,15.4200,,17.0000,16.8600,17.5800
601162SH,2026-03-27 14:59:00,3.7500,down,下跌趋势,6.1200,3.6700,5.6600,4.1900,6.0000,3.9100,5.6600,3.9300,5.5000,4.3000
601168SH,2026-03-27 14:59:00,25.3100,down_rally,回撤,36.2400,24.5100,29.5900,26.8500,31.9600,24.7100,29.9000,25.2200,28.7100,34.9600
601136SH,2026-03-27 14:59:00,16.5300,down,下跌趋势,24.8100,16.0900,19.7500,22.4300,21.7700,20.3500,19.7900,22.0800,19.1800,23.0000
601139SH,2026-03-27 14:59:00,7.3600,down_secondary,次级回升,7.8000,5.8400,6.4600,8.0400,7.3700,6.1500,6.4700,8.0000,6.2700,7.6900
601169SH,2026-03-27 14:59:00,5.4400,down_natural,自然回升,7.3000,5.2100,5.4200,5.5500,5.9000,4.3000,5.4300,5.1300,5.2600,5.2900
601163SH,2026-03-27 14:59:00,13.9100,down_secondary,次级回升,18.2700,12.2400,14.9900,19.4600,15.9300,13.0100,14.9900,17.0800,14.6000,15.8100
601166SH,2026-03-27 14:59:00,18.7100,down,下跌趋势,25.4500,18.0200,19.3500,19.4900,21.9000,18.3000,19.3600,18.3000,18.7700,16.6700
601138SH,2026-03-27 14:59:00,49.5400,down_rally,回撤,68.3800,47.3500,57.7400,51.5000,68.1500,48.4000,57.7600,48.4000,56.1900,65.2800
601137SH,2026-03-27 14:59:00,18.4200,down,下跌趋势,27.0800,17.8400,24.4600,19.3500,26.9800,18.1100,24.4800,18.1100,23.7300,21.5000
601158SH,2026-03-27 14:59:00,4.5900,down_rally,回撤,6.0800,4.4000,5.2700,4.7000,6.0100,4.4000,5.2800,4.4100,5.1200,5.0200
601156SH,2026-03-27 14:59:00,17.2500,down,下跌趋势,19.6300,16.7200,17.8000,13.0600,19.6000,11.9800,17.8100,12.9200,17.3400,13.3800
601155SH,2026-03-27 14:59:00,14.1100,down,下跌趋势,18.3500,13.8300,16.3100,16.2600,18.2000,14.9000,16.3300,15.2700,15.8300,15.8400
601179SH,2026-03-27 14:59:00,16.0800,up_secondary,次级回撤,20.6500,13.9900,15.6900,16.0200,16.9800,14.1000,15.7000,16.0000,15.6900,16.4500
601177SH,2026-03-27 14:59:00,14.3400,down_natural,自然回升,22.5000,13.8900,18.7000,14.8000,20.3000,15.7900,18.7200,17.5500,18.1600,19.7900
601188SH,2026-03-27 14:59:00,3.4000,up_secondary,次级回撤,4.3600,3.8500,2.7700,4.2300,4.3500,3.9600,3.1700,4.2200,2.7700,4.3100
601187SH,2026-03-27 14:59:00,7.4200,up_secondary,次级回撤,8.2500,5.0500,7.0500,5.9100,7.8500,5.3200,7.2800,5.9000,4.8100,6.0600
601226SH,2026-03-27 14:59:00,9.4100,down_rally,回撤,12.7300,8.8000,10.1100,10.2400,10.8300,9.1800,10.1200,9.6000,9.8100,8.5500
601211SH,2026-03-27 14:59:00,16.8100,up_natural,自然回撤,22.3500,15.4200,16.6100,20.3400,21.9000,19.1500,18.6900,20.3100,18.1100,20.9500
601216SH,2026-03-27 14:59:00,5.5400,down,下跌趋势,6.7500,5.3800,6.0300,5.6700,6.7500,5.2500,6.0500,5.6500,5.8700,5.8300
601228SH,2026-03-27 14:59:00,3.4000,down_natural,自然回升,3.7800,3.2300,3.3900,3.5000,3.6700,2.8500,3.4000,3.1800,3.2900,3.2400
601218SH,2026-03-27 14:59:00,6.9000,up_rally,回升,8.2100,6.7600,6.6700,7.5500,7.1200,7.0100,,7.5200,6.9800,7.7300
601225SH,2026-03-27 14:59:00,26.1800,up_natural,自然回撤,27.9400,18.9200,25.2100,21.6600,27.1500,19.7300,21.1600,21.6400,20.6400,22.2500
601200SH,2026-03-27 14:59:00,8.8000,up_rally,回升,9.1700,7.2200,8.1100,8.7900,8.9500,7.3400,,8.7800,8.9600,9.0400
601222SH,2026-03-27 14:59:00,6.4800,up_rally,回升,6.8800,5.4500,6.1300,6.0600,6.6600,5.6700,,6.0500,5.6200,6.2100
601229SH,2026-03-27 14:59:00,9.8200,up_secondary,次级回撤,11.4700,5.5500,8.8600,6.7000,10.4500,5.6700,9.1100,6.6900,10.3200,6.9000
601212SH,2026-03-27 14:59:00,8.0400,down_rally,回撤,15.1900,7.4600,14.0200,8.3600,15.1900,7.7500,14.0200,7.7600,13.6700,11.7700
601186SH,2026-03-27 14:59:00,6.9900,down,下跌趋势,10.3100,6.8900,9.0500,7.5900,9.6800,7.1000,9.0700,7.1000,8.7800,9.5500
601208SH,2026-03-27 14:59:00,30.0700,up_secondary,次级回撤,36.4900,16.5800,27.4000,18.4700,31.1400,17.1200,28.6000,18.3000,27.4000,18.7000
601199SH,2026-03-27 14:59:00,5.9000,up_rally,回升,6.7400,3.8900,5.4500,4.2400,6.0300,3.8900,5.5100,4.2300,5.4500,4.3400
601198SH,2026-03-27 14:59:00,12.5700,down,下跌趋势,14.7200,12.3400,13.5800,11.4600,14.6500,10.3000,13.5900,11.4200,13.1800,11.8900
601298SH,2026-03-27 14:59:00,8.6600,down_secondary,次级回升,9.9000,8.1100,8.8400,10.6100,9.3800,8.2300,8.8400,9.9600,8.5900,7.0800
601258SH,2023-06-29 15:00:00,0.4000,down,下跌趋势,1.2700,0.4000,1.1400,0.7900,1.2400,0.7100,1.1500,0.7400,1.1100,1.1300
601231SH,2026-03-27 14:59:00,33.1200,down,下跌趋势,49.3800,32.2300,40.0800,35.7800,49.3000,32.3800,40.1900,33.6100,39.2700,25.1900
601311SH,2026-03-27 14:59:00,9.6900,down_secondary,次级回升,11.8900,8.7600,10.3700,9.9700,11.3300,8.8900,10.3800,9.8100,10.0600,10.0300
601288SH,2026-03-27 14:59:00,6.4900,up_secondary,次级回撤,8.6800,2.7000,6.3300,3.9700,6.8800,3.3700,6.4000,3.9600,3.0200,4.0800
601319SH,2026-03-27 14:59:00,7.4700,up_natural,自然回撤,10.1800,6.3400,7.2800,9.1900,,7.6200,,9.1400,6.3500,9.4600
601318SH,2026-03-27 14:59:00,57.0400,down,下跌趋势,74.8800,56.4200,63.6600,61.3300,69.1000,58.1500,63.6800,61.6500,61.7600,63.0800
601238SH,2026-03-27 14:59:00,7.2600,down,下跌趋势,9.5700,7.1600,8.0900,8.1600,8.6700,8.0800,8.1000,8.5800,7.8600,8.6000
601279SH,2026-03-27 14:59:00,4.2100,down_secondary,次级回升,5.6000,3.9400,4.3800,4.3700,4.6700,3.9800,4.3800,4.2900,4.2600,5.0700
601236SH,2026-03-27 14:59:00,7.8400,down,下跌趋势,10.1300,7.7200,8.5100,8.2600,9.7100,7.7600,8.5200,7.7600,8.2600,9.1200
601330SH,2026-03-27 14:59:00,9.7000,down_natural,自然回升,12.2000,8.9700,10.6600,9.8700,11.4800,9.1600,10.6700,9.1600,10.6600,7.4600
601233SH,2026-03-27 14:59:00,18.0500,down_rally,回撤,26.0100,16.3600,23.8000,18.8000,25.3200,17.4700,23.8000,17.6700,23.4600,19.0000
601336SH,2026-03-27 14:59:00,63.2900,down,下跌趋势,85.8500,62.5300,73.7000,68.5600,78.1900,62.7000,73.7000,68.5000,71.6000,70.4800
601333SH,2026-03-27 14:59:00,3.1000,up_rally,回升,3.5500,2.6700,2.9000,3.0600,3.1800,2.8600,2.9800,3.0500,2.9000,3.1500
601326SH,2026-03-27 14:59:00,3.7100,down_break,破碎,4.1600,3.3800,3.7300,3.7100,3.9600,3.4300,3.7300,3.7000,3.6200,3.8000
601328SH,2026-03-27 14:59:00,6.9000,up_rally,回升,8.3400,4.2500,6.4800,5.0200,6.9600,4.6000,6.6600,5.0100,6.4800,5.1700
601366SH,2026-03-27 14:59:00,4.1700,down_natural,自然回升,6.4600,3.9500,6.0000,4.2100,6.3800,4.8500,6.0000,5.6700,5.9100,5.4900
601339SH,2026-03-27 14:59:00,6.9300,up_rally,回升,7.8100,4.4600,6.5800,5.5500,7.0300,4.5700,5.2500,5.5400,5.1800,5.7000
601369SH,2026-03-27 14:59:00,10.1700,up_natural,自然回撤,12.5500,7.2400,9.9100,9.5500,12.2800,8.6900,,9.5400,8.2100,9.7900
601360SH,2026-03-27 14:59:00,10.7600,down,下跌趋势,14.6800,10.4600,13.1700,12.9500,14.1000,11.1700,13.1800,12.1500,12.8600,13.2800
601377SH,2026-03-27 14:59:00,6.0700,down,下跌趋势,7.9200,5.9600,7.0700,7.0600,7.9200,6.6200,7.0800,6.6200,6.8600,6.2400
601368SH,2026-03-27 14:59:00,5.2300,up_secondary,次级回撤,5.6800,3.6700,4.9400,4.5700,5.5300,4.0600,5.1500,4.5400,3.8600,4.7600
601375SH,2026-03-27 14:59:00,4.0400,down,下跌趋势,4.9000,3.8700,4.2400,4.0700,4.5600,3.8200,4.2500,4.0600,4.1400,4.1700
601390SH,2026-03-27 14:59:00,5.4100,up_natural,自然回撤,6.4700,5.1600,5.3100,5.7600,6.3300,5.3700,5.3600,5.7500,5.3000,5.9200
601388SH,2026-03-27 14:59:00,3.5800,down_natural,自然回升,4.8000,3.2800,3.9100,3.6000,4.1800,3.7000,3.9200,4.3300,3.8000,2.6000
601399SH,2026-03-27 14:59:00,4.4700,down_natural,自然回升,5.9400,4.2600,4.9800,4.5500,5.4400,4.6600,4.9800,5.1800,4.8400,6.6500
601512SH,2026-03-27 14:59:00,8.6900,down_natural,自然回升,10.6300,8.2500,9.7100,8.8000,10.3000,8.5600,9.7100,10.0300,9.4200,7.8800
601518SH,2026-03-27 14:59:00,2.9900,up_rally,回升,3.1800,2.3600,2.7500,2.5600,3.0400,2.3600,2.7700,2.5500,2.7500,2.5800
601398SH,2026-03-27 14:59:00,7.4100,down_natural,自然回升,8.3600,6.8500,7.4000,7.6100,7.9000,7.1200,7.4100,7.8900,7.1800,5.6300
601515SH,2026-03-27 14:59:00,4.2700,down_natural,自然回升,5.3500,3.7600,4.3700,4.4100,4.6700,4.0800,4.3800,4.8300,4.2500,5.1300
601500SH,2026-03-27 14:59:00,4.3400,down_natural,自然回升,5.2100,4.0700,4.5200,4.3900,4.8000,4.5400,4.5200,4.8300,4.3900,4.8900
601456SH,2026-03-27 14:59:00,9.1100,down,下跌趋势,12.6500,8.9800,10.6900,10.2500,11.5200,9.4700,10.7000,9.6300,10.3700,10.7100
601519SH,2026-03-27 14:59:00,10.6300,down,下跌趋势,15.8800,10.3100,10.7900,10.9700,11.5800,10.2900,10.8000,10.2900,10.5100,14.2000
601528SH,2026-03-27 14:59:00,5.3600,down_rally,回撤,6.1700,5.2300,5.7300,5.6300,6.1600,5.2900,5.7400,5.2900,5.6000,5.7700
601558SH,2020-07-02 15:00:00,0.2500,up_secondary,次级回撤,0.8400,0.6800,0.1700,0.7600,0.2600,0.7100,0.2400,0.7600,0.9600,0.8000
601567SH,2026-03-27 14:59:00,28.3000,up_rally,回升,33.6600,22.0200,26.8100,25.2400,28.9400,23.2000,23.2600,25.0600,24.0000,25.9600
601566SH,2026-03-27 14:59:00,10.6000,down_natural,自然回升,18.6800,10.0400,16.0000,10.7300,17.3200,12.0000,16.0000,12.3600,15.7500,15.1500
601568SH,2026-03-27 14:59:00,4.3400,down_secondary,次级回升,4.8900,4.0300,4.2500,4.4300,4.8400,4.0500,4.2600,4.3900,4.1300,4.7600
601555SH,2026-03-27 14:59:00,7.7900,down,下跌趋势,10.6900,7.6100,9.1000,9.5300,10.1400,8.6900,9.1100,9.5200,8.8300,9.7800
601611SH,2026-03-27 14:59:00,14.2900,down_rally,回撤,19.2400,14.0000,17.2900,15.0500,18.4900,14.0100,17.2900,15.0400,16.7800,15.1700
601588SH,2026-03-27 14:59:00,1.7700,down_natural,自然回升,2.2100,1.6500,1.8200,1.8400,2.1100,1.6700,1.8300,1.9200,1.7700,1.9700
601598SH,2026-03-27 14:59:00,5.8200,down_natural,自然回升,7.9500,5.5000,5.9500,5.8800,6.8800,5.5600,5.9600,6.0700,5.8000,5.6100
601601SH,2026-03-27 14:59:00,37.1300,down,下跌趋势,48.3900,36.6800,41.6000,41.1800,46.8100,37.4200,41.6600,38.2900,40.4100,40.8000
601595SH,2026-03-27 14:59:00,23.5000,down_natural,自然回升,37.1600,22.4800,30.1400,23.8700,33.8800,27.5700,30.7300,29.8300,29.2500,30.7300
601579SH,2026-03-27 14:59:00,16.5200,down_natural,自然回升,24.9400,15.3200,20.0000,16.5500,23.0600,21.3200,20.0100,22.8700,19.4100,23.4800
601600SH,2026-03-27 14:59:00,11.4400,down_natural,自然回升,14.4400,10.8900,13.3200,11.7200,14.1800,12.1900,13.3200,13.9200,13.0400,15.8500
601599SH,2026-03-27 14:59:00,3.9700,down_natural,自然回升,5.6400,3.6700,4.3100,4.0000,4.5900,3.9100,4.3100,4.2900,4.1900,4.3200
601606SH,2026-03-27 14:59:00,42.8300,down_secondary,次级回升,59.0500,35.5600,45.7500,44.3600,52.8800,39.9800,45.9100,43.8600,44.4000,57.7000
601577SH,2026-03-27 14:59:00,9.5200,up_secondary,次级回撤,10.6900,7.3300,8.7400,8.9400,10.1500,8.0800,9.1000,8.9300,7.5200,9.2000
601616SH,2026-03-27 14:59:00,5.0300,down_rally,回撤,6.4400,4.6600,5.1900,5.1900,5.7200,4.8400,5.2000,4.8600,5.0400,5.5400
601615SH,2026-03-27 14:59:00,17.2600,down,下跌趋势,23.1300,16.7100,19.2500,20.0000,20.6000,18.7800,19.3600,18.7800,18.7000,21.1900
601608SH,2026-03-27 14:59:00,6.1400,down_natural,自然回升,8.4800,5.8700,7.6400,6.2500,8.2300,6.8000,7.6500,6.8500,7.4200,8.0600
601609SH,2026-03-27 14:59:00,9.7600,down_natural,自然回升,12.9300,9.0100,11.8700,9.8000,12.7600,10.8700,11.8800,11.5300,11.5300,11.0600
601618SH,2026-03-27 14:59:00,3.0400,down_rally,回撤,4.3000,2.9000,3.8300,3.4600,4.1700,2.9500,3.8400,3.3700,3.7200,3.3500
601607SH,2026-03-27 14:59:00,16.7000,up_natural,自然回撤,19.6800,17.2800,16.2300,18.7700,,17.3100,,18.7000,18.6600,19.3300
601633SH,2026-03-27 14:59:00,20.9000,down_natural,自然回升,27.7900,19.7300,22.1500,21.5000,23.8700,20.6000,22.1600,23.2900,21.5500,27.1300
601666SH,2026-03-27 14:59:00,8.6300,down_secondary,次级回升,15.0500,7.2200,12.1900,9.1900,12.9600,8.1100,12.1900,9.0000,11.8300,9.3000
601636SH,2026-03-27 14:59:00,5.8000,down,下跌趋势,7.7000,5.6500,7.0800,7.1500,7.6300,6.6900,7.1000,6.7100,6.8700,6.4500
601619SH,2026-03-27 14:59:00,5.6200,up_secondary,次级回撤,7.1500,4.1300,5.3700,4.8000,5.9800,4.3600,5.4600,4.7900,4.5100,4.9300
601668SH,2026-03-27 14:59:00,4.9300,down,下跌趋势,6.6300,4.8200,6.0500,5.2000,6.4400,4.8800,6.0500,4.8800,5.8700,5.5500
601677SH,2026-03-27 14:59:00,15.0300,down_natural,自然回升,18.5000,13.9700,17.1700,15.0600,18.3900,15.6600,17.1700,16.4500,16.7800,13.5800
601628SH,2026-03-27 14:59:00,37.3300,down,下跌趋势,51.9200,36.9200,45.0600,41.0000,50.7000,39.3000,45.0700,41.6800,43.8100,42.1000
601658SH,2026-03-27 14:59:00,5.0700,down,下跌趋势,6.4400,4.8700,5.5300,5.4000,6.1300,5.0700,5.5400,5.3900,5.3700,5.5600
601678SH,2026-03-27 14:59:00,5.1900,down_natural,自然回升,5.9500,4.6000,5.3100,5.3300,5.8400,4.6700,5.3200,4.6700,5.1900,5.7600
601700SH,2026-03-27 14:59:00,5.5900,up_rally,回升,7.1100,5.4000,5.2200,6.2000,5.7600,5.5800,,6.1900,5.7500,6.3800
601699SH,2026-03-27 14:59:00,14.1600,up_break,破碎,15.6500,11.7400,14.0400,13.5300,15.6000,12.3600,14.1000,13.5200,13.8000,13.9300
601689SH,2026-03-27 14:59:00,57.7500,down_natural,自然回升,85.5000,55.3000,68.8100,59.9600,74.4800,61.5200,68.8600,61.8900,67.4400,82.8000
601688SH,2026-03-27 14:59:00,18.5000,down,下跌趋势,25.7500,18.1400,21.0500,23.6500,22.9200,20.4200,21.0800,23.6200,20.4600,24.3000
601669SH,2026-03-27 14:59:00,5.9300,down_secondary,次级回升,6.2400,4.3800,5.3300,7.8400,5.7200,5.1400,5.3400,7.1900,5.1800,5.5500
601665SH,2026-03-27 14:59:00,5.7500,down_secondary,次级回升,6.8000,5.3000,6.2500,6.0500,6.7100,5.4700,6.2600,5.8500,6.0700,6.3200
601686SH,2026-03-27 14:59:00,5.8200,down,下跌趋势,7.4700,5.5700,6.3800,6.5900,6.7900,6.0100,6.3800,6.1900,6.1900,6.4700
601788SH,2026-03-27 14:59:00,15.2700,down,下跌趋势,21.6500,15.0800,18.0000,18.3000,19.5000,17.0300,18.0100,17.2000,17.4800,17.5800
601702SH,2026-03-27 14:59:00,18.7200,down,下跌趋势,28.0300,18.4200,24.8400,20.2800,28.0000,18.6100,25.0500,19.0600,24.8400,25.4800
601789SH,2026-03-27 14:59:00,5.7000,down_rally,回撤,8.0000,5.5000,7.0400,6.1900,7.5000,5.6000,7.0400,5.8100,6.8300,6.0400
601778SH,2026-03-27 14:59:00,5.5200,up_natural,自然回撤,5.9400,5.1000,5.5000,5.5500,,5.2000,,5.5400,5.7500,5.7100
601728SH,2026-03-27 14:59:00,5.7100,down_rally,回撤,8.6100,5.6200,7.7300,6.2600,8.4100,5.6800,7.7400,5.8800,7.5000,5.6000
601718SH,2026-03-27 14:59:00,3.0800,down_natural,自然回升,5.2800,2.8900,3.3700,3.1400,4.0100,3.2200,3.3800,3.4300,3.2700,3.4600
601698SH,2026-03-27 14:59:00,31.8000,down_natural,自然回升,53.8800,30.7300,48.4900,32.5900,53.3300,35.1100,48.5000,36.5000,48.4900,21.0700
601777SH,2026-03-27 14:59:00,9.7500,down_natural,自然回升,12.4200,9.0600,11.0200,9.7800,12.2600,10.0000,11.0500,10.7300,10.6900,11.0800
601717SH,2026-03-27 14:59:00,22.0100,down_natural,自然回升,26.1400,20.8800,23.8800,22.2200,25.5500,21.9400,23.9000,22.1900,23.2000,25.9400
601816SH,2026-03-27 14:59:00,5.0600,down_rally,回撤,6.4600,4.8200,5.3900,5.2000,6.1000,4.8600,5.4000,4.8800,5.2300,5.5700
601811SH,2026-03-27 14:59:00,13.3500,down_natural,自然回升,16.9000,12.7100,15.5600,13.5900,16.8400,13.2200,15.5800,15.4500,15.1200,16.4800
601825SH,2026-03-27 14:59:00,8.9000,down_secondary,次级回升,10.5100,8.0200,9.5500,9.6500,10.2400,8.2000,9.5600,9.0400,9.3000,6.5800
601818SH,2026-03-27 14:59:00,3.2800,down,下跌趋势,4.5000,3.1700,3.2800,3.3800,3.7200,3.0700,3.3100,3.4200,3.1900,3.4800
601808SH,2026-03-27 14:59:00,16.5400,down,下跌趋势,21.8500,15.8700,18.3500,18.5800,20.5500,17.3300,18.9300,17.3300,18.3500,15.3700
601696SH,2026-03-27 14:59:00,12.2900,down,下跌趋势,16.2800,12.0200,14.8100,14.3300,15.7600,13.2800,14.8100,13.4300,14.3700,15.6800
601766SH,2026-03-27 14:59:00,6.3000,up_break,破碎,8.2300,6.2600,6.1100,7.4400,6.5200,6.9600,6.1200,7.4000,6.1000,7.6500
601727SH,2026-03-27 14:59:00,8.1100,down,下跌趋势,11.2200,7.9000,10.0600,9.5500,11.1000,8.3500,10.0700,9.5200,9.7600,9.6600
601827SH,2026-03-27 14:59:00,9.2200,up,上升趋势,9.4400,7.6500,8.5000,8.8600,9.4200,8.1400,,8.8500,8.0900,9.1200
601828SH,2026-03-27 14:59:00,2.4200,down_natural,自然回升,3.3900,2.3100,2.9400,2.4500,3.2300,2.4800,2.9400,2.6300,2.8600,3.2800
601801SH,2026-03-27 14:59:00,6.2400,down_secondary,次级回升,8.7600,5.7100,7.1600,8.1000,8.1600,6.0100,7.2100,6.3800,6.9500,8.1900
601838SH,2026-03-27 14:59:00,17.0900,down_natural,自然回升,20.9600,15.3700,18.2400,17.5500,19.3500,17.0400,18.2400,17.5400,17.7000,18.0100
601857SH,2026-03-27 14:59:00,12.0700,up_rally,回升,13.6900,7.3300,11.3900,9.2800,12.1000,8.0400,11.6200,9.2400,11.3900,9.5500
601799SH,2026-03-27 14:59:00,123.9700,down_natural,自然回升,158.5000,117.5100,148.3200,125.8000,158.3300,127.0600,148.5000,128.1100,144.5000,132.9800
601800SH,2026-03-27 14:59:00,7.6900,down,下跌趋势,10.6000,7.6200,8.2000,8.5500,8.8700,7.8500,8.2100,8.0200,7.9600,10.0100
601798SH,2026-03-27 14:59:00,9.0800,down_natural,自然回升,10.3500,8.1400,9.3500,9.1300,10.1000,9.2900,9.3600,9.9400,9.0700,10.1400
601860SH,2026-03-27 14:59:00,2.7700,up_rally,回升,3.3400,2.5700,2.6300,3.1900,2.8500,2.9700,2.7100,3.1800,2.6300,3.2800
601866SH,2026-03-27 14:59:00,2.7600,down_natural,自然回升,3.2500,2.5600,2.7500,2.8900,3.0100,2.4200,2.7600,2.8200,2.6800,2.9200
601868SH,2026-03-27 14:59:00,3.1000,down,下跌趋势,3.9400,3.0700,3.6500,3.4500,3.9400,3.1000,3.6800,3.2400,3.5600,3.1800
601872SH,2026-03-27 14:59:00,17.1000,down_secondary,次级回升,19.6500,15.3500,16.5000,18.3000,18.4000,16.3000,16.6500,17.6900,16.0700,18.5300
601869SH,2026-03-27 14:59:00,274.1900,up,上升趋势,279.6600,196.1200,252.2500,266.6600,279.0700,209.6000,,266.5700,218.9900,272.9800
601865SH,2026-03-27 14:59:00,15.8200,down_secondary,次级回升,19.5300,14.9900,16.4900,16.5600,18.6800,15.0600,16.5000,16.1600,16.0200,18.3000
601890SH,2026-03-27 14:59:00,10.2400,down_natural,自然回升,14.3200,9.7600,12.8300,10.4000,13.6900,11.4100,12.8500,11.5900,12.4600,11.4800
601858SH,2026-03-27 14:59:00,23.9300,up_natural,自然回撤,25.9400,18.5300,23.3700,24.5000,25.9400,22.6800,,24.4500,19.4000,25.2300
601880SH,2026-03-27 14:59:00,1.6900,down_secondary,次级回升,1.9400,1.5600,1.6600,1.8300,1.7800,1.6100,1.6700,1.7800,1.6200,1.6000
601882SH,2026-03-27 14:59:00,18.6500,up_natural,自然回撤,23.2900,18.5500,18.3700,21.6000,22.8300,19.3000,,21.5900,19.4400,22.1800
601877SH,2026-03-27 14:59:00,33.9300,up_secondary,次级回撤,42.1300,26.9400,33.0400,29.3900,36.1700,27.6100,33.6000,29.3100,33.0400,30.2600
601881SH,2026-03-27 14:59:00,13.4900,down,下跌趋势,19.3300,13.0600,14.4000,17.7000,19.2700,15.5600,14.4100,17.5300,13.9700,18.2100
601886SH,2026-03-27 14:59:00,8.5100,down_break,破碎,9.9300,7.5000,8.4600,8.4200,9.0200,7.8800,8.4600,8.4100,8.2200,8.5500
601878SH,2026-03-27 14:59:00,9.7400,down,下跌趋势,12.6800,9.6100,11.1300,11.1700,11.8700,10.3000,11.1400,11.1600,10.8000,11.5000
601898SH,2026-03-27 14:59:00,17.8800,up_rally,回升,19.7700,12.3300,17.0200,13.9800,18.1500,12.5500,17.5300,13.9500,17.0200,14.0800
601888SH,2026-03-27 14:59:00,71.6800,down,下跌趋势,99.8100,69.5300,87.1700,73.4600,98.7200,66.6600,87.3300,73.3800,85.1800,75.5000
601916SH,2026-03-27 14:59:00,3.0800,up_rally,回升,3.8400,2.7300,2.8800,3.1800,3.1500,2.8400,2.9700,3.1700,2.8800,3.2700
601918SH,2026-03-27 14:59:00,7.9900,up_rally,回升,8.5300,6.1800,7.5400,7.2700,8.0300,6.1900,7.0400,7.2500,6.5600,7.4700
601900SH,2026-03-27 14:59:00,12.8500,up_secondary,次级回撤,17.9800,13.9900,12.4500,17.3500,16.8400,13.9900,12.6200,17.0000,14.5900,17.8000
601899SH,2026-03-27 14:59:00,32.4800,down_rally,回撤,44.9400,29.8000,41.3100,33.9800,44.1200,31.5000,41.3100,31.9400,40.1000,40.9000
601901SH,2026-03-27 14:59:00,6.9200,down,下跌趋势,8.9800,6.8100,7.9200,8.4500,8.4500,7.6200,7.9300,7.9400,7.6900,8.2000
601949SH,2026-03-27 14:59:00,6.3300,down_natural,自然回升,8.0800,5.9200,7.0000,6.4200,7.7500,6.3500,7.0100,6.3500,6.8000,7.2300
601933SH,2026-03-27 14:59:00,3.8100,down_rally,回撤,6.0400,3.6500,5.4600,4.0700,5.8600,3.7300,5.4700,3.8200,5.4200,4.5400
601956SH,2026-03-27 14:59:00,6.4700,down_natural,自然回升,9.1300,6.0200,7.7500,6.5100,8.3600,6.6400,7.7600,7.2100,7.5200,7.3800
601952SH,2026-03-27 14:59:00,10.1800,up_natural,自然回撤,11.0300,8.9900,9.6800,10.3000,10.6400,9.1800,,10.2800,10.2900,10.5600
601966SH,2026-03-27 14:59:00,14.0300,down,下跌趋势,16.3400,13.7800,14.4800,15.3800,15.5400,14.3300,14.4900,15.3600,14.0800,15.7500
601968SH,2026-03-27 14:59:00,5.2500,down_natural,自然回升,6.4700,4.8800,5.5700,5.3400,5.9200,5.2600,5.5700,5.6800,5.4100,5.7900
601919SH,2026-03-27 14:59:00,15.1600,up_break,破碎,16.9800,14.0300,15.2700,15.5600,16.4200,14.1300,15.2800,15.5400,15.0600,16.0100
601939SH,2026-03-27 14:59:00,9.4100,up_secondary,次级回撤,10.0300,5.1800,8.5000,7.2800,9.9700,7.0000,8.5200,7.4300,8.1400,7.4900
601908SH,2026-03-27 14:59:00,4.8400,up_natural,自然回撤,5.3500,3.5700,4.7800,3.8200,5.3500,3.5800,4.0100,3.8100,3.7700,3.8400
601963SH,2026-03-27 14:59:00,10.3100,down_rally,回撤,11.7500,8.8300,10.7700,11.7300,11.5000,10.2000,10.7800,11.7000,10.4600,11.7900
601958SH,2026-03-27 14:59:00,18.8000,down_natural,自然回升,27.6500,17.4700,24.0700,19.0400,27.0900,20.5600,24.0900,20.5600,23.3700,20.6000
601975SH,2026-03-27 14:59:00,4.4600,down_rally,回撤,5.1400,4.3200,4.6200,4.9400,5.1000,4.3900,4.6300,4.6400,4.4900,4.6900
601985SH,2026-03-27 14:59:00,9.1600,down_secondary,次级回升,12.2900,8.3700,9.0100,9.6000,10.3200,8.4600,9.0200,9.4400,8.7500,6.9700
601929SH,2026-03-27 14:59:00,3.0300,up_rally,回升,4.2300,3.6200,2.8100,3.9000,3.0900,3.6200,,3.8800,3.6400,4.0100
601988SH,2026-03-27 14:59:00,5.5700,down_secondary,次级回升,5.9000,5.1300,5.4000,6.3900,5.7300,5.2300,5.4000,5.6000,5.2400,4.3100
601989SH,2025-09-04 15:00:00,5.1000,up_break,破碎,5.5700,3.8200,5.0100,4.7500,5.3300,4.3200,5.0100,4.7400,5.0000,4.8800
601928SH,2026-03-27 14:59:00,9.6600,down,下跌趋势,12.2200,9.4200,10.8600,11.1500,11.5800,9.9900,10.8800,11.1200,10.5400,11.4200
601921SH,2026-03-27 14:59:00,7.7100,up_secondary,次级回撤,10.2800,7.1500,7.2400,8.7600,9.3700,7.9000,7.3500,9.6500,8.0100,10.1500
601965SH,2026-03-27 14:59:00,17.4900,down,下跌趋势,20.5100,16.7000,18.2600,18.1000,19.3600,16.4500,18.2600,18.0300,17.7400,18.5100
601990SH,2026-03-27 14:59:00,7.2600,down,下跌趋势,9.0500,7.0700,8.3300,8.2800,8.9100,7.7700,8.3400,7.7700,8.0900,8.4200
601991SH,2026-03-27 14:59:00,4.4900,up_rally,回升,4.9900,2.5800,4.0000,3.0400,4.5900,2.6900,3.6200,3.0300,3.1400,3.1300
603000SH,2026-03-27 14:59:00,19.6000,down_secondary,次级回升,23.6600,18.3200,19.1000,30.8300,21.7700,18.7000,19.1100,20.0600,18.5500,21.3500
601999SH,2026-03-27 14:59:00,7.9500,up_natural,自然回撤,8.3900,6.6000,7.8700,7.7600,8.3900,7.1500,6.9400,7.7400,6.6700,8.1800
603001SH,2026-03-27 14:59:00,8.9600,down_rally,回撤,10.6000,8.1200,8.4300,9.4400,10.0100,8.7200,8.4800,8.8400,8.2000,9.0100
603003SH,2025-07-02 15:00:00,2.4400,down_rally,回撤,3.0100,2.1600,2.8100,2.6100,2.9800,2.3900,2.8100,2.4500,2.7500,2.7400
601998SH,2026-03-27 14:59:00,8.2900,up_rally,回升,9.0700,6.0500,7.1000,6.9100,8.4400,6.4800,7.1100,6.9000,7.1000,7.1100
601992SH,2026-03-27 14:59:00,1.7900,down_natural,自然回升,2.3800,1.7100,1.8100,1.8300,2.1900,1.7500,1.8200,1.7700,1.7600,1.8400
603002SH,2026-03-27 14:59:00,10.3400,up,上升趋势,10.3400,9.0700,,9.8500,,9.1200,,9.8400,9.5200,9.9600
601995SH,2026-03-27 14:59:00,32.7200,down_rally,回撤,41.1500,30.3100,34.0000,39.0000,38.8000,32.0100,34.0300,38.3800,33.0000,39.0400
603006SH,2026-03-27 14:59:00,12.5200,down_natural,自然回升,17.0300,11.7200,13.1200,12.7800,15.1800,12.6400,13.1300,14.2100,12.7500,14.0700
601996SH,2026-03-27 14:59:00,2.4600,up_secondary,次级回撤,2.7900,2.4000,2.1900,2.6100,2.5900,2.4500,2.2100,2.7100,2.4200,2.7400
603005SH,2026-03-27 14:59:00,26.9000,down,下跌趋势,35.8400,26.3200,30.4700,32.2500,33.7400,29.5300,30.4800,30.3100,29.5700,33.9100
601997SH,2026-03-27 14:59:00,5.7300,down_natural,自然回升,7.1800,5.4900,5.7400,5.8300,6.2700,5.8700,5.7500,6.2800,5.5700,6.4500
603004SH,2026-03-27 14:59:00,21.7800,down_break,破碎,26.3900,20.0000,22.1800,21.7700,26.0600,20.2800,22.1900,21.6200,21.8800,21.9500
603008SH,2026-03-27 14:59:00,16.3200,down,下跌趋势,23.9300,16.0100,20.0200,17.9200,22.7500,16.8000,20.0400,16.8100,19.4200,21.8800
603020SH,2026-03-27 14:59:00,10.8100,down_natural,自然回升,12.2000,9.3300,9.6600,10.8500,11.9500,7.6000,9.6700,8.1400,9.4000,8.3500
603014SH,2026-03-27 14:59:00,37.3800,down,下跌趋势,43.6300,35.8000,38.0500,,40.3700,,38.0500,,36.9100,
603016SH,2026-03-27 14:59:00,40.9300,up_secondary,次级回撤,42.6500,30.0000,39.1600,34.1800,42.6100,31.2500,39.6000,34.1700,31.8000,34.7900
603017SH,2026-03-27 14:59:00,14.3200,down_rally,回撤,14.3800,12.4700,13.4000,15.3200,14.2800,14.0500,13.4000,14.0500,13.0100,13.9700
603018SH,2026-03-27 14:59:00,7.2500,up_secondary,次级回撤,9.5100,7.3800,7.0400,8.4800,9.4700,7.7700,7.1000,8.4700,8.9200,8.5800
603023SH,2026-03-27 14:59:00,4.9500,down_natural,自然回升,6.5500,4.3900,5.1400,4.9500,5.4700,4.8000,5.1400,5.0100,4.9900,5.5200
601969SH,2026-03-27 14:59:00,11.7000,down_natural,自然回升,14.2900,10.8500,12.9900,11.8500,13.9500,12.0800,13.0100,13.0500,12.6100,12.5000
603010SH,2026-03-27 14:59:00,10.9100,up_rally,回升,13.9500,8.5000,9.9800,12.1200,10.9300,8.6500,10.1100,12.1000,9.9800,12.4800
603026SH,2026-03-27 14:59:00,93.8500,up,上升趋势,93.8500,60.0800,75.2100,77.3000,81.5900,68.0000,,76.5600,63.0000,79.5000
603012SH,2026-03-27 14:59:00,7.7500,down_rally,回撤,8.7600,7.0200,7.9900,7.9000,8.5900,7.3900,8.0000,7.3900,7.7800,8.2400
603007SH,2026-03-27 14:59:00,6.6800,up_rally,回升,7.4300,4.8800,6.2700,5.3100,6.9500,4.8900,5.6100,5.3000,6.5400,5.5700
603011SH,2026-03-27 14:59:00,20.8000,down_rally,回撤,28.4600,19.9300,25.8500,21.5900,27.9800,20.0200,25.9900,20.0500,25.2800,27.6900
603021SH,2026-03-27 14:59:00,7.0900,down_natural,自然回升,7.8000,6.4900,6.9400,7.4100,7.3900,4.4200,6.9400,4.8300,6.8000,4.9700
603027SH,2026-03-27 14:59:00,9.6000,down_natural,自然回升,11.3300,8.7800,9.2800,9.7100,10.4600,9.0600,9.2900,10.0700,9.1000,10.3800
603019SH,2026-03-27 14:59:00,81.4300,down_natural,自然回升,128.1200,78.5000,103.3000,84.4900,116.4400,80.6600,103.5000,85.8600,100.2500,68.0900
603013SH,2026-03-27 14:59:00,20.1100,down,下跌趋势,27.3100,19.3800,25.0100,23.4400,26.5300,21.8700,25.0100,22.0300,24.3300,23.4300
603015SH,2026-03-27 14:59:00,12.3200,down,下跌趋势,18.8200,11.8600,14.9500,14.5000,16.2700,13.2600,14.9600,13.6000,14.5100,13.0300
603022SH,2026-03-27 14:59:00,10.4400,down_natural,自然回升,11.8900,9.5100,10.5800,10.6300,11.6700,10.0400,10.6100,10.8600,10.2700,11.1800
603025SH,2026-03-27 14:59:00,14.0500,down,下跌趋势,21.8000,13.7800,19.6500,17.5100,21.1800,15.9000,19.8000,16.4500,19.0800,18.0800
603028SH,2026-03-27 14:59:00,8.6000,down_natural,自然回升,10.7100,8.0200,9.1000,8.7500,9.9300,7.7900,9.1100,8.3100,8.8500,8.5700
603030SH,2026-03-27 14:59:00,2.4700,down_natural,自然回升,3.2700,2.2900,2.7000,2.5400,2.9800,2.5500,2.7100,2.5500,2.6200,3.1500
603031SH,2026-03-27 14:59:00,48.0000,up_secondary,次级回撤,60.6600,50.4000,46.0000,55.3000,50.6000,50.8800,46.6100,55.1700,46.0000,56.7500
603033SH,2026-03-27 14:59:00,9.8400,down,下跌趋势,11.8800,9.4000,10.5100,10.9500,11.7600,10.1600,10.5200,10.2900,10.2000,11.5000
603032SH,2026-03-27 14:59:00,18.4000,down_natural,自然回升,25.4100,16.6500,22.5000,18.4600,24.9400,17.2500,22.7000,19.0600,22.2500,19.5200
603035SH,2026-03-27 14:59:00,13.6800,down,下跌趋势,19.1400,13.3400,17.8800,15.3400,18.9600,14.4100,17.8800,14.4100,17.3500,14.8200
603029SH,2026-03-27 14:59:00,18.7100,up_rally,回升,21.6000,17.1700,16.9800,20.6500,19.0600,17.3100,,20.6100,17.3800,21.2200
603009SH,2026-03-27 14:59:00,45.2300,down_natural,自然回升,56.6800,43.6800,52.2000,46.4600,55.3500,49.0500,52.2000,55.2500,50.8800,56.0000
603037SH,2026-03-27 14:59:00,13.3400,down_natural,自然回升,20.4800,12.5200,16.9800,13.5500,18.2000,14.5900,16.9900,14.6300,16.5100,14.7900
603038SH,2026-03-27 14:59:00,14.7300,down_rally,回撤,19.6700,13.6000,16.4900,15.3000,18.4500,14.1100,16.5100,14.2400,16.0000,17.8500
603039SH,2026-03-27 14:59:00,39.3900,down_natural,自然回升,73.9900,37.6500,68.2000,39.9200,73.9800,41.8100,68.2300,43.9000,66.5000,71.2800
603049SH,2026-03-27 14:59:00,47.6000,down,下跌趋势,59.4800,46.0800,52.5000,,56.2100,,52.5100,,51.0000,
603036SH,2026-03-27 14:59:00,18.4800,down_natural,自然回升,23.7600,17.2700,21.3000,18.7500,23.6000,18.4100,21.3100,20.0200,20.6800,23.0600
603040SH,2026-03-27 14:59:00,80.0200,down_natural,自然回升,124.5800,73.3500,116.0000,81.5200,123.8600,100.4200,116.1300,100.4200,113.0200,65.9800
603048SH,2026-03-27 14:59:00,20.8100,down_rally,回撤,25.9600,18.4100,22.4400,21.4300,23.8400,19.8800,22.4400,20.1200,21.7700,20.9200
603050SH,2026-03-27 14:59:00,21.6600,up_secondary,次级回撤,25.6600,16.5000,20.9800,18.3100,22.9800,17.1100,21.0400,18.3000,18.1200,18.5800
603052SH,2026-03-27 14:59:00,64.1900,up_secondary,次级回撤,68.8400,54.5000,55.7700,63.3800,68.0000,57.3000,60.6000,63.3000,55.7700,64.1300
603055SH,2026-03-27 14:59:00,9.5600,up_secondary,次级回撤,11.8500,10.0600,8.4200,10.9900,11.2900,10.1500,8.8700,11.3900,11.4000,11.4200
603061SH,2026-03-27 14:59:00,258.6000,down_secondary,次级回升,318.8800,223.0000,269.3700,268.7800,301.7800,247.0100,269.3800,262.6500,261.3000,144.0000
603057SH,2026-03-27 14:59:00,24.6800,up_rally,回升,35.9900,26.5100,23.2600,31.8200,25.2400,26.5800,,31.8000,27.2000,32.1900
603060SH,2026-03-27 14:59:00,6.1300,down_natural,自然回升,7.5500,5.8800,7.0100,6.3600,7.4700,5.9300,7.0200,6.9700,6.8000,7.2200
603041SH,2026-03-27 14:59:00,12.6100,down_secondary,次级回升,16.1800,11.3100,13.7200,13.9900,14.7000,11.3500,13.7200,12.7300,13.3400,13.7500
603058SH,2026-03-27 14:59:00,11.8800,down_natural,自然回升,14.2700,11.1700,12.4100,12.2100,13.8500,11.6000,12.4600,11.9500,12.0800,8.5900
603051SH,2026-03-27 14:59:00,21.3600,down_natural,自然回升,29.9700,20.3400,24.5300,21.8600,26.4800,21.9500,24.6000,21.9500,23.8200,28.7700
603045SH,2026-03-27 14:59:00,28.9500,down_rally,回撤,36.6700,28.2400,30.2500,30.3500,32.5500,28.2800,30.2600,28.5200,29.9000,25.5600
603042SH,2026-03-27 14:59:00,20.3900,down_rally,回撤,21.7400,18.0000,20.3500,21.6000,21.6800,19.8200,20.3600,20.1800,19.8000,16.2700
603053SH,2026-03-27 14:59:00,10.3000,down_secondary,次级回升,10.9500,8.7300,9.3900,11.8600,10.0300,9.5500,9.4200,11.3300,9.1200,10.1400
603043SH,2026-03-27 14:59:00,15.8500,up_natural,自然回撤,18.8800,14.7700,15.3000,15.9100,18.5500,14.9000,17.2500,15.9000,17.2300,16.3800
603065SH,2026-03-27 14:59:00,8.2800,down_natural,自然回升,10.5000,7.4400,9.7200,8.3000,10.4800,7.9900,9.7500,9.4100,9.4500,10.0000
603063SH,2026-03-27 14:59:00,34.4200,up,上升趋势,34.7700,28.5800,31.0000,31.1500,34.3600,28.6000,31.0900,31.0400,30.6600,32.0700
603072SH,2026-03-27 14:59:00,36.0600,down_natural,自然回升,47.8800,34.0000,40.2800,36.2700,44.8800,,40.3100,,39.1000,
603067SH,2026-03-27 14:59:00,31.9100,down_rally,回撤,48.3500,30.3400,42.0500,34.9700,46.3100,31.2600,42.0800,32.8100,41.3000,45.8700
603070SH,2026-03-27 14:59:00,15.1500,up_rally,回升,17.9800,12.2500,13.8200,15.9600,15.4000,14.0200,,15.9300,12.6400,16.4800
603059SH,2026-03-27 14:59:00,34.4500,down_natural,自然回升,43.4300,30.0700,31.7500,34.7600,33.8700,31.1700,31.7500,33.6000,30.8000,34.7600
603062SH,2026-03-27 14:59:00,50.0900,up_rally,回升,59.9800,43.8800,45.5700,46.9600,51.2500,43.9200,,46.9500,52.0900,48.3000
603066SH,2026-03-27 14:59:00,10.0400,down_natural,自然回升,13.3200,9.2900,11.1800,10.3600,12.5600,10.2700,11.1900,10.6600,10.8900,11.5300
603075SH,2026-03-27 14:59:00,20.5700,down_natural,自然回升,27.7100,19.3400,23.0800,20.6300,24.8500,21.1400,23.1200,23.0700,22.3900,23.5400
603073SH,2026-03-27 14:59:00,19.7200,up_rally,回升,21.7400,16.1500,17.8900,17.6600,20.1000,16.4000,18.2200,17.6500,17.5200,18.1500
603071SH,2026-03-27 14:59:00,14.9000,up,上升趋势,15.4600,11.1300,13.7000,12.9100,15.2900,12.0300,13.2100,12.8700,11.4600,13.2800
603068SH,2026-03-27 14:59:00,31.6200,down_natural,自然回升,45.5600,30.2000,37.6700,32.1900,40.2000,33.0800,37.7000,33.3600,36.6400,42.5500
603077SH,2026-03-27 14:59:00,2.8700,up_rally,回升,3.5400,2.7400,2.6300,2.9200,2.9200,2.7400,,2.9100,2.8000,3.0000
603079SH,2026-03-27 14:59:00,17.0000,down_natural,自然回升,22.0000,15.1700,19.8000,17.1800,20.9900,17.0000,19.8000,19.2000,19.2200,19.5400
603078SH,2026-03-27 14:59:00,22.1800,down_secondary,次级回升,21.6300,17.4000,18.3800,31.7800,21.1800,21.0200,18.4200,22.3600,17.9000,19.7400
603083SH,2026-03-27 14:59:00,104.5300,down,下跌趋势,117.8200,100.4400,108.5700,110.8000,117.4800,102.0800,109.0000,102.0800,106.5000,112.0000
603085SH,2026-03-27 14:59:00,10.5200,down_natural,自然回升,12.9000,10.0200,11.3400,10.6500,12.2800,10.7100,11.3500,11.1400,11.0000,11.2700
603091SH,2026-03-27 14:59:00,72.3100,down,下跌趋势,88.8800,70.4100,77.8000,81.8800,85.6200,76.8200,77.8200,81.8000,75.5100,84.3300
603092SH,2026-03-27 14:59:00,69.0500,down_rally,回撤,75.0900,64.0100,69.3300,79.7900,73.9800,66.6100,69.3300,71.4700,67.2900,
603086SH,2026-03-27 14:59:00,7.4500,down_natural,自然回升,12.2100,6.9000,9.2700,7.4500,11.0500,7.7200,9.2800,9.0600,9.0000,9.1000
603082SH,2026-03-27 14:59:00,34.1500,down,下跌趋势,41.1800,32.7600,37.3000,39.0000,40.0300,36.2900,37.3700,38.7700,36.1900,39.4000
603081SH,2026-03-27 14:59:00,11.7700,down_natural,自然回升,14.8700,11.1100,13.7000,12.0200,14.7000,12.0600,13.7100,12.0700,13.3100,13.5500
603069SH,2026-03-27 14:59:00,17.9900,down_natural,自然回升,31.5800,17.0000,26.2900,18.2900,28.4800,22.1500,26.2900,23.5900,26.2900,24.0500
603087SH,2026-03-27 14:59:00,61.7500,down_natural,自然回升,82.2500,55.8000,67.0100,62.4700,72.1700,60.6100,67.0100,73.8000,65.1500,60.6000
603080SH,2026-03-27 14:59:00,22.1500,down,下跌趋势,27.5700,21.2100,23.8700,23.3800,25.8400,21.9700,24.0900,21.9700,23.1700,25.5300
603076SH,2026-03-27 14:59:00,28.1200,down_natural,自然回升,27.6600,22.6600,25.1000,28.1200,27.4400,23.0900,25.1100,24.7400,24.4300,25.5500
603088SH,2026-03-27 14:59:00,12.1300,up_rally,回升,14.0600,9.5400,11.4200,10.9900,12.2800,10.3000,11.7200,10.9500,11.4200,11.2700
603093SH,2026-03-27 14:59:00,19.8700,down_rally,回撤,22.9600,19.3000,20.2400,21.0300,22.5400,19.3800,20.6900,19.7500,19.6400,22.5500
603095SH,2026-03-27 14:59:00,17.6500,down_secondary,次级回升,21.6000,16.3100,20.0900,18.1500,21.6000,16.6000,20.1600,17.9300,19.6000,22.3500
603089SH,2026-03-27 14:59:00,12.3300,down_natural,自然回升,17.7900,11.4800,15.9000,12.4800,17.7700,12.2500,15.9100,13.6000,15.5200,16.4400
603099SH,2026-03-27 14:59:00,36.1800,down_natural,自然回升,60.3300,34.8000,45.6000,37.5800,49.4400,37.0300,45.6300,37.0900,44.5000,54.5700
603098SH,2026-03-27 14:59:00,17.9900,up_rally,回升,18.6600,12.2100,17.0500,14.8600,18.1000,13.7100,16.8000,14.8000,14.6500,15.2900
603100SH,2026-03-27 14:59:00,19.1700,down,下跌趋势,27.1700,18.6700,22.9200,26.9000,24.5400,21.7700,22.9200,25.2700,22.2600,24.9900
603096SH,2026-03-27 14:59:00,17.2800,down_natural,自然回升,21.4500,16.3000,20.0000,17.5900,21.3000,16.6900,20.0100,19.1500,19.4100,19.5900
603106SH,2026-03-27 14:59:00,9.0500,down_natural,自然回升,12.8500,8.5800,11.3600,9.1900,12.7900,10.1500,11.3700,10.9200,11.0500,12.2000
603097SH,2026-03-27 14:59:00,33.2900,up_secondary,次级回撤,42.6100,23.5000,32.0900,28.8000,34.4300,25.5000,32.1400,28.6200,25.7900,29.5300
603102SH,2026-03-27 14:59:00,41.7400,down_natural,自然回升,51.8400,37.3300,40.6000,42.1000,47.4000,41.1500,40.6500,46.5100,40.6000,48.1200
603090SH,2026-03-27 14:59:00,65.4400,up,上升趋势,65.4400,56.5900,,61.6600,,57.8800,,61.4500,83.8900,62.8000
603103SH,2026-03-27 14:59:00,22.7100,down,下跌趋势,40.4500,21.8000,29.5000,34.0000,35.6600,31.6600,31.4100,33.9000,29.5000,34.8300
603113SH,2026-03-27 14:59:00,7.3900,down_natural,自然回升,8.7000,6.8300,7.7100,7.5300,8.2500,7.1500,7.7200,7.1800,7.5000,7.1300
603119SH,2026-03-27 14:59:00,74.5600,down_rally,回撤,118.5000,69.1800,110.5000,77.6000,117.7800,72.5100,110.5000,72.6500,107.3700,124.3500
603120SH,2026-03-27 14:59:00,39.1600,down_natural,自然回升,50.3800,35.2000,44.4800,40.3900,47.4500,41.1800,44.4800,42.6100,43.1600,
603116SH,2026-03-27 14:59:00,5.6300,down_natural,自然回升,7.2000,5.1900,5.4800,5.7000,6.9300,5.3000,5.5700,6.1500,5.3200,6.3700
603115SH,2026-03-27 14:59:00,43.4300,up,上升趋势,43.4300,26.8200,,33.6600,,29.5100,,33.4100,28.5400,34.6000
603117SH,2026-03-27 14:59:00,4.9400,up_rally,回升,6.1200,4.5600,4.5700,5.6300,4.9500,5.2600,,5.6200,5.9800,5.7900
603108SH,2026-03-27 14:59:00,12.7500,down,下跌趋势,20.7700,12.4800,18.7000,15.2000,20.6200,14.2700,18.7800,14.2700,18.1500,16.9500
603105SH,2026-03-27 14:59:00,12.4700,down,下跌趋势,14.4200,12.2200,12.9100,8.7600,13.7100,8.2300,12.9100,8.7500,12.9100,9.0200
603109SH,2026-03-27 14:59:00,22.9900,down_natural,自然回升,38.8400,21.8600,35.1100,23.4300,37.7700,24.2600,35.1200,26.3000,34.0700,28.8200
603107SH,2026-03-27 14:59:00,14.4400,down,下跌趋势,16.9600,14.0000,15.2900,15.7300,16.2400,14.5300,15.2900,14.7800,14.8500,16.2800
603101SH,2026-03-27 14:59:00,8.1300,down_natural,自然回升,12.6500,7.7400,11.4800,8.3700,12.4900,9.2700,11.5000,10.8400,11.1500,11.5800
603111SH,2026-03-27 14:59:00,6.5400,down_natural,自然回升,8.4200,6.1900,6.7100,6.6300,7.4000,6.2100,6.7200,6.9000,6.5500,7.2700
603110SH,2026-03-27 14:59:00,16.1500,up_rally,回升,18.5000,15.2600,14.5600,17.6200,16.3200,15.4800,16.8600,17.6000,16.0100,18.0000
603112SH,2026-03-27 14:59:00,16.9500,down_natural,自然回升,20.1000,16.1200,18.7100,17.3500,19.8500,16.4200,18.7100,17.8600,18.1700,18.3000
603118SH,2026-03-27 14:59:00,13.0700,down_rally,回撤,13.2200,10.7600,12.1700,13.5900,12.9700,12.7700,12.1700,12.7700,12.1700,12.3500
603133SH,2024-07-02 15:00:00,0.2900,down_rally,回撤,0.3400,0.2800,0.3000,0.3000,0.3200,0.2800,0.3000,0.3000,0.3000,0.3200
603127SH,2026-03-27 14:59:00,30.2400,down_natural,自然回升,45.9500,26.2500,42.0000,30.2400,44.6200,31.7300,42.0000,34.2000,40.7800,35.0900
603124SH,2026-03-27 14:59:00,107.7300,down_secondary,次级回升,121.6600,93.7900,111.6000,111.1100,121.6500,94.5100,111.7500,109.6500,110.1000,99.0000
603128SH,2026-03-27 14:59:00,5.6500,down_natural,自然回升,7.9600,5.4400,7.1800,5.7700,7.6700,5.6900,7.2000,6.1000,7.0000,7.6600
603121SH,2026-03-27 14:59:00,16.8900,down,下跌趋势,23.8800,16.2600,21.1400,20.0700,22.5000,18.7500,21.1400,18.8400,20.5100,26.4500
603122SH,2026-03-27 14:59:00,15.3800,down_rally,回撤,19.7800,14.8100,15.9500,16.0900,17.3000,14.9600,16.0000,15.1200,15.5000,19.6000
603132SH,2026-03-27 14:59:00,16.7300,down_natural,自然回升,18.8800,14.3500,17.6300,16.7300,18.8000,16.6000,17.6600,18.7700,17.1200,18.9600
603131SH,2026-03-27 14:59:00,20.1100,down,下跌趋势,35.1800,19.5300,27.6500,24.4400,29.5300,22.5700,27.7200,22.9200,26.8600,32.0500
603129SH,2026-03-27 14:59:00,226.5100,down,下跌趋势,304.8000,220.0100,228.5600,237.7000,302.5500,221.6000,229.4300,223.0000,222.9900,242.2800
603137SH,2026-03-27 14:59:00,13.5500,down_natural,自然回升,16.7600,12.0000,15.1600,13.5700,16.0700,13.1800,15.1600,14.8800,14.7100,13.5800
603123SH,2026-03-27 14:59:00,11.1700,down_natural,自然回升,14.4800,10.6000,12.9300,11.2700,14.1800,13.3300,13.0000,14.2500,12.6400,14.3200
603130SH,2026-03-27 14:59:00,39.6300,down,下跌趋势,64.5800,39.5000,55.0100,47.4200,61.5000,40.5100,55.0300,43.9000,53.9600,43.6500
603135SH,2026-03-27 14:59:00,10.1200,down_natural,自然回升,12.3900,9.6700,11.0300,10.3600,11.8000,10.6500,11.0400,11.9500,10.7100,12.3500
603125SH,2026-03-27 14:59:00,17.2000,down_natural,自然回升,20.6100,16.1300,18.0600,17.4000,19.4000,17.0300,18.0700,19.2000,17.6900,18.5000
603126SH,2026-03-27 14:59:00,7.4800,down_natural,自然回升,8.7500,6.9200,7.4600,7.7400,8.1900,5.8500,7.4700,6.4700,7.2500,6.5100
603136SH,2026-03-27 14:59:00,11.5200,down_natural,自然回升,14.5800,10.5300,12.3600,11.6800,13.8800,11.0600,12.3900,12.1200,11.9900,13.3800
603155SH,2026-03-27 14:59:00,15.7800,down_natural,自然回升,22.1600,14.7400,20.1800,15.8700,21.6000,18.7800,20.2100,21.0500,19.6100,21.2100
603138SH,2026-03-27 14:59:00,18.8000,down_rally,回撤,24.9000,17.7800,22.8300,20.3400,24.4700,18.2000,22.8900,19.1100,22.1800,22.2000
603151SH,2026-03-27 14:59:00,16.6800,down_natural,自然回升,31.3600,16.0600,26.0000,17.2300,27.5700,17.5300,26.0000,19.5000,25.2500,28.8900
603153SH,2026-03-27 14:59:00,15.7300,down_natural,自然回升,21.0000,14.9000,17.7100,15.9700,19.8000,16.6800,17.7200,17.0100,17.2000,20.0900
603156SH,2026-03-27 14:59:00,29.9200,down_natural,自然回升,35.8800,28.5000,29.4000,30.6200,32.7000,31.6800,29.4200,34.2000,28.5700,35.3100
603160SH,2026-03-27 14:59:00,67.7900,down,下跌趋势,84.9700,65.9000,78.6600,86.2600,84.7600,73.4700,78.7100,86.2400,76.3700,87.5100
603163SH,2026-03-27 14:59:00,112.8400,down_rally,回撤,126.1800,103.6600,109.2000,123.8700,116.8800,108.0000,109.2000,116.2800,109.2000,114.8600
603139SH,2026-03-27 14:59:00,27.0800,up_rally,回升,28.6900,19.9100,24.2000,25.5300,28.1800,22.6600,26.1700,25.5000,24.7100,26.2800
603159SH,2026-03-27 14:59:00,24.0000,down_rally,回撤,29.8000,22.8800,25.9000,24.5700,28.1300,22.9800,25.9500,22.9800,25.1300,24.6600
603150SH,2026-03-27 14:59:00,45.3000,down_natural,自然回升,65.9700,43.3500,57.6300,46.6600,65.1800,51.6200,57.9300,58.8800,56.0000,60.5000
603158SH,2026-03-27 14:59:00,11.6900,down_secondary,次级回升,13.3400,10.7400,11.8000,12.4500,12.9600,11.1500,11.8300,11.8300,11.6000,11.8000
603157SH,2022-05-23 15:00:00,0.5900,up_natural,自然回撤,0.6700,0.5000,0.5800,0.5800,0.6500,0.5300,,0.5700,0.6700,0.5900
603161SH,2026-03-27 14:59:00,14.3900,down_natural,自然回升,17.1200,13.4400,15.1000,14.7900,16.3800,10.8700,15.1200,11.7600,14.6600,12.2000
603162SH,2026-03-27 14:59:00,13.2800,down_secondary,次级回升,16.6300,12.5200,14.0000,13.5700,15.0500,12.6600,14.0100,13.4800,13.6000,12.5400
603165SH,2026-03-27 14:59:00,15.1600,up_secondary,次级回撤,16.3500,12.0900,13.4900,15.5400,15.7200,13.0000,13.8100,15.4600,13.4900,15.9300
603166SH,2026-03-27 14:59:00,13.6100,down_natural,自然回升,18.5100,12.4800,16.0800,13.8500,17.1600,14.0300,16.1000,14.4000,15.6000,16.0000
603167SH,2026-03-27 14:59:00,9.1800,down_natural,自然回升,11.6800,8.7000,10.0500,9.3200,10.9500,9.0800,10.0600,10.0500,9.7500,9.6600
603170SH,2026-03-27 14:59:00,12.7200,down_natural,自然回升,15.7700,12.2300,14.3800,13.0100,15.5000,13.7600,14.3900,14.8300,13.9600,15.2900
603168SH,2026-03-27 14:59:00,6.9200,down_natural,自然回升,9.0000,6.2400,8.0500,6.9400,9.0900,6.8800,8.0600,7.3700,7.8100,8.8100
603171SH,2026-03-27 14:59:00,50.7100,down_natural,自然回升,90.6000,48.2400,83.0000,51.2600,87.9900,55.0200,83.0000,56.2500,80.6600,56.8700
603177SH,2026-03-27 14:59:00,11.3600,down_natural,自然回升,13.4000,10.3500,12.0500,11.5600,13.0800,11.0500,12.0600,11.7300,11.7000,12.0900
603176SH,2026-03-27 14:59:00,5.5300,down_natural,自然回升,7.7400,4.9600,6.1800,5.5500,6.5900,5.0300,6.1800,5.8800,6.0000,6.4000
603179SH,2026-03-27 14:59:00,66.1900,down_rally,回撤,108.4100,58.1100,80.8800,67.9800,86.9800,63.7500,80.9000,63.8500,78.8500,81.0000
603180SH,2026-03-27 14:59:00,18.6000,down_natural,自然回升,21.5000,17.7000,19.5200,18.9300,21.0400,18.9000,19.5300,23.4800,19.0100,20.1600
603173SH,2026-03-27 14:59:00,40.5000,down_natural,自然回升,52.0000,38.0000,46.1600,41.5200,49.3000,41.7100,46.1800,41.8400,44.8000,44.9700
603169SH,2026-03-27 14:59:00,10.1400,down,下跌趋势,13.5000,9.9200,10.8300,10.8400,11.9800,10.1400,11.0100,10.1800,10.6600,11.3000
603182SH,2026-03-27 14:59:00,15.1200,down_natural,自然回升,16.8300,13.7800,14.6000,15.1700,16.3500,11.3700,14.7600,12.1200,14.1800,12.4200
603175SH,2026-03-27 14:59:00,87.5300,up_secondary,次级回撤,99.9900,,76.2800,,91.5000,,84.4000,,76.3000,
603178SH,2026-03-27 14:59:00,15.4400,down_natural,自然回升,24.5900,14.6100,17.6600,15.5900,19.4500,19.8800,17.6900,21.5500,17.1500,22.5000
603172SH,2026-03-27 14:59:00,20.9900,down_natural,自然回升,31.1300,19.4200,22.9800,21.3200,27.7400,22.0800,23.0000,22.0800,22.5500,30.4600
603181SH,2026-03-27 14:59:00,14.7700,down_natural,自然回升,20.8800,13.6500,19.1800,15.0700,20.7000,13.8500,19.1900,17.4500,18.6200,17.6500
603183SH,2026-03-27 14:59:00,4.5800,down_secondary,次级回升,5.0100,4.1100,4.3700,4.9000,4.7700,4.1200,4.3800,4.6500,4.2400,4.9800
603189SH,2026-03-27 14:59:00,18.9600,down_rally,回撤,23.9200,18.1200,22.0000,19.9000,23.7200,18.5000,22.0200,18.5300,21.3600,23.4600
603185SH,2026-03-27 14:59:00,24.3100,down_secondary,次级回升,33.4800,23.0800,30.4100,24.9700,32.3000,23.1900,30.4100,24.6700,29.5000,26.5500
603187SH,2026-03-27 14:59:00,14.8100,down,下跌趋势,17.2600,14.4800,16.1700,15.7300,17.1600,14.3000,16.1700,15.6300,15.6900,16.1500
603190SH,2026-03-27 14:59:00,24.9800,down_natural,自然回升,29.5000,23.0300,26.4600,25.2900,28.3000,25.3100,26.4800,25.3100,25.8700,24.5200
603186SH,2026-03-27 14:59:00,62.3800,down_secondary,次级回升,88.1500,56.9500,77.5000,64.2900,82.2000,59.2000,77.5000,63.5200,75.5000,49.4600
603188SH,2026-03-27 14:59:00,4.8800,down_natural,自然回升,6.2800,4.4300,5.1700,4.9900,5.6800,4.5100,5.1800,4.8000,5.0200,4.9500
603191SH,2026-03-27 14:59:00,22.0600,down_rally,回撤,27.6000,21.1100,25.6700,23.5300,27.6900,21.3200,25.8500,22.1000,25.0000,12.4700
603194SH,2026-03-27 14:59:00,32.5600,down,下跌趋势,42.8000,31.4000,37.9100,41.1500,40.4500,38.5900,38.0000,41.0900,36.7900,42.2700
603193SH,2026-03-27 14:59:00,21.2000,down,下跌趋势,37.1500,20.2800,31.6300,25.8500,34.6300,23.6800,31.7100,24.2500,30.8000,36.4500
603192SH,2026-03-27 14:59:00,23.3900,down_natural,自然回升,29.3800,22.1100,25.1100,23.6600,28.6800,22.7100,25.2100,24.3900,24.3800,24.7100
603201SH,2026-03-27 14:59:00,16.2400,up_natural,自然回撤,18.6900,15.9600,15.9500,17.4500,18.6000,16.3200,,17.4400,18.4800,17.8200
603205SH,2026-03-27 14:59:00,25.4200,up_natural,自然回撤,31.0500,26.3600,24.5500,29.1200,,26.7900,,28.7800,34.5100,30.0100
603206SH,2026-03-27 14:59:00,15.3900,down_natural,自然回升,19.6000,14.7300,17.7600,15.7100,19.4900,15.4400,17.7900,15.4400,17.2300,17.7800
603208SH,2026-03-27 14:59:00,13.3800,down_natural,自然回升,17.7800,12.1500,13.9000,13.5300,14.8400,13.9700,13.9100,14.8800,13.4900,15.4600
603200SH,2026-03-27 14:59:00,58.9800,down_secondary,次级回升,91.0000,55.0900,77.0000,59.9800,84.7200,56.2000,77.0100,59.5800,74.8700,81.9600
603207SH,2026-03-27 14:59:00,27.2900,down_natural,自然回升,39.4700,25.4800,35.1300,27.2900,37.6500,27.7400,35.1900,29.8900,34.1000,36.0200
603203SH,2026-03-27 14:59:00,35.5400,up_secondary,次级回撤,42.9300,19.2700,33.9000,24.5400,37.9600,22.6500,35.0200,24.3500,35.8800,24.6400
603209SH,2026-03-27 14:59:00,14.7800,down_natural,自然回升,18.1200,13.8900,15.3200,15.0000,16.6000,14.4100,15.3300,15.4100,14.8700,15.9100
603210SH,2026-03-27 14:59:00,18.0600,down_natural,自然回升,20.4900,17.2000,18.3100,18.5600,19.5500,,18.3100,,18.3100,
603202SH,2026-03-27 14:59:00,94.9300,up_rally,回升,98.3800,,89.6400,,95.4200,,,,,
603199SH,2026-03-27 14:59:00,39.4200,down,下跌趋势,45.6800,38.5000,40.6000,41.5400,45.1500,39.0300,40.6500,39.0300,39.4100,37.9700
603195SH,2026-03-27 14:59:00,41.2900,down,下跌趋势,174.9700,40.6300,157.5000,44.4100,172.9500,40.8000,157.5400,41.6800,153.0000,158.4800
603196SH,2026-03-27 14:59:00,27.2200,up_rally,回升,29.2900,24.4700,25.5000,27.6500,27.5900,25.0200,,27.6400,24.9400,28.2800
603198SH,2026-03-27 14:59:00,31.9600,down,下跌趋势,47.2700,31.3500,43.3300,43.1000,46.9600,38.3000,43.3400,40.4400,42.0500,42.4800
603197SH,2026-03-27 14:59:00,32.1100,down,下跌趋势,46.9900,31.3000,39.0500,41.1800,41.4000,34.2500,39.0500,38.4800,37.9000,41.2200
603211SH,2026-03-27 14:59:00,23.9400,up_break,破碎,26.0800,20.5200,23.6400,24.0500,25.7700,22.2300,24.0000,23.9500,23.1500,24.7000
603212SH,2026-03-27 14:59:00,13.9400,down,下跌趋势,19.0500,13.3300,17.1500,14.6600,18.5000,13.8100,17.1500,14.6500,17.1500,14.7000
603213SH,2026-03-27 14:59:00,14.2900,down_natural,自然回升,16.8200,12.7800,13.7600,14.5000,16.6600,12.9100,13.7800,13.2500,13.5100,14.4200
603215SH,2026-03-27 14:59:00,19.6900,up_rally,回升,23.0700,18.6600,18.0000,21.1800,20.2800,19.8800,18.5300,21.1100,18.0000,21.4500
603219SH,2026-03-27 14:59:00,15.5700,down,下跌趋势,23.7700,15.2100,17.0300,19.9800,18.2900,15.3800,17.0400,18.5500,16.5500,20.1100
603216SH,2026-03-27 14:59:00,32.3500,down_natural,自然回升,58.8400,31.0000,46.6600,33.3100,54.2800,37.0800,46.7000,38.5100,45.5000,48.1200
603217SH,2026-03-27 14:59:00,25.2800,down_natural,自然回升,29.1000,21.1900,24.5500,25.4800,28.8800,23.3700,24.7000,23.8000,23.8600,18.5700
603214SH,2026-03-27 14:59:00,15.9300,up_rally,回升,19.3100,16.4100,14.5600,18.6000,16.0400,16.8900,,18.5900,16.8000,19.1000
603222SH,2026-03-27 14:59:00,8.9700,down_secondary,次级回升,12.3600,8.2700,9.5000,9.6700,10.2500,8.4000,9.5100,9.3000,9.2500,10.8200
603218SH,2026-03-27 14:59:00,14.7200,up_rally,回升,17.0900,12.4000,14.2700,14.4600,15.1300,13.3200,14.6000,14.4500,14.2700,14.8900
603220SH,2026-03-27 14:59:00,24.9300,down_rally,回撤,31.0300,23.6200,24.9300,26.4800,28.3800,24.1400,25.8400,24.8800,24.1900,25.5200
603223SH,2026-03-27 14:59:00,8.4900,down,下跌趋势,11.7400,8.1300,9.0800,9.2200,10.9900,8.3600,9.0900,9.2100,8.8400,9.4400
603225SH,2026-03-27 14:59:00,16.8600,down_natural,自然回升,22.7700,15.0000,18.5700,17.3900,19.8000,17.3300,18.5700,18.4100,18.5700,17.0200
603226SH,2026-03-27 14:59:00,36.5500,down_rally,回撤,44.3000,35.4600,39.8800,39.5700,42.8500,36.5100,39.8800,36.7300,39.8800,30.8500
603228SH,2026-03-27 14:59:00,56.5900,down_rally,回撤,81.5600,55.1500,64.1200,59.8000,69.3300,55.3000,64.3000,55.9500,62.2800,66.2800
603221SH,2026-03-27 14:59:00,11.5100,down_natural,自然回升,17.6000,10.6900,11.5900,11.6100,15.3000,10.7300,11.6500,11.6500,11.2500,15.3200
603230SH,2026-03-27 14:59:00,12.1700,down_natural,自然回升,15.5300,11.0300,11.8700,12.2400,13.7200,11.3400,11.9000,11.3400,11.5400,13.7500
603229SH,2026-03-27 14:59:00,10.0300,down_natural,自然回升,12.5100,8.6300,10.6200,10.2700,12.0600,9.1000,10.6400,9.1000,10.3100,10.8100
603231SH,2026-03-27 14:59:00,17.2700,down_natural,自然回升,22.3700,16.1300,18.0000,17.4400,20.3000,15.9400,18.0100,17.9100,17.4700,18.1800
603235SH,2026-03-27 14:59:00,26.7000,up_break,破碎,30.8600,24.4200,25.9200,27.2700,30.0200,26.0000,25.9300,27.7200,25.6300,28.0500
603232SH,2026-03-27 14:59:00,19.9500,down,下跌趋势,28.4000,19.5100,23.6000,24.4800,26.6300,23.3800,23.6800,24.8100,22.9800,25.2000
603236SH,2026-03-27 14:59:00,72.8500,down,下跌趋势,107.0400,71.6700,83.0000,82.7900,88.3900,77.6100,83.0300,77.6100,80.5300,98.1000
603227SH,2026-03-27 14:59:00,9.4300,up,上升趋势,9.7700,8.0400,,9.0800,,8.4300,,8.9800,8.6800,9.2500
603233SH,2026-03-27 14:59:00,17.5300,down_natural,自然回升,21.7800,16.7800,18.9600,17.7900,20.2200,14.4500,18.9800,16.1000,18.4000,16.6000
603239SH,2026-03-27 14:59:00,21.3000,down_natural,自然回升,26.5000,20.3000,23.1500,21.6700,25.4800,21.7000,23.4800,22.0200,22.5000,23.3600
603237SH,2026-03-27 14:59:00,16.5600,down_natural,自然回升,22.5000,15.6300,19.5000,16.7400,22.0500,16.1600,19.5100,17.7500,19.0000,21.5100
603257SH,2026-03-27 14:59:00,55.2700,down_rally,回撤,73.6800,52.6100,68.7200,56.7900,73.2100,53.3300,68.7200,53.3300,66.8000,
603261SH,2026-03-27 14:59:00,32.7200,up_rally,回升,33.3600,21.1100,28.9500,25.3600,33.1000,23.6000,28.0000,25.3400,27.0700,25.9600
603238SH,2026-03-27 14:59:00,15.7600,down_natural,自然回升,23.6000,14.5500,19.6000,16.0500,21.7900,16.4100,19.6200,18.0900,19.0300,18.3600
603248SH,2026-03-27 14:59:00,29.0400,down_natural,自然回升,36.4000,25.7100,31.8100,29.0400,33.9600,26.2800,31.8200,27.0400,31.5500,25.9800
603259SH,2026-03-27 14:59:00,97.0000,down_natural,自然回升,106.9900,87.0900,92.4300,97.2600,106.5800,89.1300,92.4600,94.5800,89.8200,98.5000
603258SH,2026-03-27 14:59:00,16.3000,down,下跌趋势,26.1600,15.7600,22.0100,21.0000,24.4500,17.6900,22.0400,20.7000,21.3700,21.2200
603262SH,2026-03-27 14:59:00,24.9400,down,下跌趋势,30.2800,24.4500,26.0000,,28.1800,,26.2000,,25.2300,
603255SH,2026-03-27 14:59:00,27.4100,up_rally,回升,36.4700,28.5500,26.0700,31.2200,28.0500,29.2000,31.7300,31.1000,33.0800,31.8000
603256SH,2026-03-27 14:59:00,65.6000,down_rally,回撤,85.8300,59.6800,77.0000,68.9100,82.9300,63.9000,77.0400,64.5600,75.0000,78.7600
603268SH,2026-03-27 14:59:00,114.8800,down,下跌趋势,132.6000,111.2000,117.0000,122.5000,127.4700,112.0000,117.0700,114.6200,114.0000,89.9000
603260SH,2026-03-27 14:59:00,42.1400,down,下跌趋势,67.4600,40.1700,54.5700,53.5800,57.9400,47.1400,54.5700,50.3700,52.9400,61.5800
603275SH,2026-03-27 14:59:00,43.5800,down_natural,自然回升,52.1400,41.1700,46.3900,44.2400,50.4900,42.2500,46.4000,43.7200,45.0300,50.4200
603270SH,2026-03-27 14:59:00,23.9300,down_rally,回撤,28.4500,22.5800,25.7000,29.4800,27.5400,22.8700,25.7000,28.6600,25.0000,24.3000
603266SH,2026-03-27 14:59:00,18.3800,down_natural,自然回升,24.7100,17.0800,22.0100,18.5900,23.6200,18.7500,22.0200,20.2600,21.3500,22.1200
603267SH,2026-03-27 14:59:00,50.2100,down,下跌趋势,68.5800,48.5000,55.7500,50.8000,60.8700,46.4000,55.7700,50.5000,54.0900,52.2000
603273SH,2026-03-27 14:59:00,18.2300,down_natural,自然回升,21.3200,16.8800,17.8200,18.6800,20.3500,18.2100,17.8500,19.7700,17.4200,20.3600
603272SH,2026-03-27 14:59:00,32.0000,up,上升趋势,32.3200,17.6600,21.7000,23.4900,26.9900,20.2000,23.0900,23.4600,21.1700,23.9300
603280SH,2026-03-27 14:59:00,34.4000,down_natural,自然回升,47.5000,32.6400,34.0000,35.3700,47.1700,42.5600,34.1000,45.6000,33.0700,46.9900
603277SH,2026-03-27 14:59:00,14.4400,down,下跌趋势,24.4800,14.0800,14.7300,21.0200,20.1100,19.0000,14.7400,21.0100,14.3000,21.6500
603269SH,2026-03-27 14:59:00,13.8200,down,下跌趋势,19.2400,13.4400,14.9800,14.7900,16.1000,13.6800,15.0000,13.9000,14.5500,14.4000
603276SH,2026-03-27 14:59:00,16.4900,down_natural,自然回升,19.7700,15.1600,16.0600,16.5500,18.8600,14.7200,16.5000,15.7400,15.6000,16.2200
603281SH,2026-03-27 14:59:00,32.6700,up_rally,回升,34.7300,26.2700,29.2000,28.2600,33.1200,26.4900,29.4300,28.2500,29.2000,29.0500
603290SH,2026-03-27 14:59:00,109.1000,down_secondary,次级回升,117.0600,96.0000,100.2900,114.6700,110.9800,99.9000,100.3000,112.7200,97.3800,105.8800
603296SH,2026-03-27 14:59:00,84.7400,down_secondary,次级回升,111.0300,80.8400,101.2800,93.2500,110.1800,81.1800,101.6000,92.8400,98.3700,74.7300
603291SH,2026-03-27 14:59:00,12.1700,down_secondary,次级回升,13.1600,9.3800,11.5800,12.9700,12.8500,10.4400,11.5900,12.4600,11.2500,12.2000
603284SH,2026-03-27 14:59:00,45.1600,down,下跌趋势,72.0000,43.9000,66.9200,51.6700,75.1300,47.1000,66.9200,48.5400,66.9200,
603283SH,2026-03-27 14:59:00,43.1000,down_rally,回撤,57.6900,40.5600,46.5100,44.7800,52.9200,41.3100,46.5200,42.0900,45.5600,49.0800
603285SH,2026-03-27 14:59:00,31.1200,down_secondary,次级回升,39.4700,28.2900,34.7700,33.2000,39.0000,30.5000,34.9000,32.3700,33.8300,33.2000
603286SH,2026-03-27 14:59:00,57.5600,down_natural,自然回升,76.0000,51.8800,57.8000,57.9200,64.4200,68.2000,57.8100,72.4900,56.4400,74.2000
603289SH,2026-03-27 14:59:00,10.7300,down_natural,自然回升,11.9900,9.7200,10.8900,10.9800,11.6800,10.7600,10.9200,11.4200,10.5700,11.6900
603288SH,2026-03-27 14:59:00,39.8000,up,上升趋势,40.1000,34.8300,36.1400,38.1800,39.7200,35.2500,,38.1700,42.2000,39.2000
603271SH,2026-03-27 14:59:00,44.2900,down_natural,自然回升,53.0900,39.0900,49.5000,44.8300,52.8600,44.0100,49.6000,47.8000,48.3500,
603278SH,2026-03-27 14:59:00,10.8100,down_natural,自然回升,17.9900,10.2000,16.4200,11.0000,17.6500,12.1000,16.4400,12.2100,16.0500,17.4900
603282SH,2026-03-27 14:59:00,20.2600,up_rally,回升,24.4000,18.2300,18.7200,23.5300,20.6500,20.8000,,23.4600,18.5400,24.1600
603297SH,2026-03-27 14:59:00,102.4000,down_natural,自然回升,129.8000,98.5400,113.3400,104.9300,125.5000,99.3500,113.3600,106.8000,110.0000,110.0000
603298SH,2026-03-27 14:59:00,24.8300,up_rally,回升,31.4300,15.9100,23.2500,20.2800,25.9600,18.1200,26.1000,20.2400,27.3400,20.8800
603299SH,2026-03-27 14:59:00,11.8200,down_natural,自然回升,12.6500,10.6100,11.8000,12.0400,12.7500,10.7800,11.8200,11.8800,11.4500,12.2900
603300SH,2026-03-27 14:59:00,6.8800,down_rally,回撤,8.5700,6.5600,7.5600,7.2600,8.2400,6.7400,7.5700,6.7800,7.3900,7.9600
603303SH,2026-03-27 14:59:00,13.8700,up_rally,回升,15.8800,12.5300,13.0300,13.4900,14.1800,12.5900,14.0700,13.4000,14.4800,13.9000
603279SH,2026-03-27 14:59:00,16.6800,down_natural,自然回升,21.7300,15.8000,18.5700,16.9800,19.7700,16.5500,18.5700,17.5700,18.0200,17.9700
603301SH,2026-03-27 14:59:00,93.9800,up_secondary,次级回撤,98.4900,62.1400,88.2000,69.3100,96.0000,64.9000,88.3000,69.2700,66.1700,71.3400
603305SH,2026-03-27 14:59:00,14.3500,down_natural,自然回升,22.4500,13.4600,18.2400,14.6500,21.7500,14.8800,18.2500,15.0800,17.7400,16.3600
603307SH,2026-03-27 14:59:00,37.9500,down_natural,自然回升,49.0000,35.4600,42.5600,38.6800,46.9400,37.5000,42.7800,40.8900,41.4400,34.8000
603306SH,2026-03-27 14:59:00,76.3800,down_rally,回撤,95.4800,71.5800,85.4100,79.2000,90.8600,74.0000,85.4100,74.0300,83.5100,82.8600
603310SH,2026-03-27 14:59:00,16.0800,down,下跌趋势,21.1900,15.5000,19.7200,18.0400,21.1500,16.7400,19.7600,16.9500,19.2000,21.1800
603312SH,2026-03-27 14:59:00,43.6700,down,下跌趋势,53.3400,42.0400,49.5100,46.8800,52.5000,43.1200,49.5100,43.9900,48.2200,50.5000
603308SH,2026-03-27 14:59:00,62.3700,down_rally,回撤,76.9400,57.0100,62.0000,65.0000,70.1500,60.0800,62.0100,60.9800,60.2900,46.7100
603309SH,2026-03-27 14:59:00,15.6700,up_rally,回升,16.4200,9.8600,13.9800,15.1100,15.9200,13.7500,,15.1000,12.2400,15.5200
603311SH,2026-03-27 14:59:00,16.4400,up_rally,回升,17.5500,7.7900,14.1600,10.8700,16.5900,10.0700,15.3700,10.8600,9.8000,11.1900
603313SH,2026-03-27 14:59:00,8.3300,down_natural,自然回升,10.7700,7.6700,9.0900,8.3800,10.0000,8.7000,9.1000,8.7000,8.8300,10.1800
603315SH,2026-03-27 14:59:00,14.1000,down_natural,自然回升,17.9500,13.3000,15.1300,14.5600,16.8600,15.5600,15.1500,16.5600,14.8000,17.0600
603317SH,2026-03-27 14:59:00,12.3600,up_break,破碎,14.9100,10.5000,12.1000,12.3400,13.1000,10.7900,12.1300,12.3300,11.8000,12.5200
603318SH,2026-03-27 14:59:00,8.3900,down_natural,自然回升,11.0000,7.6700,8.4100,8.4900,9.7600,7.7200,8.4500,7.7200,8.1800,7.0900
603320SH,2026-03-27 14:59:00,20.2800,down_natural,自然回升,26.4800,18.8000,23.6000,20.4900,25.9400,21.2800,23.6800,23.6000,23.0300,24.4900
603319SH,2026-03-27 14:59:00,31.8400,down_rally,回撤,41.4100,31.3300,35.8500,34.2100,39.9900,31.5100,35.8700,31.6300,34.8000,38.8800
603322SH,2026-03-27 14:59:00,30.4600,down_natural,自然回升,55.3100,28.5300,38.0000,31.3200,42.8500,28.7800,38.0200,28.9000,36.9000,50.6600
603321SH,2026-03-27 14:59:00,7.2700,down_natural,自然回升,8.7000,6.6400,7.2200,7.3400,8.6300,7.4400,7.2300,7.9700,7.0500,8.2000
603325SH,2026-03-27 14:59:00,71.7100,down_natural,自然回升,108.9900,69.6100,84.0000,74.1800,101.1100,73.0000,84.1600,73.0000,81.5600,
603323SH,2026-03-27 14:59:00,4.9000,down_natural,自然回升,6.2600,4.7000,5.5000,4.9900,5.9700,4.9000,5.5100,4.9000,5.3400,5.0400
603327SH,2026-03-27 14:59:00,9.0200,down,下跌趋势,14.9400,8.7000,12.6000,10.3200,13.4300,9.6300,12.6000,9.7000,12.3100,11.7500
603332SH,2026-03-27 14:59:00,12.9200,up_secondary,次级回撤,15.4900,12.7400,11.5000,14.9000,13.7700,13.5600,12.6100,14.8500,13.5800,15.0900
603328SH,2026-03-27 14:59:00,11.5800,down_natural,自然回升,13.4500,10.7200,11.5100,11.9100,12.9600,10.6700,11.8300,11.5300,11.1700,11.9000
603330SH,2026-03-27 14:59:00,6.7900,down_natural,自然回升,8.7700,6.3400,7.0200,6.9200,8.5300,6.3200,7.0300,7.0500,6.8800,7.2500
603316SH,2026-03-27 14:59:00,14.5300,down,下跌趋势,17.3000,14.0800,14.9000,15.9600,17.1300,14.2900,15.0000,15.0000,14.4600,15.5300
603326SH,2026-03-27 14:59:00,8.9200,down_natural,自然回升,10.5000,8.2800,9.3000,9.0800,9.9900,8.3000,9.3100,8.3300,9.0900,9.9500
603337SH,2026-03-27 14:59:00,39.1400,down,下跌趋势,50.5000,38.2000,44.6000,46.9500,47.9700,39.7700,44.6300,44.1100,43.2800,47.0000
603341SH,2026-03-27 14:59:00,38.1600,down_natural,自然回升,53.5700,36.5900,45.9800,38.8900,48.9400,40.5600,45.9800,41.0800,44.6600,48.4500
603331SH,2026-03-27 14:59:00,14.8900,down_rally,回撤,21.7800,14.1300,19.9000,15.3100,21.7800,14.3000,19.9900,14.3000,19.9000,17.4900
603335SH,2026-03-27 14:59:00,5.9000,up_rally,回升,6.5600,5.4000,5.1800,5.8500,5.9300,5.5000,5.3200,5.8400,5.1800,5.9800
603333SH,2026-03-27 14:59:00,7.8400,up_rally,回升,9.2200,7.8300,7.2300,8.9300,8.0100,8.3100,,8.9200,7.9800,9.1300
603336SH,2026-03-27 14:59:00,8.7700,down_natural,自然回升,10.5500,8.0900,9.4100,8.7800,10.0500,8.4300,9.4300,9.1600,9.1300,9.4500
603324SH,2026-03-27 14:59:00,25.5000,down_break,破碎,28.3100,22.6100,26.2200,25.3300,27.8800,22.7500,26.2200,25.2000,25.4600,25.5000
603344SH,2026-03-27 14:59:00,27.4500,up_rally,回升,39.3600,24.2800,25.4000,35.4900,27.8700,31.5700,,35.0000,28.3000,35.8000
603334SH,2026-03-27 14:59:00,51.4600,down_natural,自然回升,60.9900,47.0100,52.4000,53.1600,57.5700,,52.4100,,50.9100,
603329SH,2026-03-27 14:59:00,10.4300,down_natural,自然回升,17.5200,9.6200,14.2500,10.5900,15.1700,10.5100,14.2500,11.9800,14.2500,12.6800
603352SH,2026-03-27 14:59:00,37.7400,down,下跌趋势,64.8800,37.2000,51.0000,46.3500,56.6500,38.9200,52.4300,43.3000,51.0000,62.8500
603338SH,2026-03-27 14:59:00,49.2500,down_natural,自然回升,64.6000,46.8800,54.0000,49.8800,62.4900,50.1000,54.0400,50.9600,52.8000,53.1500
603356SH,2026-03-27 14:59:00,16.4500,up_secondary,次级回撤,21.9100,11.9300,15.3000,14.0000,17.0800,12.6000,15.7900,13.9300,12.8900,14.3800
603353SH,2026-03-27 14:59:00,33.9900,down_natural,自然回升,47.8000,33.2000,44.5400,35.3500,49.0000,43.1800,44.8500,46.7600,44.5400,45.2200
603351SH,2026-03-27 14:59:00,24.7800,down_natural,自然回升,31.8800,23.2400,26.6000,25.0000,29.5000,25.2000,26.6100,28.5000,25.8100,21.9600
603358SH,2026-03-27 14:59:00,30.3700,down_natural,自然回升,57.1800,27.3000,49.7000,30.4400,53.2000,41.1000,49.7000,43.6500,48.4100,37.5700
603363SH,2026-03-27 14:59:00,3.9300,up_natural,自然回撤,4.6600,4.0100,3.7600,4.4200,,4.0300,,4.3900,5.5300,4.5300
603365SH,2026-03-27 14:59:00,20.4800,up_rally,回升,21.9500,19.5400,19.0900,21.3000,20.8800,19.8400,19.6500,21.2100,19.0900,21.9000
603360SH,2026-03-27 14:59:00,26.6100,down_natural,自然回升,38.9800,22.4300,28.0000,26.8500,29.9800,26.1100,28.0700,26.1100,27.1900,32.3200
603357SH,2026-03-27 14:59:00,7.9600,down_natural,自然回升,10.2400,7.5800,8.1500,8.1100,8.7600,7.8500,8.1600,8.3400,7.9100,9.8400
603345SH,2026-03-27 14:59:00,87.6300,up_secondary,次级回撤,103.0000,68.5700,69.5100,90.7800,97.5000,81.0000,79.5000,90.3100,69.5100,92.9000
603355SH,2026-03-27 14:59:00,28.1300,down_natural,自然回升,38.9200,27.0700,30.5000,28.8200,33.6000,22.2500,30.5400,23.6400,29.6000,24.3700
603339SH,2026-03-27 14:59:00,12.8700,down_natural,自然回升,15.4000,11.7800,13.4500,13.0300,14.4500,13.0300,13.4700,13.1900,13.2000,14.0000
603359SH,2026-03-27 14:59:00,6.1500,down_natural,自然回升,10.5000,5.7500,9.3100,6.2800,9.9100,6.6000,9.3100,6.9000,9.0500,9.0200
603348SH,2026-03-27 14:59:00,19.3600,up_secondary,次级回撤,26.8600,21.0600,18.2800,24.6500,24.0400,23.1000,18.5800,24.4900,24.2800,25.2000
603350SH,2026-03-27 14:59:00,34.4800,down_natural,自然回升,46.6600,32.8000,39.5200,35.3500,46.2300,35.5000,39.5300,39.5500,38.5200,34.0000
603367SH,2026-03-27 14:59:00,16.6000,down_natural,自然回升,24.8500,15.1100,19.6900,16.6500,21.9900,16.1400,19.7200,16.3400,19.1000,24.5800
603366SH,2026-03-27 14:59:00,10.0500,up_secondary,次级回撤,13.4000,9.0000,9.0500,10.4900,11.1300,9.6000,9.6200,10.3600,9.0500,10.5600
603368SH,2026-03-27 14:59:00,16.8000,up_secondary,次级回撤,24.1000,15.1200,15.9200,20.1100,20.9200,18.7900,16.1800,19.9400,15.9200,20.7000
603370SH,2026-03-27 14:59:00,43.6500,down,下跌趋势,57.8300,42.2000,48.8100,48.3900,51.9000,45.1200,48.8100,45.4800,47.4900,
603369SH,2026-03-27 14:59:00,27.0000,down,下跌趋势,45.6000,26.4800,31.7300,40.8800,35.4400,38.9100,31.7400,41.4000,30.8000,41.9400
603373SH,2026-03-27 14:59:00,45.3800,down_natural,自然回升,47.4600,38.5600,40.2200,46.2700,44.5000,38.2700,40.5700,40.9300,40.2200,41.2000
603381SH,2026-03-27 14:59:00,25.1700,down_natural,自然回升,32.2200,24.1400,28.7000,25.6900,30.5200,24.5600,28.7000,25.3700,27.8600,30.2000
603377SH,2026-03-27 14:59:00,3.7300,up_secondary,次级回撤,4.3000,3.6200,3.4900,3.9800,3.8800,3.9100,3.5200,4.1500,3.4900,4.1600
603378SH,2026-03-27 14:59:00,5.7600,down_natural,自然回升,10.0100,5.2900,9.2500,5.8300,10.0600,6.1400,9.2500,6.1400,9.0100,8.4600
603385SH,2026-03-27 14:59:00,6.6800,down_natural,自然回升,7.5400,6.0500,6.5000,6.7500,7.0000,6.3600,6.5100,7.3200,6.3100,7.5700
603382SH,2026-03-27 14:59:00,27.3000,down,下跌趋势,37.8000,26.7700,28.6100,,31.7200,,28.7800,,28.0300,
603388SH,2025-12-04 15:00:00,0.5800,down,下跌趋势,2.6400,0.5800,2.4200,2.0000,2.6400,1.6900,2.4200,1.9100,2.3500,2.4700
603380SH,2026-03-27 14:59:00,33.5500,down_natural,自然回升,43.5700,31.9700,36.5600,34.4900,40.2400,35.4000,36.6100,35.8100,35.4700,42.0600
603376SH,2026-03-27 14:59:00,33.8500,down,下跌趋势,40.2700,33.1600,34.7100,,40.0000,,35.0000,,33.6800,
603383SH,2026-03-27 14:59:00,29.0300,up_natural,自然回撤,42.5000,35.6000,28.3100,39.9100,,35.6300,,39.8800,38.6800,40.9900
603379SH,2026-03-27 14:59:00,63.0800,up_rally,回升,78.3500,44.8300,60.0000,56.5000,64.2500,53.0100,66.5100,56.2200,66.5100,58.0400
603389SH,2026-03-27 14:59:00,42.3700,down_natural,自然回升,51.8000,39.5200,46.2000,42.9800,51.5000,41.2300,46.5500,43.8500,44.9000,48.4800
603387SH,2026-03-27 14:59:00,9.9000,up_rally,回升,11.4200,7.2200,8.6600,9.1800,9.9000,8.0800,,9.1000,8.6700,9.4400
603375SH,2026-03-27 14:59:00,35.2500,down_natural,自然回升,45.9700,33.6100,37.7000,36.0900,45.0500,35.4100,37.7300,39.9000,36.6300,38.2600
603391SH,2026-03-27 14:59:00,69.1100,down_natural,自然回升,79.3300,63.5900,69.1000,70.5000,77.2700,62.6000,69.1500,69.7100,67.1100,72.0200
603390SH,2026-03-27 14:59:00,11.4600,down_natural,自然回升,13.3000,10.8200,11.8000,11.6800,12.5500,11.2200,11.8000,13.8800,11.7600,11.9100
603392SH,2026-03-27 14:59:00,39.9500,down_rally,回撤,80.0000,37.8500,57.6000,41.6000,61.9900,38.6000,57.6300,39.0800,56.0500,78.3600
603400SH,2026-03-27 14:59:00,66.4000,down_natural,自然回升,75.7200,62.0000,67.0000,67.5400,72.3000,,67.0700,,65.0000,
603386SH,2026-03-27 14:59:00,13.2100,down_natural,自然回升,16.7900,12.4000,13.7000,13.4500,15.2500,14.4300,13.7100,15.9900,13.4500,16.1000
603395SH,2026-03-27 14:59:00,29.8000,down,下跌趋势,33.9300,29.0000,31.2000,32.8100,33.6800,29.8100,31.5000,32.7900,30.3800,33.6000
603418SH,2026-03-27 14:59:00,50.2600,down,下跌趋势,63.5000,49.3800,53.2600,,56.8500,,53.2600,,51.8000,
603393SH,2026-03-27 14:59:00,39.5900,down_natural,自然回升,44.0000,37.4700,38.7400,40.1500,43.7900,26.2200,38.8100,30.9900,38.7400,31.7800
603408SH,2026-03-27 14:59:00,11.7900,down_natural,自然回升,15.3700,11.2400,13.3300,12.0700,14.6600,12.5800,13.3400,13.9000,13.0400,15.3300
603416SH,2026-03-27 14:59:00,49.2500,down_natural,自然回升,67.7000,46.1000,53.1600,49.4600,57.2900,59.1500,53.2600,63.1000,51.5700,65.0900
603399SH,2026-03-27 14:59:00,11.7200,up,上升趋势,11.7200,9.5500,,10.6400,,9.9500,,10.6100,11.2000,10.9500
603402SH,2026-03-27 14:59:00,138.6600,down_natural,自然回升,168.0000,127.0000,148.3300,139.9300,165.0000,132.0100,148.9900,137.0700,144.5800,153.8800
603398SH,2026-03-27 14:59:00,11.2100,up_secondary,次级回撤,11.8000,8.8900,10.7500,10.0800,11.7200,9.0300,10.8200,10.0500,9.2200,10.2100
603409SH,2026-03-27 14:59:00,38.2100,up_secondary,次级回撤,40.7700,,34.9000,,39.7900,,35.7000,,,
603396SH,2026-03-27 14:59:00,41.1800,down_break,破碎,55.5800,37.2800,43.3400,40.8900,49.6000,37.9000,43.4300,40.8800,42.1600,41.2200
603421SH,2026-03-27 14:59:00,9.5200,down_natural,自然回升,11.3600,8.9700,9.4200,9.5800,11.2300,7.4300,9.4500,8.0500,9.4200,8.1900
603444SH,2026-03-27 14:59:00,371.1000,down_natural,自然回升,494.0000,352.6400,424.5800,375.3000,453.0000,372.0400,425.1000,372.0400,412.0000,470.0000
603439SH,2026-03-27 14:59:00,11.0200,down,下跌趋势,14.3200,10.4900,12.3800,12.7400,13.6500,11.5500,12.4300,11.9500,12.0200,13.7000
603456SH,2026-03-27 14:59:00,16.5900,down_natural,自然回升,22.2500,15.1100,17.5000,16.6100,20.2000,17.3000,17.5500,19.2500,17.0300,19.8400
603429SH,2026-03-27 14:59:00,9.3600,up,上升趋势,9.3600,7.7000,,8.9500,,8.0300,,8.9100,8.9200,9.0100
603458SH,2026-03-27 14:59:00,9.9400,down_rally,回撤,13.6700,9.2700,11.3900,10.3800,12.2500,9.6200,11.4500,9.7000,11.0600,9.0200
603406SH,2026-03-27 14:59:00,35.0700,up_natural,自然回撤,41.6500,,34.1400,,41.2200,,,,,
603477SH,2026-03-27 14:59:00,16.8400,up_natural,自然回撤,19.5100,16.5500,16.3300,17.8500,,17.1000,,18.1500,20.8500,18.3800
603486SH,2026-03-27 14:59:00,61.7500,down_natural,自然回升,86.4900,58.5000,80.8400,62.2500,86.2300,69.5000,81.0200,69.5000,78.5100,85.8000
603489SH,2026-03-27 14:59:00,32.8100,up_rally,回升,37.0900,23.9000,30.4600,31.8800,33.2000,29.3700,29.0700,31.8500,24.2600,32.6900
603466SH,2026-03-27 14:59:00,9.2700,down_natural,自然回升,14.0000,8.7800,13.0300,9.4500,13.8500,10.2100,13.0300,11.0500,12.7000,11.8400
603507SH,2026-03-27 14:59:00,41.7800,up,上升趋势,42.4300,35.7500,,40.7700,,38.0000,,40.7400,36.4000,41.9600
603511SH,2026-03-27 14:59:00,13.7000,down_natural,自然回升,21.4000,13.0700,17.7700,13.9400,19.9000,14.4800,17.8000,18.0100,17.7400,18.7400
603508SH,2026-03-27 14:59:00,25.2000,down_natural,自然回升,37.5400,23.7500,34.2500,25.2500,36.6800,25.4200,34.2600,25.5000,33.2600,31.7900
603506SH,2026-03-27 14:59:00,12.3000,down_natural,自然回升,16.0400,11.3100,12.5000,12.5000,13.2800,11.9000,12.5000,13.6800,12.1300,15.0800
603517SH,2026-03-27 14:59:00,11.6800,down,下跌趋势,16.9900,11.0900,15.0400,12.4000,16.6300,11.6500,15.1000,11.6500,14.6900,15.8600
603515SH,2026-03-27 14:59:00,18.9700,up_rally,回升,20.7400,14.6600,17.8000,18.3300,19.6800,14.8600,18.1600,18.2900,16.7200,18.7900
603519SH,2026-03-27 14:59:00,13.3200,down_secondary,次级回升,14.1800,11.3800,11.7600,13.9500,13.8000,12.1400,11.8200,13.3500,11.5000,14.1900
603529SH,2026-03-27 14:59:00,32.3200,down_break,破碎,47.4400,27.5500,40.9100,32.5500,44.6000,30.5000,40.9800,32.4800,39.8800,33.2500
603516SH,2026-03-27 14:59:00,140.3800,up_secondary,次级回撤,166.5000,141.0000,133.6600,159.0000,145.2500,143.9800,134.8700,158.6600,153.0300,163.5200
603500SH,2026-03-27 14:59:00,10.9300,down_natural,自然回升,14.1000,10.0900,13.1000,11.0700,14.0900,11.3000,13.1000,11.3400,13.1000,12.1000
603496SH,2026-03-27 14:59:00,28.2800,down_secondary,次级回升,36.0000,25.4000,28.4000,39.0400,30.3700,26.7000,28.4100,29.4400,27.5900,39.5100
603488SH,2026-03-27 14:59:00,10.1700,up_rally,回升,10.9600,9.2800,9.0000,10.2100,10.3600,9.3500,,10.1900,10.6100,10.3800
603518SH,2026-03-27 14:59:00,8.9400,down_natural,自然回升,10.9800,8.1700,9.6100,8.9700,10.3600,9.2000,9.6500,10.3500,9.3300,10.6800
603527SH,2026-03-27 14:59:00,11.1200,up_rally,回升,13.1200,9.8800,9.4100,11.7000,11.3700,10.3600,10.5300,11.6800,11.3000,12.0400
603528SH,2026-03-27 14:59:00,8.0500,down_natural,自然回升,11.3700,7.6900,9.9800,8.2000,11.0100,9.6800,10.0100,11.5000,9.7200,10.0300
603505SH,2026-03-27 14:59:00,17.9700,down_natural,自然回升,23.0900,17.0200,19.9100,18.2000,21.6500,15.6200,19.9200,16.7600,19.3300,17.2000
603501SH,2026-03-27 14:59:00,101.1600,down,下跌趋势,157.5000,97.7600,126.2700,135.3300,137.9000,115.6100,126.4000,124.2000,122.5500,151.2400
603535SH,2026-03-27 14:59:00,8.4200,up_secondary,次级回撤,13.9500,11.6000,6.9800,13.4600,13.6700,12.5200,7.9500,13.4200,12.0900,13.7500
603533SH,2026-03-27 14:59:00,24.5500,down_secondary,次级回升,29.7000,22.8800,26.6300,37.6200,28.3800,23.4800,26.6300,25.0600,26.2000,21.1200
603536SH,2026-03-27 14:59:00,10.1600,down_natural,自然回升,15.7700,9.0100,14.0800,10.2000,15.7000,10.6300,14.1900,10.9800,13.6600,15.0000
603538SH,2026-03-27 14:59:00,39.1800,up,上升趋势,39.1800,18.9700,26.4600,21.8600,31.5600,20.4700,26.8600,21.7700,26.4600,22.4700
603555SH,2024-03-28 15:00:00,0.6700,up_natural,自然回撤,1.0000,0.7400,0.6700,0.9200,1.0000,0.8600,,0.9400,1.6100,0.9500
603556SH,2026-03-27 14:59:00,34.4000,up_natural,自然回撤,43.2800,36.4900,33.3300,39.9800,42.5700,37.3000,,39.7000,36.9000,40.4700
603557SH,2026-03-27 14:59:00,3.8400,down,下跌趋势,4.4200,3.8200,3.9900,4.2200,4.2400,3.8400,3.9900,3.9600,3.9900,2.8200
603558SH,2026-03-27 14:59:00,13.8000,up_natural,自然回撤,15.6400,10.8500,13.6300,12.4500,14.7400,11.3300,,12.3900,11.8200,12.7900
603559SH,2026-03-27 14:59:00,6.7700,down_natural,自然回升,7.8900,6.5500,7.0500,6.9800,7.8000,6.1000,7.0900,6.5500,6.8400,6.7000
603566SH,2026-03-27 14:59:00,12.5000,down_natural,自然回升,15.5300,11.8000,13.7200,12.5600,14.6500,12.3900,13.7300,13.5000,13.3400,15.7900
603565SH,2026-03-27 14:59:00,11.2900,down_secondary,次级回升,11.6900,9.8400,10.5500,11.4000,11.6500,10.6600,10.5600,11.3900,10.2500,9.2300
603567SH,2026-03-27 14:59:00,7.0400,down_natural,自然回升,13.4800,6.6000,12.0100,7.0600,13.0700,8.1000,12.0300,8.5800,11.6700,11.3500
603551SH,2026-03-27 14:59:00,12.6400,up_rally,回升,13.3300,10.7200,11.2000,12.8000,12.9500,10.9200,,12.7900,11.0500,13.1700
603530SH,2026-03-27 14:59:00,58.9000,down_rally,回撤,73.9300,56.7300,65.0100,62.1300,69.2500,57.6500,65.0400,57.7300,63.0600,44.9300
603499SH,2026-03-27 14:59:00,22.1500,down_secondary,次级回升,24.6800,20.0600,23.0200,24.8600,24.6700,21.4400,23.0400,23.1500,22.3400,25.6000
603568SH,2026-03-27 14:59:00,26.3800,down_natural,自然回升,29.3700,25.3000,26.9000,26.9800,28.9100,18.2000,26.9500,22.9600,26.1000,23.5300
603588SH,2026-03-27 14:59:00,14.5700,down_break,破碎,16.4400,12.8900,14.6000,14.6300,16.2600,13.7000,14.6800,14.6000,14.1800,14.8200
603577SH,2026-03-27 14:59:00,11.2200,down_rally,回撤,12.2500,10.2600,10.6600,11.6000,11.7300,10.7500,10.6700,10.8000,10.3900,11.3800
603589SH,2026-03-27 14:59:00,24.7600,down,下跌趋势,46.3900,24.2200,34.8800,31.3500,38.7100,27.9200,35.0000,31.0800,34.0000,45.7000
603580SH,2026-03-27 14:59:00,16.5800,down_secondary,次级回升,18.0500,14.6600,15.3800,18.1800,16.6300,15.9200,15.4200,17.6000,14.9600,15.5900
603569SH,2026-03-27 14:59:00,6.8900,down_natural,自然回升,10.6000,6.3500,8.1400,6.9900,8.6900,7.4400,8.1500,7.7300,8.0000,9.1300
603579SH,2026-03-27 14:59:00,19.9700,down,下跌趋势,29.8500,19.1000,21.5500,24.4200,22.8800,22.8000,21.5500,24.8700,20.9300,25.1900
603587SH,2026-03-27 14:59:00,12.0800,down_natural,自然回升,15.7200,11.4900,13.6100,12.2200,14.6100,12.1700,13.6200,13.7400,13.5100,14.0000
603586SH,2026-03-27 14:59:00,18.0100,down_natural,自然回升,24.1500,16.4500,18.5200,18.4800,19.8500,17.3600,18.5300,18.8700,17.9900,19.0900
603583SH,2026-03-27 14:59:00,31.8800,down,下跌趋势,40.2000,30.7800,35.8500,35.0700,38.9300,32.8800,35.8800,32.9600,34.8000,37.7500
603585SH,2026-03-27 14:59:00,20.7400,down_natural,自然回升,23.8800,17.1800,20.6700,20.7400,22.6100,18.6000,20.6800,22.3800,20.0800,22.8800
603578SH,2026-03-27 14:59:00,12.9400,down_natural,自然回升,17.8600,11.9600,13.8600,13.3400,16.6800,12.8700,13.8800,13.9500,13.4500,14.3800
603520SH,2026-03-27 14:59:00,10.9100,down_secondary,次级回升,12.8200,9.1100,10.3200,11.1800,12.6800,9.1300,10.3300,11.0000,10.0300,8.7200
603590SH,2026-03-27 14:59:00,36.7000,down_natural,自然回升,48.3700,33.5200,41.7700,36.9600,44.3800,38.8300,41.7700,41.5000,40.5600,46.2200
603595SH,2026-03-27 14:59:00,15.4400,down_natural,自然回升,28.2200,14.6800,21.0500,15.6600,23.0000,15.9200,21.0500,17.5000,20.5900,26.2000
603598SH,2026-03-27 14:59:00,19.5000,down_natural,自然回升,31.4000,18.2200,24.7800,19.7500,26.8000,20.5300,25.0300,20.5300,24.1200,27.0000
603607SH,2026-03-27 14:59:00,22.4800,down_natural,自然回升,28.7900,21.0300,25.6200,23.3000,27.6900,21.7600,25.7200,23.7800,24.9200,26.4900
603609SH,2026-03-27 14:59:00,6.8400,down,下跌趋势,9.2500,6.5000,8.1000,7.5900,9.2300,6.9300,8.1100,7.5800,7.9200,7.6200
603599SH,2026-03-27 14:59:00,14.3200,up_rally,回升,16.3900,14.0000,12.7800,15.4300,14.8300,14.3500,12.8100,15.4200,12.7800,15.8700
603602SH,2026-03-27 14:59:00,13.0600,down_natural,自然回升,16.6600,12.2800,13.4600,13.2900,14.5500,14.1600,13.4700,15.2500,13.2100,15.8200
603605SH,2026-03-27 14:59:00,61.6700,down,下跌趋势,101.2900,60.2700,87.5700,76.9900,93.2600,65.7800,87.5700,72.3000,85.0100,89.6500
603596SH,2026-03-27 14:59:00,44.7700,down,下跌趋势,59.4000,43.8800,55.2900,51.1400,58.8800,47.6800,55.2900,47.8100,53.8600,54.3300
603606SH,2026-03-27 14:59:00,57.7100,up_natural,自然回撤,70.2200,53.8100,56.2800,62.1200,,57.1400,,62.1000,65.9700,63.9300
603601SH,2026-03-27 14:59:00,13.2200,up_rally,回升,13.4400,10.6800,12.3600,11.6900,13.3300,10.8300,10.7100,11.7700,10.5300,11.9500
603619SH,2026-03-27 14:59:00,35.2200,down_natural,自然回升,48.1800,33.5100,40.0800,35.5500,44.5000,33.7000,41.4000,33.7000,40.0800,33.8800
603603SH,2024-04-24 15:00:00,0.3900,down_secondary,次级回升,0.5300,0.3700,0.4700,0.4200,0.5000,0.3700,0.4700,0.4000,0.4600,0.5000
603600SH,2026-03-27 14:59:00,10.3800,down_natural,自然回升,13.2500,9.8000,11.3700,10.5900,12.2500,9.3800,11.3800,9.9600,11.0300,10.1500
603611SH,2026-03-27 14:59:00,20.8100,down,下跌趋势,25.2700,20.2400,22.6200,21.8800,24.5600,20.3900,22.6300,20.4500,21.9500,24.3400
603608SH,2026-03-27 14:59:00,9.8800,down_rally,回撤,12.7700,9.3900,11.4000,10.4100,12.5500,9.6700,11.4500,9.7800,11.0600,12.0700
603610SH,2026-03-27 14:59:00,15.8000,up_natural,自然回撤,20.9200,17.0200,15.5100,19.6400,,18.3600,,19.5500,17.5500,20.2200
603618SH,2026-03-27 14:59:00,24.2800,up,上升趋势,24.2800,7.5800,20.6800,9.3000,23.5000,7.9100,19.4400,9.0400,14.5100,9.9400
603628SH,2026-03-27 14:59:00,16.3500,up_natural,自然回撤,17.4700,13.2500,16.0400,14.4100,16.2900,13.4600,15.0900,14.3700,13.2600,14.8300
603629SH,2026-03-27 14:59:00,64.5800,down_rally,回撤,71.8800,55.1700,58.0000,68.2900,61.9000,63.3200,58.0100,64.1800,56.3200,68.0000
603630SH,2026-03-27 14:59:00,15.8700,down_natural,自然回升,25.5100,14.7600,18.8000,16.0000,21.3400,22.0600,18.8100,23.5500,18.2400,23.9500
603633SH,2026-03-27 14:59:00,7.6200,down_natural,自然回升,11.8700,7.2100,9.7000,7.8600,10.7000,7.8500,9.7100,7.8500,9.4100,11.3800
603636SH,2026-03-27 14:59:00,9.2800,down_natural,自然回升,15.0200,8.8100,12.6600,9.4400,14.8600,9.8400,12.6900,9.9900,12.3500,13.1500
603617SH,2026-03-27 14:59:00,7.2600,down_natural,自然回升,10.3900,6.7800,9.1000,7.4100,10.2400,6.8300,9.1100,7.9300,8.8500,8.2300
603626SH,2026-03-27 14:59:00,21.7800,down_break,破碎,24.5500,19.4800,22.1600,22.1800,24.5000,20.5300,22.1700,22.1300,21.5000,22.3300
603638SH,2026-03-27 14:59:00,19.6400,down_natural,自然回升,25.8500,18.9600,21.1500,20.2000,23.1500,18.3300,21.1700,20.6900,20.5300,21.2700
603639SH,2026-03-27 14:59:00,13.3800,down_secondary,次级回升,13.7800,10.9700,12.1000,16.2800,13.0000,12.1800,12.1200,14.9500,11.9600,12.9100
603648SH,2026-03-27 14:59:00,9.8100,down_natural,自然回升,12.5000,9.1800,10.4000,9.9400,11.5500,9.8200,10.4100,9.8200,10.1000,11.6500
603655SH,2026-03-27 14:59:00,37.8100,down_rally,回撤,47.5000,36.0900,39.7700,40.8700,45.9500,37.2500,39.7800,38.4000,38.9800,42.0900
603637SH,2026-03-27 14:59:00,12.1600,down_natural,自然回升,13.6300,10.6000,11.8600,12.2400,13.6200,10.1000,11.8800,11.0800,11.6500,11.4200
603615SH,2026-03-27 14:59:00,18.7600,down,下跌趋势,29.6800,18.6400,22.1000,22.4300,27.4500,18.8800,22.1200,20.1100,21.4500,25.8000
603612SH,2026-03-27 14:59:00,26.2800,down_rally,回撤,36.3500,25.0300,30.1200,27.3000,35.4800,25.2900,30.1700,25.3300,29.5100,25.5400
603616SH,2026-03-27 14:59:00,6.6000,down_natural,自然回升,9.2600,6.2800,8.2100,6.7200,8.7800,6.4800,8.2100,7.1800,8.2100,5.8400
603613SH,2026-03-27 14:59:00,24.9800,down,下跌趋势,32.2300,24.0300,26.0700,28.5700,27.7700,25.3200,26.0800,26.8300,25.3200,31.6000
603656SH,2026-03-27 14:59:00,22.2400,down_natural,自然回升,26.5000,20.4600,23.9600,22.3600,26.0800,21.5700,24.0000,23.0600,23.2500,23.5000
603657SH,2026-03-27 14:59:00,25.3800,down_natural,自然回升,34.2100,23.8100,29.3600,25.6300,32.8000,26.3100,29.3700,27.8000,28.6400,33.2000
603650SH,2026-03-27 14:59:00,50.5100,down_natural,自然回升,64.7700,47.0800,58.1600,51.0000,63.1000,52.5800,58.3700,53.5100,56.6300,45.7800
603659SH,2026-03-27 14:59:00,34.2600,up,上升趋势,35.4300,14.3000,29.0000,16.1900,33.5000,15.0100,30.1900,16.1800,25.1000,16.6100
603666SH,2026-03-27 14:59:00,26.2300,down,下跌趋势,38.6900,25.9200,35.6900,29.5300,37.9000,27.4000,35.6900,27.7400,34.7000,34.2000
603662SH,2026-03-27 14:59:00,55.1000,down,下跌趋势,73.3000,53.4200,63.6800,66.5500,69.5100,61.7300,63.7300,66.5100,61.8500,68.0000
603665SH,2026-03-27 14:59:00,30.2800,down_natural,自然回升,40.7800,27.0200,30.8000,30.3500,34.1700,25.6000,30.8800,27.5700,29.9300,27.8800
603658SH,2026-03-27 14:59:00,33.4000,down,下跌趋势,66.3600,32.5500,55.6000,39.6800,59.3500,35.2200,55.6100,37.2700,54.0200,51.6500
603661SH,2026-03-27 14:59:00,30.3300,up_rally,回升,35.8000,22.9000,28.4000,28.7900,30.8400,26.6200,31.3000,29.2500,31.0800,29.9900
603660SH,2026-03-27 14:59:00,8.9100,down,下跌趋势,12.4800,8.6800,10.6000,10.5000,12.3000,9.1600,10.7000,9.8500,10.3200,8.7600
603663SH,2026-03-27 14:59:00,41.3000,down_natural,自然回升,56.9000,39.1400,49.2000,42.3000,53.1300,43.8400,49.5100,47.7200,47.8000,48.8000
603677SH,2026-03-27 14:59:00,15.4700,down_rally,回撤,21.5000,14.9100,17.0100,16.3300,18.8600,15.3000,17.0200,15.3300,16.5000,20.5400
603676SH,2026-03-27 14:59:00,10.5600,down_natural,自然回升,13.8000,9.6200,12.4700,10.5600,13.6100,10.4800,12.4800,11.0300,12.1000,13.0600
603685SH,2026-03-27 14:59:00,27.6800,down_rally,回撤,30.0600,25.3500,27.3400,29.5700,29.1500,27.0400,27.3400,27.7800,26.5500,18.5500
603667SH,2026-03-27 14:59:00,66.7000,down_rally,回撤,96.6900,62.1000,85.2200,69.8000,93.8100,65.4000,85.2200,65.4000,83.1700,45.3500
603668SH,2026-03-27 14:59:00,11.1900,down_natural,自然回升,19.6400,10.5200,16.7600,11.2800,17.8600,10.6000,16.7600,10.6200,16.3500,17.3900
603690SH,2026-03-27 14:59:00,24.9700,down_natural,自然回升,35.2600,23.8000,27.0800,25.3700,29.3500,25.4700,27.0900,25.6900,26.3100,32.9000
603686SH,2026-03-27 14:59:00,18.2900,down,下跌趋势,31.5800,17.5800,28.9800,26.3500,31.2300,22.9000,28.9800,24.7200,28.1400,28.8500
603689SH,2026-03-27 14:59:00,8.4500,down,下跌趋势,9.6700,8.0300,8.5700,8.8800,9.1600,8.4500,8.5700,8.9700,8.3300,9.1400
603693SH,2026-03-27 14:59:00,16.3400,down,下跌趋势,20.3700,16.1200,16.7500,16.1500,19.4400,14.0900,16.8900,15.9100,16.3400,16.6100
603688SH,2026-03-27 14:59:00,42.4400,down_rally,回撤,55.7500,40.3900,49.0000,43.7300,55.2500,41.0000,49.0300,41.1000,47.6600,41.4000
603687SH,2026-03-27 14:59:00,15.6000,up_rally,回升,16.5000,9.7600,14.8500,14.7300,16.1900,13.5600,14.2700,14.6600,10.9800,15.1700
603669SH,2026-03-27 14:59:00,4.5000,down_natural,自然回升,5.2300,4.0200,4.5000,4.5100,4.8200,4.2300,4.5100,4.3800,4.3700,4.9700
603679SH,2026-03-27 14:59:00,14.4000,down_rally,回撤,17.1000,13.7800,15.2000,15.0200,16.1600,13.8500,15.2000,14.1100,14.9300,17.0000
603682SH,2026-03-27 14:59:00,6.6500,down_natural,自然回升,8.7300,6.0600,6.8800,6.7900,7.3100,6.3800,6.8800,6.3800,6.6800,7.1000
603683SH,2026-03-27 14:59:00,27.9000,up_rally,回升,28.9900,22.8800,25.9100,26.0000,28.4100,23.3300,26.3600,25.9500,25.1300,26.7400
603680SH,2026-03-27 14:59:00,12.9000,down_natural,自然回升,17.3800,12.1500,16.0000,13.1300,17.0500,14.1000,16.0000,14.9300,15.5900,17.9500
603681SH,2026-03-27 14:59:00,17.1900,down,下跌趋势,24.8300,16.4200,19.3600,15.5600,22.8300,14.3300,19.4200,15.4500,19.3600,15.8600
603678SH,2026-03-27 14:59:00,34.5300,down_natural,自然回升,43.5300,33.4800,40.0100,35.6400,43.5300,35.9800,40.0200,37.2200,38.9300,34.1000
603698SH,2026-03-27 14:59:00,29.9400,down_natural,自然回升,48.4000,28.1600,39.2000,30.6800,42.1300,32.9000,39.2100,36.7800,38.0600,41.7500
603706SH,2026-03-27 14:59:00,19.9300,down,下跌趋势,23.3900,18.9000,19.8300,23.9600,21.0800,19.0100,19.8300,22.3600,19.2700,19.0200
603700SH,2026-03-27 14:59:00,13.2600,down_break,破碎,15.0000,12.0600,13.4100,13.0600,14.6900,12.2600,13.4300,13.0800,13.0100,13.3300
603697SH,2026-03-27 14:59:00,10.9500,up_rally,回升,14.2700,11.2000,10.1500,12.3700,11.0000,11.6100,12.1500,12.7500,13.7800,12.9000
603703SH,2026-03-27 14:59:00,12.3900,down_natural,自然回升,20.0000,11.2600,17.0100,12.6600,19.2100,13.3800,17.2500,13.4500,17.0100,18.9000
603701SH,2026-03-27 14:59:00,22.9800,down_secondary,次级回升,23.6000,19.1000,20.0500,24.0900,21.7700,20.7900,20.0800,23.4500,19.4500,22.7200
603699SH,2026-03-27 14:59:00,50.0100,down_rally,回撤,64.5000,47.9700,53.3800,52.4400,63.3900,49.1700,54.0100,49.1700,51.8900,25.2500
603711SH,2026-03-27 14:59:00,12.5100,down,下跌趋势,17.3000,12.0000,14.4300,13.9000,16.1300,13.0500,14.4400,13.0500,14.0000,15.2900
603717SH,2026-03-27 14:59:00,6.7800,down_natural,自然回升,10.2400,6.2600,8.2600,7.0000,8.9400,7.1100,8.2700,7.3300,8.0300,9.2100
603713SH,2026-03-27 14:59:00,58.8500,up_rally,回升,72.1300,52.0700,55.6000,67.3900,59.8800,59.6100,,67.3800,59.8000,69.1200
603696SH,2026-03-27 14:59:00,16.3100,down_natural,自然回升,28.5000,15.1300,25.0800,16.4500,27.5000,18.4000,25.4500,20.5000,25.0800,26.0000
603709SH,2026-03-27 14:59:00,17.0700,down_natural,自然回升,19.5000,15.4100,17.4800,17.4600,18.8500,17.3500,17.4900,18.4200,17.0100,18.6800
603726SH,2026-03-27 14:59:00,22.4600,down_rally,回撤,28.4900,21.9500,24.0100,23.5000,26.1600,22.0700,24.0200,22.0700,23.3000,25.2600
603722SH,2026-03-27 14:59:00,34.0000,down_natural,自然回升,44.3800,31.8900,36.6100,34.5000,41.3000,39.0100,36.6600,41.7000,35.5900,42.9400
603721SH,2026-03-27 14:59:00,19.5000,up_secondary,次级回撤,22.8800,17.0900,17.0300,19.3900,22.6200,18.0600,18.0000,19.3800,17.5800,19.8900
603718SH,2026-03-27 14:59:00,4.6100,down_natural,自然回升,7.3800,4.2300,5.9300,4.6200,7.1900,4.5900,6.4700,4.6900,5.8400,7.3300
603719SH,2026-03-27 14:59:00,10.2100,down_natural,自然回升,14.8900,9.5600,13.7300,10.2600,14.6500,11.5500,13.7400,12.4000,13.3200,13.7100
603708SH,2026-03-27 14:59:00,10.9200,down_natural,自然回升,13.9500,10.1600,12.5900,11.0500,13.4500,11.7900,12.6000,13.6600,12.2200,14.1600
603716SH,2026-03-27 14:59:00,20.6800,down_secondary,次级回升,31.8600,19.2400,27.7000,21.2900,29.5600,19.6400,27.7000,20.8500,27.0800,26.4600
603712SH,2026-03-27 14:59:00,16.3300,down_natural,自然回升,26.2500,15.5300,22.6300,16.5300,25.4500,18.5600,22.6800,21.1000,21.9600,24.4800
603707SH,2026-03-27 14:59:00,9.7100,down_secondary,次级回升,12.2700,9.0000,10.1200,10.0600,12.2700,9.0300,10.1300,9.8700,9.8200,10.1700
603725SH,2026-03-27 14:59:00,9.0200,down_natural,自然回升,11.2900,8.2900,8.7500,9.1200,10.7500,10.0000,8.7600,10.6300,8.5000,10.7500
603729SH,2026-03-27 14:59:00,17.2000,down_natural,自然回升,23.7600,15.8100,17.0000,17.6900,18.7800,17.0000,17.0500,19.6400,17.0000,21.6000
603733SH,2026-03-27 14:59:00,23.3600,up_rally,回升,25.4900,21.5500,21.8900,23.8700,23.3600,22.2000,23.1600,23.8500,23.0000,24.5500
603728SH,2026-03-27 14:59:00,57.7800,down_natural,自然回升,88.0000,54.8300,79.3800,59.2800,86.4000,59.8100,79.6300,60.3200,77.8000,77.9000
603738SH,2026-03-27 14:59:00,26.1900,down_secondary,次级回升,26.0600,22.0700,22.8000,26.5000,24.8000,23.2700,23.0000,26.1900,22.2000,24.7100
603727SH,2026-03-27 14:59:00,21.0600,up,上升趋势,21.1000,16.8000,,20.2800,,18.9900,,20.2300,18.1500,20.7500
603759SH,2026-03-27 14:59:00,9.9100,down_rally,回撤,13.4000,9.1400,11.5400,10.6800,12.7800,9.7300,11.5400,10.0300,11.2000,13.2000
603730SH,2026-03-27 14:59:00,8.8400,down_natural,自然回升,11.6900,8.1300,8.7300,8.8800,9.4700,7.8800,8.7500,8.4500,8.4700,8.5500
603776SH,2026-03-27 14:59:00,17.9000,up_natural,自然回撤,20.7700,17.4800,17.2600,19.8500,,17.5800,,19.8300,17.8500,20.4300
603777SH,2026-03-27 14:59:00,13.8700,up_natural,自然回撤,14.5500,11.9600,13.4200,13.2500,13.9800,12.2600,,13.2000,12.6500,13.6400
603778SH,2026-03-27 14:59:00,23.0000,up_rally,回升,25.8400,13.5600,20.9900,15.4600,23.7600,14.0000,21.8500,15.2900,21.2500,15.8000
603786SH,2026-03-27 14:59:00,54.1800,down_natural,自然回升,85.4900,51.6600,77.6000,54.8600,85.2800,67.0000,77.6100,67.2500,75.6600,78.6400
603758SH,2026-03-27 14:59:00,13.1100,down_natural,自然回升,19.8100,12.3100,17.7300,13.2300,19.1600,13.2100,17.7500,13.2100,17.2500,16.1600
603779SH,2026-03-27 14:59:00,6.2900,down_natural,自然回升,9.2400,5.7100,6.2800,6.4000,7.2600,6.9100,6.3000,7.5500,6.1000,7.6500
603768SH,2026-03-27 14:59:00,11.0600,down_natural,自然回升,14.1900,10.2000,12.7800,11.1500,13.8000,11.0000,12.8000,12.1400,12.7800,12.4100
603755SH,2026-03-27 14:59:00,28.0400,down_natural,自然回升,41.2200,26.3800,35.7800,28.9500,40.2000,29.4400,35.7900,29.4400,34.7200,39.7000
603773SH,2026-03-27 14:59:00,35.4300,up_break,破碎,45.0000,26.7700,34.9900,32.1300,37.6500,29.6700,35.0000,32.0700,34.7500,32.7000
603739SH,2026-03-27 14:59:00,14.7400,down_natural,自然回升,18.4100,13.2700,14.6600,14.7800,17.1300,12.6300,14.6700,14.1700,14.6600,14.5500
603737SH,2026-03-27 14:59:00,49.1100,down_natural,自然回升,58.3700,46.5100,51.2400,49.9800,54.9900,46.6300,51.2500,48.6600,49.8600,47.9800
603757SH,2026-03-27 14:59:00,44.3500,down_secondary,次级回升,47.5500,38.7700,43.2800,51.4100,47.3800,40.2800,43.3300,47.5000,42.4600,51.6600
603766SH,2026-03-27 14:59:00,14.0200,down_rally,回撤,16.7800,13.5100,14.7000,14.6800,15.8200,13.7500,14.7100,13.7900,14.3200,12.6600
603789SH,2026-03-27 14:59:00,5.7900,up_rally,回升,6.4200,5.1100,5.5400,5.7300,5.9600,5.4700,,5.8100,5.3000,5.9000
603787SH,2026-03-27 14:59:00,14.9200,up_secondary,次级回撤,16.3000,12.4900,14.5800,14.1800,15.5200,13.1800,14.5800,14.1500,13.0400,14.4200
603788SH,2026-03-27 14:59:00,14.9700,down_natural,自然回升,18.2800,14.2400,16.6600,15.1100,17.7000,15.3900,16.6600,16.1700,16.1800,17.7900
603767SH,2026-03-27 14:59:00,18.3500,down_natural,自然回升,30.5500,17.5400,22.0800,18.6800,25.2700,24.6600,22.1700,26.4200,21.4300,27.1000
603799SH,2026-03-27 14:59:00,59.9000,down_natural,自然回升,82.1700,53.9300,76.8100,60.7300,81.6400,54.9100,76.8100,54.9100,74.7600,32.8000
603790SH,2026-03-27 14:59:00,20.6400,down_natural,自然回升,26.8000,19.4100,20.0500,21.0000,21.3500,19.0000,20.0500,20.6000,19.4500,21.2400
603798SH,2026-03-27 14:59:00,13.8900,down_natural,自然回升,18.6600,12.0200,14.9400,14.1900,15.9700,14.9200,14.9400,16.0400,14.5200,16.5000
603797SH,2026-03-27 14:59:00,4.6700,up_rally,回升,5.3400,3.5500,4.2500,4.9000,4.7400,4.2400,4.3200,4.7800,4.2500,5.0400
603815SH,2026-03-27 14:59:00,6.0300,down_natural,自然回升,8.3800,5.6800,6.7500,6.1900,7.2200,7.4000,6.7600,8.0600,6.5700,8.3400
603808SH,2026-03-27 14:59:00,10.5000,down_rally,回撤,11.3400,8.5300,9.5200,11.2000,10.2900,10.3000,9.5300,10.5000,9.3000,9.5900
603800SH,2026-03-27 14:59:00,38.0200,down_natural,自然回升,57.8900,34.2100,51.0000,38.5000,56.8800,38.0000,51.2600,38.7000,49.5000,57.0000
603801SH,2026-03-27 14:59:00,9.1000,down_natural,自然回升,11.9300,8.5700,10.8100,9.3300,11.7700,9.0800,10.8200,9.6900,10.4900,9.9500
603813SH,2026-03-27 14:59:00,28.0600,up_break,破碎,38.7700,30.8600,28.6000,33.5900,32.6900,31.3500,28.6100,33.5800,28.0600,34.5200
603811SH,2026-03-27 14:59:00,12.0200,down_secondary,次级回升,16.9700,10.3600,14.1400,12.8300,15.0500,10.5300,14.1400,12.0400,13.7200,9.8200
603816SH,2026-03-27 14:59:00,33.6800,down_rally,回撤,37.5900,32.4000,34.3200,35.6900,36.4700,32.6500,34.3200,33.5100,33.3000,25.4000
603817SH,2026-03-27 14:59:00,7.8800,up_natural,自然回撤,9.2100,6.7100,7.6100,7.9000,9.1400,6.8000,8.2800,7.8900,8.2500,8.1300
603823SH,2026-03-27 14:59:00,15.4400,down_natural,自然回升,20.1800,14.6600,16.3300,15.9500,18.4900,15.0000,16.3500,17.5500,15.8600,17.9900
603822SH,2026-03-27 14:59:00,93.5200,down_natural,自然回升,124.4300,91.1000,99.1100,96.8300,123.0000,80.4900,99.1600,87.9800,96.7000,88.7400
603819SH,2026-03-27 14:59:00,13.1600,down_natural,自然回升,13.2600,10.8300,12.2400,13.2000,13.1200,11.8000,12.2500,12.2600,11.9900,12.8800
603809SH,2026-03-27 14:59:00,10.5600,up_natural,自然回撤,15.5200,11.5100,10.1700,13.5800,14.8500,12.1000,,13.5600,14.3000,13.9500
603806SH,2026-03-27 14:59:00,19.5300,down_secondary,次级回升,19.0800,16.4100,17.3100,20.0300,18.4500,16.7000,17.3100,19.9900,16.8400,20.1600
603810SH,2026-03-27 14:59:00,15.9200,down_natural,自然回升,19.3200,14.6000,15.9500,15.9800,18.1000,15.0000,15.9600,17.8800,15.4800,18.0700
603803SH,2026-03-27 14:59:00,13.7300,down_natural,自然回升,16.0000,13.1300,14.6300,14.2500,15.5100,13.4800,14.6300,13.4800,14.6300,13.5000
603818SH,2026-03-27 14:59:00,3.5900,down_natural,自然回升,4.0800,3.2300,3.8300,3.6400,4.0600,3.6100,3.8300,3.7100,3.7200,3.8800
603826SH,2026-03-27 14:59:00,25.1900,up_natural,自然回撤,26.4800,15.8100,24.5000,17.8500,26.4700,15.8600,22.8000,17.6900,22.5600,18.1900
603828SH,2026-03-27 14:59:00,6.3600,down_natural,自然回升,9.7000,5.7500,7.0400,6.6000,7.9100,5.8300,7.0600,5.9500,6.9000,8.0800
603829SH,2026-03-27 14:59:00,29.2000,up,上升趋势,30.3000,22.0000,24.3100,27.5000,30.2000,23.5000,,27.4000,28.3000,28.3000
603825SH,2026-03-27 14:59:00,8.6200,down_natural,自然回升,13.8000,8.2300,12.6800,8.8500,14.2900,8.2900,12.7000,9.3000,12.3300,10.4200
603858SH,2026-03-27 14:59:00,16.2700,down_natural,自然回升,20.5800,15.2500,18.2200,16.3500,19.6600,15.6100,18.2300,17.2400,17.6800,17.5200
603833SH,2026-03-27 14:59:00,54.2100,down_rally,回撤,72.9000,49.3000,62.7500,62.9300,71.1500,51.9000,62.8000,58.1600,60.9000,69.3800
603836SH,2026-03-27 14:59:00,12.9600,up_rally,回升,15.5800,13.2900,12.0600,14.9700,13.2400,13.8400,,14.8800,13.8400,15.4000
603855SH,2026-03-27 14:59:00,18.9700,down,下跌趋势,21.2200,18.3000,19.3000,20.5000,21.0900,18.7600,19.3100,20.4300,18.7300,20.9900
603839SH,2026-03-27 14:59:00,7.5300,down_natural,自然回升,10.3800,6.7200,9.7300,7.5800,10.3800,7.4700,9.7300,8.5700,9.4400,7.8400
603856SH,2026-03-27 14:59:00,13.0700,down_natural,自然回升,15.0400,12.3800,13.9900,13.3600,14.9500,13.0800,14.0000,13.9400,13.5800,14.3500
603861SH,2026-03-27 14:59:00,16.6600,down_natural,自然回升,22.6300,15.0200,20.9000,16.9900,22.2000,19.0300,20.9000,21.1500,20.4600,21.7800
603860SH,2026-03-27 14:59:00,31.0400,down_natural,自然回升,35.7500,27.5300,31.8800,31.7400,34.9300,28.2700,31.9100,33.5800,30.9400,33.1000
603838SH,2026-03-27 14:59:00,8.3800,up_rally,回升,9.7500,7.0400,7.8000,7.7300,8.6400,7.2000,,7.7000,7.1800,7.9500
603848SH,2026-03-27 14:59:00,15.5000,down,下跌趋势,23.8600,14.8400,22.0000,17.1000,23.3400,16.0600,22.0000,16.0600,21.4600,20.9500
603859SH,2026-03-27 14:59:00,37.2000,down_natural,自然回升,51.8200,35.7800,41.3500,38.1000,44.2600,45.7000,41.3600,49.0800,40.1200,49.8000
603843SH,2026-03-26 14:59:00,9.2800,up_rally,回升,9.4000,4.8600,8.5900,6.1500,9.2800,5.4200,7.0700,6.0900,5.3900,6.2600
603866SH,2026-03-27 14:59:00,5.0300,down,下跌趋势,6.3700,4.8900,5.0900,6.0900,5.4900,5.7300,5.1000,6.0800,4.9400,6.2500
603867SH,2026-03-27 14:59:00,31.4700,down_break,破碎,39.6000,27.6000,35.2000,31.4900,37.4100,29.5000,35.2000,31.3000,35.2000,31.9600
603863SH,2026-03-27 14:59:00,18.4500,down,下跌趋势,21.7400,18.2600,19.1400,19.4000,21.3800,18.2200,19.2100,18.2200,18.5800,21.1400
603869SH,2026-03-27 14:59:00,9.5000,down_natural,自然回升,11.4500,8.8900,10.0900,9.5000,11.4200,9.3000,10.1400,10.0500,9.7900,7.2600
603871SH,2026-03-27 14:59:00,14.2200,up_rally,回升,16.5500,12.3600,13.9100,14.4200,15.0300,12.9900,,14.3900,12.7300,14.8000
603878SH,2026-03-27 14:59:00,7.6100,down_secondary,次级回升,9.7800,7.2000,8.4000,7.7800,9.7800,7.2100,8.4100,7.6600,8.1500,9.3900
603881SH,2026-03-27 14:59:00,37.3500,up_secondary,次级回撤,40.5600,35.1000,34.6600,37.3600,39.0700,35.1000,35.9700,37.2800,37.1800,38.4100
603876SH,2026-03-27 14:59:00,21.8700,up_rally,回升,22.5000,15.7200,21.0300,20.8500,22.3600,19.2300,19.2800,20.7500,18.0300,21.4500
603880SH,2026-03-27 14:59:00,7.1600,up_rally,回升,7.7500,5.9400,6.4900,6.6000,7.2500,6.0900,,6.5900,6.1700,6.7500
603879SH,2026-03-27 14:59:00,5.7400,down_natural,自然回升,7.6000,5.2100,6.0800,5.8000,6.6600,5.8400,6.0900,6.1000,5.9400,6.1200
603868SH,2026-03-27 14:59:00,32.9600,down,下跌趋势,45.0000,32.2200,37.2900,37.2000,39.8000,34.7200,37.4100,34.8400,36.2000,43.1000
603877SH,2026-03-27 14:59:00,13.8700,down_natural,自然回升,18.0500,13.0600,16.3200,14.0000,17.7500,14.3100,16.3900,17.2900,15.8400,15.1700
603886SH,2026-03-27 14:59:00,11.9500,down_natural,自然回升,15.0600,11.4000,13.6600,12.0900,14.5500,12.8100,13.6700,14.3400,13.3000,14.7000
603882SH,2026-03-27 14:59:00,25.7800,down,下跌趋势,35.0000,24.8500,29.8100,40.6800,33.9500,27.3000,29.8300,34.0100,29.0100,31.4600
603885SH,2026-03-27 14:59:00,12.0000,down_natural,自然回升,15.9700,10.5200,14.3000,12.1500,15.7700,11.6000,14.3200,12.2100,13.8800,13.6700
603883SH,2026-03-27 14:59:00,13.5100,down_natural,自然回升,22.9700,12.8000,19.9000,13.5800,21.9000,14.7200,19.9200,15.5100,19.3100,20.3100
603893SH,2026-03-27 14:59:00,151.8300,down_natural,自然回升,209.8100,145.4500,164.0600,154.4900,180.3700,185.4800,164.4400,198.0000,159.4100,199.0100
603895SH,2026-03-27 14:59:00,26.3400,down,下跌趋势,37.8000,25.3800,34.4600,32.3300,36.6800,28.3300,34.4600,30.5700,33.6300,30.3600
603887SH,2026-03-27 14:59:00,15.8500,up_secondary,次级回撤,18.3700,13.2000,15.2000,14.7200,17.0900,13.6600,15.5200,14.6600,16.6100,15.0800
603888SH,2026-03-27 14:59:00,19.9200,down_natural,自然回升,27.2300,18.9800,24.2100,20.2400,26.4300,23.3000,24.3000,24.9200,23.5000,25.9900
603890SH,2026-03-27 14:59:00,13.7700,down_natural,自然回升,18.0400,12.7100,15.4900,13.7700,16.5800,13.9100,15.5000,14.3900,15.0600,17.8400
603889SH,2026-03-27 14:59:00,7.7100,down_natural,自然回升,9.6800,7.2000,8.6000,7.8900,9.4000,5.9200,8.6200,6.3400,8.3800,6.6500
603896SH,2026-03-27 14:59:00,18.7900,down,下跌趋势,29.6600,18.0000,26.6400,23.6600,29.0600,18.3000,26.6600,22.9700,25.8500,26.2000
603899SH,2026-03-27 14:59:00,24.7000,down,下跌趋势,40.0900,23.8700,26.7600,36.8600,29.2500,33.1700,26.8000,36.6100,25.9900,37.6400
603897SH,2026-03-27 14:59:00,29.8200,down_natural,自然回升,35.6100,28.3000,31.6500,30.3800,34.8400,30.0000,31.7600,33.1500,31.0300,29.7800
603898SH,2026-03-27 14:59:00,16.1500,up,上升趋势,16.2700,13.5000,,14.9500,,14.0000,,14.8600,16.3100,15.3900
603901SH,2026-03-27 14:59:00,11.4200,down_rally,回撤,16.3800,11.1600,15.2000,11.9700,16.1900,11.2000,15.2000,11.2000,14.7800,14.6000
603900SH,2026-03-27 14:59:00,7.5900,down_natural,自然回升,11.3900,6.9400,10.0000,7.6200,10.9500,8.1100,10.2100,8.7100,10.0000,9.9500
603906SH,2026-03-27 14:59:00,22.4100,up,上升趋势,22.6000,17.0400,,19.2600,,17.6200,,19.1900,17.9200,19.8100
603909SH,2026-03-27 14:59:00,11.1200,down_secondary,次级回升,14.3100,9.8500,10.9500,11.3300,11.9000,10.5300,10.9600,11.1800,10.7100,14.2800
603903SH,2026-03-27 14:59:00,11.3700,down_natural,自然回升,17.7400,10.6000,14.4400,11.6000,15.8200,11.6600,14.4500,11.6600,14.0700,7.8200
603908SH,2026-03-27 14:59:00,22.7300,down_natural,自然回升,28.2700,20.6800,23.7100,23.3400,25.5400,22.2200,23.7200,25.5300,23.0400,26.0000
603912SH,2026-03-27 14:59:00,9.2000,up_secondary,次级回撤,10.5800,7.9000,8.4300,9.0500,9.9700,8.3300,8.7500,9.0300,9.3300,9.3000
603927SH,2026-03-27 14:59:00,16.7100,down,下跌趋势,22.4500,16.3300,18.3000,20.1300,21.8600,18.2000,18.3100,20.0500,17.7700,20.7200
603917SH,2026-03-27 14:59:00,12.9400,down_natural,自然回升,16.8800,12.0300,13.3500,13.1300,14.4200,12.7800,13.3600,14.3500,12.9700,14.9100
603918SH,2026-03-27 14:59:00,13.6600,down_natural,自然回升,23.3600,12.9200,21.2500,13.8000,22.5500,14.3200,21.2500,14.5100,20.6200,19.1000
603926SH,2026-03-27 14:59:00,17.8100,down_natural,自然回升,28.2000,17.1400,19.8100,18.3200,21.3000,15.1500,19.8800,16.8900,19.2300,17.3900
603920SH,2026-03-27 14:59:00,51.1000,down_natural,自然回升,72.6800,49.2600,65.1100,53.0000,69.2000,52.7500,65.1100,56.2000,63.1600,52.8000
603916SH,2026-03-27 14:59:00,10.5800,down_secondary,次级回升,9.6500,8.5500,8.9700,14.0700,9.5800,9.9500,8.9800,10.6900,8.7100,14.3100
603922SH,2026-03-27 14:59:00,21.0400,down_secondary,次级回升,29.3000,14.6800,27.3100,31.3600,29.2300,15.5500,27.3200,25.2700,27.0200,22.9800
603915SH,2026-03-27 14:59:00,14.5200,down,下跌趋势,19.4000,14.0800,16.4500,17.4000,17.8700,15.5800,16.5100,16.3000,15.9600,19.3600
603931SH,2026-03-27 14:59:00,27.3100,down_natural,自然回升,40.0000,25.9400,30.9200,27.7700,36.9700,29.3300,30.9300,30.3000,30.0100,38.7300
603919SH,2026-03-27 14:59:00,17.5200,down,下跌趋势,26.0800,17.0400,18.9300,23.6000,20.8000,21.4100,18.9400,23.5000,18.3700,23.9800
603956SH,2026-03-27 14:59:00,5.7600,down_natural,自然回升,7.7600,5.3100,6.9200,5.8800,7.3600,5.8700,6.9200,5.9500,6.7200,7.3400
603955SH,2026-03-27 14:59:00,24.9700,down,下跌趋势,36.5400,24.4900,31.5000,26.3000,36.3000,24.5000,31.5100,24.7000,30.6200,36.2500
603928SH,2026-03-27 14:59:00,14.4700,down_natural,自然回升,18.1600,13.6300,15.2000,14.6000,16.2000,15.7000,15.2100,17.1800,14.7600,17.8000
603929SH,2026-03-27 14:59:00,184.8500,up_natural,自然回撤,210.3000,126.5000,180.0000,189.6900,,171.1100,,188.2000,136.1000,191.1800
603939SH,2026-03-27 14:59:00,24.1300,up_secondary,次级回撤,25.8000,20.8100,23.0300,24.9400,25.3300,22.9000,23.3200,24.8000,23.2200,25.6600
603937SH,2026-03-27 14:59:00,13.7000,up_rally,回升,14.3200,11.0500,13.1500,13.1500,13.9800,12.4900,,13.3000,11.2100,13.5000
603933SH,2026-03-25 14:59:00,22.3000,down_natural,自然回升,27.6000,19.3500,22.5000,22.3000,24.0800,21.0100,22.5100,21.5100,21.8400,27.2800
603936SH,2026-03-27 14:59:00,13.3200,up_secondary,次级回撤,16.2900,11.4300,12.2200,13.7200,14.0800,12.9300,12.9000,13.7100,11.6200,14.1000
603938SH,2026-03-27 14:59:00,24.1000,down_natural,自然回升,32.0600,21.4000,25.4500,24.6800,30.8700,26.7300,25.4800,29.5000,24.8000,30.3800
603950SH,2026-03-23 14:59:00,36.7500,down,下跌趋势,57.4300,36.5800,49.3600,47.5000,55.4900,44.1100,49.5300,47.2800,48.2100,48.8800
603948SH,2026-03-27 14:59:00,26.4800,down_secondary,次级回升,26.7000,20.8200,24.5800,35.3000,26.7000,24.6000,24.6000,26.9800,24.0300,35.9700
603949SH,2026-03-27 14:59:00,17.6400,down_natural,自然回升,24.3200,16.6100,17.8600,17.7600,20.2900,21.5400,17.9000,22.8800,17.3300,23.6200
603959SH,2026-03-27 14:59:00,6.1400,up_secondary,次级回撤,7.3000,5.5200,5.5700,6.5100,6.3900,5.5600,5.9800,6.4100,5.5700,6.7000
603958SH,2026-03-27 14:59:00,20.4300,down_secondary,次级回升,23.0100,18.3000,20.0100,22.3400,21.2300,18.3500,20.0100,21.5800,19.4700,22.7100
603963SH,2025-03-20 15:00:00,1.1800,down,下跌趋势,3.4400,1.1800,3.1400,1.9600,3.3800,1.7700,3.1500,1.7700,3.0600,3.3500
603960SH,2026-03-27 14:59:00,20.4800,down_natural,自然回升,29.1000,18.5000,24.9000,21.1400,27.5000,17.6900,25.0000,19.1000,24.9000,19.6300
603979SH,2026-03-27 14:59:00,57.3600,down_rally,回撤,89.7700,52.2000,71.8000,61.1900,77.6800,56.2200,72.0000,57.5000,70.8000,72.4400
603980SH,2026-03-27 14:59:00,6.4400,down_natural,自然回升,8.9600,6.0100,7.7600,6.5700,8.8700,7.0700,7.8100,7.9800,7.6100,7.9700
603966SH,2026-03-27 14:59:00,12.0900,down_natural,自然回升,14.7200,10.9100,11.6400,12.3800,12.6900,8.5900,11.8000,10.6300,11.3000,11.6900
603969SH,2026-03-27 14:59:00,9.1300,down_natural,自然回升,11.5300,8.6400,10.2600,9.5300,11.1800,9.6800,10.3400,10.3800,9.9600,10.3400
603967SH,2026-03-27 14:59:00,13.2300,down_natural,自然回升,14.8000,11.8900,12.5000,13.3800,13.7300,10.9600,12.6100,12.0500,12.1400,12.4100
603968SH,2026-03-27 14:59:00,12.8500,down,下跌趋势,17.7500,12.4400,16.3100,13.9600,17.4700,12.8700,16.3100,13.1200,16.3100,12.5600
603970SH,2026-03-27 14:59:00,12.7700,down_natural,自然回升,15.9900,11.7800,13.8900,12.8800,15.4300,12.5800,13.9100,14.0000,13.4800,15.6200
603976SH,2026-03-27 14:59:00,19.5700,down_natural,自然回升,26.0000,17.4600,21.4300,19.6200,23.3800,17.8800,21.4500,21.4000,20.8300,23.1000
603977SH,2026-03-27 14:59:00,16.9700,up,上升趋势,17.5600,11.8400,14.4500,12.9200,17.1500,12.0200,14.7000,12.7800,13.7800,13.2800
603978SH,2026-03-27 14:59:00,25.6900,up,上升趋势,25.6900,21.3700,,23.8200,,22.8600,,24.5800,28.1900,24.7700
603983SH,2026-03-27 14:59:00,26.6700,down,下跌趋势,45.7600,25.4000,39.2600,33.6800,41.7700,30.8000,39.2600,31.6200,38.1100,44.4400
603982SH,2026-03-27 14:59:00,7.7900,down_natural,自然回升,10.1800,7.2400,9.2500,7.9700,9.8500,7.8600,9.2500,7.9100,9.2500,9.6900
603995SH,2026-03-27 14:59:00,17.5000,up_secondary,次级回撤,22.1800,17.3600,16.0600,20.3800,20.5700,18.6800,16.2600,20.3200,16.0600,20.9500
603998SH,2026-03-27 14:59:00,11.0800,down_natural,自然回升,13.5000,10.2800,10.9400,11.1200,12.8800,11.4200,10.9500,12.1200,10.6200,12.5000
603992SH,2026-03-27 14:59:00,36.8500,up_rally,回升,39.2200,28.3300,34.8000,33.1700,37.3000,31.3000,,33.2800,39.6200,33.9500
603997SH,2026-03-27 14:59:00,11.9500,down,下跌趋势,15.9500,11.8000,14.3000,13.5900,15.2800,12.7500,14.3100,12.7500,13.8800,10.9800
603991SH,2026-03-27 14:59:00,101.7900,up_natural,自然回撤,106.1000,93.0000,98.7900,100.3400,,93.6300,,100.1800,96.0000,103.2000
603996SH,2022-05-23 15:00:00,0.3900,up_rally,回升,0.4200,0.3200,0.3600,0.3600,0.4000,0.3300,,0.3500,1.6000,0.3700
603993SH,2026-03-27 14:59:00,17.5900,down_rally,回撤,24.8800,16.3200,20.2800,18.4500,21.9600,17.2100,20.2900,17.2200,19.6900,24.1000
603985SH,2026-03-27 14:59:00,19.0700,up_natural,自然回撤,20.8800,13.6800,18.6500,15.0800,20.5800,14.1000,,15.0600,15.0500,15.5300
603999SH,2026-03-27 14:59:00,6.8400,down_natural,自然回升,8.8900,6.4700,7.6000,7.1100,8.2500,7.0800,7.6100,7.0800,7.3800,8.1200
603989SH,2026-03-27 14:59:00,16.6900,down_rally,回撤,20.0800,15.5000,17.5200,17.6100,19.3500,16.5000,17.5300,16.5300,17.0500,18.4000
603987SH,2026-03-27 14:59:00,8.5700,down_natural,自然回升,10.2300,8.0400,9.1100,8.5900,9.7700,8.3100,9.1200,9.3500,8.8500,7.3400
603986SH,2026-03-27 14:59:00,258.8100,down_natural,自然回升,313.6800,240.2500,256.8800,260.1800,285.8000,270.7800,260.0000,290.0000,256.8800,298.8800
603990SH,2026-03-27 14:59:00,15.0800,down_secondary,次级回升,17.9500,13.7400,14.6300,15.7500,17.6600,14.6000,14.6600,15.7200,14.2000,15.8000
603988SH,2026-03-27 14:59:00,24.3000,down_natural,自然回升,39.9700,22.8600,29.2700,24.9000,33.3000,25.3800,29.2800,28.0700,28.4400,27.5500
